version 2
JvmtiExport can_access_local_variables 0
JvmtiExport can_hotswap_or_post_breakpoint 0
JvmtiExport can_post_on_exceptions 0
# 206 ciObject found
instanceKlass sun/java2d/marlin/Renderer
ciInstanceKlass java/lang/Cloneable 1 0 7 100 1 100 1 1 1
instanceKlass javax/swing/RepaintManager$DisplayChangedRunnable
instanceKlass java/util/WeakHashMap$HashIterator
instanceKlass  @bci sun/awt/windows/WToolkit displayChanged ()V 0 <appendix> argL0 ; # sun/awt/windows/WToolkit$$Lambda+0x00000130812e0308
instanceKlass org/java_websocket/framing/FramedataImpl1$1
instanceKlass org/java_websocket/util/ByteBufferUtils
instanceKlass java/util/Base64$Encoder
instanceKlass java/util/Base64
instanceKlass com/sun/imageio/plugins/jpeg/SOSMarkerSegment$ScanComponentSpec
instanceKlass com/sun/imageio/plugins/jpeg/SOFMarkerSegment$ComponentSpec
instanceKlass com/sun/imageio/plugins/jpeg/DHTMarkerSegment$Htable
instanceKlass com/sun/imageio/plugins/jpeg/DQTMarkerSegment$Qtable
instanceKlass com/sun/imageio/plugins/jpeg/MarkerSegment
instanceKlass com/sun/imageio/plugins/common/ImageUtil
instanceKlass javax/imageio/metadata/IIOMetadata
instanceKlass javax/imageio/IIOImage
instanceKlass com/sun/imageio/plugins/jpeg/JPEGImageWriter$JPEGWriterDisposerRecord
instanceKlass com/sun/imageio/plugins/jpeg/JPEGImageWriter$CallBackLock
instanceKlass javax/imageio/plugins/jpeg/JPEGHuffmanTable
instanceKlass javax/imageio/plugins/jpeg/JPEGQTable
instanceKlass com/sun/imageio/plugins/jpeg/JPEGImageWriter$1
instanceKlass javax/imageio/ImageIO$ImageWriterIterator
instanceKlass javax/imageio/spi/FilterIterator
instanceKlass javax/imageio/ImageIO$CanEncodeImageAndFormatFilter
instanceKlass javax/imageio/spi/ServiceRegistry$Filter
instanceKlass  @bci com/sun/imageio/stream/StreamCloser addToQueue (Lcom/sun/imageio/stream/StreamCloser$CloseAction;)V 45 <appendix> member <vmtarget> ; # com/sun/imageio/stream/StreamCloser$$Lambda+0x00000130812da528
instanceKlass com/sun/imageio/stream/StreamCloser$1
instanceKlass com/sun/imageio/stream/StreamCloser$CloseAction
instanceKlass com/sun/imageio/stream/StreamCloser
instanceKlass sun/nio/fs/WindowsChannelFactory$2
instanceKlass sun/nio/fs/WindowsPath$1
instanceKlass java/nio/file/TempFileHelper
instanceKlass javax/imageio/stream/ImageInputStreamImpl
instanceKlass javax/imageio/ImageIO$CacheInfo
instanceKlass javax/imageio/spi/PartialOrderIterator
instanceKlass javax/imageio/ImageWriter
instanceKlass javax/imageio/ImageTranscoder
instanceKlass javax/imageio/ImageTypeSpecifier
instanceKlass javax/imageio/metadata/IIOMetadataFormat
instanceKlass javax/imageio/ImageReader
instanceKlass javax/imageio/spi/IIORegistry$1
instanceKlass com/sun/imageio/plugins/jpeg/JPEG
instanceKlass javax/imageio/stream/ImageOutputStream
instanceKlass javax/imageio/spi/DigraphNode
instanceKlass javax/imageio/stream/ImageInputStream
instanceKlass javax/imageio/spi/SubRegistry
instanceKlass javax/imageio/spi/IIOServiceProvider
instanceKlass javax/imageio/spi/RegisterableService
instanceKlass javax/imageio/spi/ServiceRegistry
instanceKlass javax/imageio/ImageIO
instanceKlass org/bytedeco/javacv/Frame
instanceKlass org/bytedeco/javacpp/annotation/Opaque
instanceKlass org/bytedeco/videoinput/presets/videoInputLib
instanceKlass org/bytedeco/javacpp/PointerScope
instanceKlass org/bytedeco/javacpp/annotation/NoOffset
instanceKlass org/bytedeco/javacpp/annotation/NoException
instanceKlass org/bytedeco/openblas/presets/openblas_nolapack
instanceKlass org/bytedeco/javacpp/Pointer$ReferenceCounter
instanceKlass org/bytedeco/javacpp/Pointer$Deallocator
instanceKlass java/text/BreakIterator
instanceKlass sun/nio/fs/WindowsLinkSupport
instanceKlass javax/swing/text/GlyphView$GlyphPainter
instanceKlass java/lang/ProcessEnvironment$CheckedEntry
instanceKlass java/lang/ProcessEnvironment$CheckedEntrySet$1
instanceKlass java/lang/ProcessEnvironment$EntryComparator
instanceKlass java/lang/ProcessEnvironment$NameComparator
instanceKlass  @bci java/util/ArrayDeque copyElements (Ljava/util/Collection;)V 2 <appendix> member <vmtarget> ; # java/util/ArrayDeque$$Lambda+0x00000130812cd080
instanceKlass java/lang/Class$AnnotationData
instanceKlass org/bytedeco/javacpp/presets/javacpp
instanceKlass java/lang/annotation/Target
instanceKlass java/lang/reflect/Proxy$ProxyBuilder$1
instanceKlass jdk/internal/org/objectweb/asm/Edge
instanceKlass  @bci java/lang/reflect/ProxyGenerator addProxyMethod (Ljava/lang/reflect/Method;Ljava/lang/Class;)V 23 <appendix> argL0 ; # java/lang/reflect/ProxyGenerator$$Lambda+0x00000130812cbd28
instanceKlass  @bci java/lang/reflect/ProxyGenerator addProxyMethod (Ljava/lang/reflect/ProxyGenerator$ProxyMethod;)V 10 <appendix> argL0 ; # java/lang/reflect/ProxyGenerator$$Lambda+0x00000130812cbaf0
instanceKlass java/lang/reflect/ProxyGenerator$ProxyMethod
instanceKlass  @bci java/lang/reflect/Proxy getLoader (Ljava/lang/Module;)Ljava/lang/ClassLoader; 6 <appendix> member <vmtarget> ; # java/lang/reflect/Proxy$$Lambda+0x00000130812cb3b0
instanceKlass  @bci java/lang/WeakPairMap computeIfAbsent (Ljava/lang/Object;Ljava/lang/Object;Ljava/util/function/BiFunction;)Ljava/lang/Object; 18 <appendix> member <vmtarget> ; # java/lang/WeakPairMap$$Lambda+0x00000130812caf68
instanceKlass  @bci java/lang/Module implAddExportsOrOpens (Ljava/lang/String;Ljava/lang/Module;ZZ)V 145 <appendix> argL0 ; # java/lang/Module$$Lambda+0x00000130812cad40
instanceKlass  @bci java/lang/module/ModuleDescriptor$Builder packages (Ljava/util/Set;)Ljava/lang/module/ModuleDescriptor$Builder; 17 <appendix> argL0 ; # java/lang/module/ModuleDescriptor$Builder$$Lambda+0x800000002
instanceKlass java/lang/module/ModuleDescriptor$Builder
instanceKlass  @bci java/lang/reflect/Proxy$ProxyBuilder getDynamicModule (Ljava/lang/ClassLoader;)Ljava/lang/Module; 4 <appendix> argL0 ; # java/lang/reflect/Proxy$ProxyBuilder$$Lambda+0x00000130812ca408
instanceKlass java/lang/PublicMethods
instanceKlass java/lang/reflect/Proxy$ProxyBuilder
instanceKlass  @bci java/lang/reflect/Proxy getProxyConstructor (Ljava/lang/Class;Ljava/lang/ClassLoader;[Ljava/lang/Class;)Ljava/lang/reflect/Constructor; 35 <appendix> argL0 ; # java/lang/reflect/Proxy$$Lambda+0x00000130812c9b90
instanceKlass java/lang/reflect/Proxy
instanceKlass sun/reflect/annotation/AnnotationInvocationHandler
instanceKlass sun/reflect/annotation/AnnotationParser$1
instanceKlass java/lang/annotation/Documented
instanceKlass java/lang/annotation/Inherited
instanceKlass java/lang/annotation/Retention
instanceKlass  @bci sun/reflect/annotation/AnnotationParser parseClassArray (ILjava/nio/ByteBuffer;Ljdk/internal/reflect/ConstantPool;Ljava/lang/Class;)Ljava/lang/Object; 10 <appendix> member <vmtarget> ; # sun/reflect/annotation/AnnotationParser$$Lambda+0x00000130812c8240
instanceKlass sun/reflect/annotation/ExceptionProxy
instanceKlass  @bci sun/reflect/annotation/AnnotationParser parseAnnotationArray (ILjava/lang/Class;Ljava/nio/ByteBuffer;Ljdk/internal/reflect/ConstantPool;Ljava/lang/Class;)Ljava/lang/Object; 15 <appendix> member <vmtarget> ; # sun/reflect/annotation/AnnotationParser$$Lambda+0x00000130812c7e18
instanceKlass org/bytedeco/javacpp/annotation/Platform
instanceKlass sun/reflect/annotation/AnnotationType$1
instanceKlass sun/reflect/annotation/AnnotationType
instanceKlass java/lang/reflect/GenericArrayType
instanceKlass sun/reflect/generics/visitor/Reifier
instanceKlass sun/reflect/generics/visitor/TypeTreeVisitor
instanceKlass sun/reflect/generics/factory/CoreReflectionFactory
instanceKlass sun/reflect/generics/factory/GenericsFactory
instanceKlass sun/reflect/generics/scope/AbstractScope
instanceKlass sun/reflect/generics/scope/Scope
instanceKlass sun/reflect/generics/tree/ClassTypeSignature
instanceKlass sun/reflect/generics/tree/SimpleClassTypeSignature
instanceKlass sun/reflect/generics/tree/FieldTypeSignature
instanceKlass sun/reflect/generics/tree/BaseType
instanceKlass sun/reflect/generics/tree/TypeSignature
instanceKlass sun/reflect/generics/tree/ReturnType
instanceKlass sun/reflect/generics/tree/TypeArgument
instanceKlass sun/reflect/generics/tree/TypeTree
instanceKlass sun/reflect/generics/tree/Tree
instanceKlass sun/reflect/generics/parser/SignatureParser
instanceKlass org/bytedeco/javacpp/annotation/Properties
instanceKlass  @bci java/lang/SecurityManager nonExportedPkgs (Ljava/lang/module/ModuleDescriptor;)Ljava/util/Set; 92 <appendix> member <vmtarget> ; # java/lang/SecurityManager$$Lambda+0x00000130812c4a28
instanceKlass  @bci java/lang/SecurityManager nonExportedPkgs (Ljava/lang/module/ModuleDescriptor;)Ljava/util/Set; 76 <appendix> argL0 ; # java/lang/SecurityManager$$Lambda+0x00000130812c47f0
instanceKlass  @bci java/lang/SecurityManager nonExportedPkgs (Ljava/lang/module/ModuleDescriptor;)Ljava/util/Set; 66 <appendix> argL0 ; # java/lang/SecurityManager$$Lambda+0x00000130812c45a8
instanceKlass  @bci java/lang/SecurityManager nonExportedPkgs (Ljava/lang/module/ModuleDescriptor;)Ljava/util/Set; 47 <appendix> member <vmtarget> ; # java/lang/SecurityManager$$Lambda+0x00000130812c4378
instanceKlass  @bci java/lang/SecurityManager nonExportedPkgs (Ljava/lang/module/ModuleDescriptor;)Ljava/util/Set; 31 <appendix> argL0 ; # java/lang/SecurityManager$$Lambda+0x00000130812c4140
instanceKlass  @bci java/lang/SecurityManager nonExportedPkgs (Ljava/lang/module/ModuleDescriptor;)Ljava/util/Set; 21 <appendix> argL0 ; # java/lang/SecurityManager$$Lambda+0x00000130812c3ef8
instanceKlass  @cpi java/lang/SecurityManager 539 form vmentry <vmtarget> ; # java/lang/invoke/LambdaForm$DMH+0x0000013081291800
instanceKlass  @bci java/lang/SecurityManager addNonExportedPackages (Ljava/lang/ModuleLayer;)V 59 <appendix> argL0 ; # java/lang/SecurityManager$$Lambda+0x00000130812c3cd0
instanceKlass  @bci java/lang/SecurityManager addNonExportedPackages (Ljava/lang/ModuleLayer;)V 49 <appendix> argL0 ; # java/lang/SecurityManager$$Lambda+0x00000130812c3a98
instanceKlass  @bci java/lang/SecurityManager addNonExportedPackages (Ljava/lang/ModuleLayer;)V 39 <appendix> argL0 ; # java/lang/SecurityManager$$Lambda+0x00000130812c3860
instanceKlass  @bci java/lang/SecurityManager addNonExportedPackages (Ljava/lang/ModuleLayer;)V 29 <appendix> member <vmtarget> ; # java/lang/SecurityManager$$Lambda+0x00000130812c3610
instanceKlass  @cpi java/lang/SecurityManager 518 form vmentry <vmtarget> ; # java/lang/invoke/LambdaForm$DMH+0x0000013081291400
# instanceKlass java/lang/invoke/LambdaForm$DMH+0x0000013081291000
instanceKlass  @bci java/lang/SecurityManager addNonExportedPackages (Ljava/lang/ModuleLayer;)V 17 <appendix> argL0 ; # java/lang/SecurityManager$$Lambda+0x00000130812c33d8
instanceKlass org/bytedeco/javacpp/Loader$Detector
instanceKlass org/bytedeco/javacpp/tools/Logger
instanceKlass java/nio/file/FileVisitor
instanceKlass org/bytedeco/javacpp/Loader
instanceKlass sun/awt/image/PNGImageDecoder$Chromaticities
instanceKlass  @bci sun/swing/SwingUtilities2 lambda$makeIcon$1 (ZLjava/lang/Class;Ljava/lang/Class;Ljava/lang/String;Ljavax/swing/UIDefaults;)Ljava/lang/Object; 7 <appendix> member <vmtarget> ; # sun/swing/SwingUtilities2$$Lambda+0x00000130812c1e80
instanceKlass org/bytedeco/opencv/presets/opencv_core
instanceKlass  @bci org/example/client/LivestreamClientJFrame jbtCreateRoomActionPerformed (Ljava/awt/event/ActionEvent;)V 206 <adapter> ; # java/lang/invoke/LambdaForm$MH+0x0000013081290c00
instanceKlass org/bytedeco/javacpp/tools/InfoMapper
# instanceKlass java/lang/invoke/LambdaForm$DMH+0x0000013081290800
instanceKlass org/bytedeco/javacpp/LoadEnabled
instanceKlass  @bci org/example/client/LivestreamClientJFrame jbtCreateRoomActionPerformed (Ljava/awt/event/ActionEvent;)V 206 <appendix> form vmentry <vmtarget> ; # java/lang/invoke/LambdaForm$MH+0x0000013081290400
# instanceKlass java/lang/invoke/LambdaForm$MH+0x0000013081290000
instanceKlass  @bci org/example/client/LivestreamClientJFrame jbtCreateRoomActionPerformed (Ljava/awt/event/ActionEvent;)V 206 <appendix> form names 10 function resolvedHandle form vmentry <vmtarget> ; # java/lang/invoke/LambdaForm$DMH+0x000001308128bc00
instanceKlass  @bci org/example/client/LivestreamClientJFrame jbtCreateRoomActionPerformed (Ljava/awt/event/ActionEvent;)V 206 <appendix> argL3 form vmentry <vmtarget> ; # java/lang/invoke/LambdaForm$MH+0x000001308128b800
instanceKlass java/util/concurrent/Executors$RunnableAdapter
# instanceKlass java/lang/invoke/LambdaForm$MH+0x000001308128b400
instanceKlass java/util/concurrent/FutureTask$WaitNode
instanceKlass java/util/concurrent/FutureTask
# instanceKlass java/lang/invoke/LambdaForm$MH+0x000001308128b000
instanceKlass org/java_websocket/AbstractWebSocket$1
# instanceKlass java/lang/invoke/LambdaForm$MH+0x000001308128ac00
# instanceKlass java/lang/invoke/LambdaForm$MH+0x000001308128a800
instanceKlass java/util/concurrent/RunnableScheduledFuture
instanceKlass  @bci org/example/client/LivestreamClientJFrame jbtCreateRoomActionPerformed (Ljava/awt/event/ActionEvent;)V 206 <appendix> form names 14 function resolvedHandle form vmentry <vmtarget> ; # java/lang/invoke/LambdaForm$DMH+0x000001308128a400
instanceKlass java/util/concurrent/ScheduledFuture
instanceKlass java/util/concurrent/RunnableFuture
instanceKlass java/util/concurrent/Future
instanceKlass  @bci org/example/client/LivestreamClientJFrame jbtCreateRoomActionPerformed (Ljava/awt/event/ActionEvent;)V 206 <appendix> argL1 form vmentry <vmtarget> ; # java/lang/invoke/LambdaForm$MH+0x000001308128a000
# instanceKlass java/lang/invoke/LambdaForm$MH+0x0000013081289c00
instanceKlass java/util/concurrent/ScheduledExecutorService
instanceKlass org/java_websocket/util/NamedThreadFactory
# instanceKlass java/lang/invoke/LambdaForm$MH+0x0000013081289800
# instanceKlass java/lang/invoke/LambdaForm$MH+0x0000013081289400
instanceKlass  @bci org/example/client/LivestreamClientJFrame listenForMulticastMessages (Ljava/lang/String;I)V 6 <appendix> form vmentry <vmtarget> ; # java/lang/invoke/LambdaForm$DMH+0x0000013081289000
instanceKlass  @bci org/example/client/LivestreamClientJFrame listenForMulticastMessages (Ljava/lang/String;I)V 6 <appendix> member <vmtarget> ; # org/example/client/LivestreamClientJFrame$$Lambda+0x000001308128c2f0
instanceKlass  @cpi org/example/client/LivestreamClientJFrame 1131 form vmentry <vmtarget> ; # java/lang/invoke/LambdaForm$DMH+0x0000013081288c00
instanceKlass java/nio/channels/MembershipKey
instanceKlass sun/nio/ch/Net$2
instanceKlass sun/nio/ch/MembershipRegistry
instanceKlass java/util/concurrent/Executors$DefaultThreadFactory
instanceKlass  @bci sun/nio/ch/DatagramSocketAdaptor$NetworkInterfaces newNetworkInterface (Ljava/lang/String;I[Ljava/net/InetAddress;)Ljava/net/NetworkInterface; 6 <adapter> ; # java/lang/invoke/LambdaForm$MH+0x0000013081288800
# instanceKlass java/lang/invoke/LambdaForm$DMH+0x0000013081288400
instanceKlass org/java_websocket/client/WebSocketClient$WebsocketWriteThread
# instanceKlass java/lang/invoke/LambdaForm$DMH+0x0000013081288000
instanceKlass  @bci sun/nio/ch/DatagramSocketAdaptor$NetworkInterfaces <clinit> ()V 0 <appendix> argL0 ; # sun/nio/ch/DatagramSocketAdaptor$NetworkInterfaces$$Lambda+0x000001308126e288
instanceKlass org/bytedeco/javacpp/Pointer
instanceKlass org/java_websocket/util/Charsetfunctions
instanceKlass sun/nio/ch/DatagramSocketAdaptor$NetworkInterfaces
instanceKlass org/bytedeco/javacpp/indexer/Indexable
instanceKlass org/java_websocket/util/Base64
instanceKlass javax/accessibility/AccessibleRelationSet
instanceKlass javax/accessibility/AccessibleContext$1
instanceKlass sun/awt/AWTAccessor$AccessibleContextAccessor
instanceKlass javax/accessibility/AccessibleValue
instanceKlass javax/accessibility/AccessibleComponent
instanceKlass org/java_websocket/handshake/HandshakedataImpl1
instanceKlass org/bytedeco/javacv/FrameConverter
instanceKlass java/util/concurrent/Callable
instanceKlass  @bci org/example/client/UI/RoomOwnerPanel1 startVideoStream ()V 5 <appendix> member <vmtarget> ; # org/example/client/UI/RoomOwnerPanel1$$Lambda+0x0000013081284778
instanceKlass org/java_websocket/WebSocketImpl
instanceKlass org/java_websocket/client/WebSocketClient$1
instanceKlass java/util/concurrent/CountDownLatch
instanceKlass org/java_websocket/extensions/DefaultExtension
instanceKlass org/slf4j/impl/OutputChoice
instanceKlass org/slf4j/impl/SimpleLoggerConfiguration$1
instanceKlass org/slf4j/impl/SimpleLoggerConfiguration
instanceKlass org/slf4j/helpers/NamedLoggerBase
instanceKlass org/slf4j/impl/SimpleLoggerFactory
instanceKlass org/slf4j/impl/StaticLoggerBinder
instanceKlass org/slf4j/spi/LoggerFactoryBinder
instanceKlass org/slf4j/helpers/Util
instanceKlass org/slf4j/helpers/NOPLoggerFactory
instanceKlass org/slf4j/Logger
instanceKlass org/slf4j/helpers/SubstituteLoggerFactory
instanceKlass org/slf4j/event/LoggingEvent
instanceKlass org/slf4j/ILoggerFactory
instanceKlass org/slf4j/LoggerFactory
instanceKlass org/java_websocket/protocols/Protocol
instanceKlass org/java_websocket/protocols/IProtocol
instanceKlass org/java_websocket/extensions/IExtension
instanceKlass org/java_websocket/framing/FramedataImpl1
instanceKlass org/example/utils/Constants
instanceKlass org/java_websocket/handshake/ClientHandshakeBuilder
instanceKlass org/java_websocket/handshake/ClientHandshake
instanceKlass org/java_websocket/drafts/Draft
instanceKlass org/java_websocket/client/DnsResolver
instanceKlass org/java_websocket/handshake/ServerHandshakeBuilder
instanceKlass org/java_websocket/handshake/ServerHandshake
instanceKlass org/java_websocket/handshake/HandshakeBuilder
instanceKlass org/java_websocket/handshake/Handshakedata
instanceKlass org/java_websocket/framing/Framedata
instanceKlass org/example/client/UI/RoomOwnerPanel1$CloseRoomActionListener
instanceKlass org/example/client/UI/RoomOwnerPanel1$SendCommentActionListener
instanceKlass  @bci org/example/client/UI/RoomOwnerPanel1 <init> ()V 468 <appendix> member <vmtarget> ; # org/example/client/UI/RoomOwnerPanel1$$Lambda+0x0000013081269530
instanceKlass  @bci org/example/client/UI/RoomOwnerPanel1 <init> ()V 430 <appendix> member <vmtarget> ; # org/example/client/UI/RoomOwnerPanel1$$Lambda+0x0000013081269310
instanceKlass  @bci org/example/client/UI/RoomOwnerPanel1 <init> ()V 388 <appendix> member <vmtarget> ; # org/example/client/UI/RoomOwnerPanel1$$Lambda+0x000001308125bda8
instanceKlass  @cpi org/example/client/UI/RoomOwnerPanel1 1120 form vmentry <vmtarget> ; # java/lang/invoke/LambdaForm$DMH+0x0000013081264400
instanceKlass javax/swing/MenuElement
instanceKlass java/awt/event/KeyAdapter
instanceKlass javax/swing/event/MenuKeyListener
instanceKlass java/awt/event/MouseMotionAdapter
instanceKlass javax/swing/ToolTipManager$stillInsideTimerAction
instanceKlass javax/swing/ToolTipManager$outsideTimerAction
instanceKlass javax/swing/ToolTipManager$insideTimerAction
instanceKlass javax/swing/text/TabableView
instanceKlass javax/swing/text/FlowView$FlowStrategy
instanceKlass javax/swing/text/DefaultStyledDocument$AbstractChangeHandler
instanceKlass javax/swing/text/DefaultStyledDocument$ElementBuffer
instanceKlass javax/swing/text/StyledEditorKit$AttributeTracker
instanceKlass javax/swing/event/CaretListener
instanceKlass javax/swing/text/StyledEditorKit$StyledViewFactory
instanceKlass javax/swing/plaf/metal/MetalScrollPaneUI$1
instanceKlass javax/swing/plaf/basic/BasicScrollPaneUI$Handler
instanceKlass javax/swing/plaf/basic/BasicScrollBarUI$ScrollListener
instanceKlass javax/swing/plaf/basic/BasicScrollBarUI$Handler
instanceKlass javax/swing/plaf/basic/BasicScrollBarUI$PropertyChangeHandler
instanceKlass javax/swing/plaf/basic/BasicScrollBarUI$ModelListener
instanceKlass javax/swing/plaf/metal/MetalBumps
instanceKlass javax/swing/JScrollBar$ModelListener
instanceKlass java/awt/Adjustable
instanceKlass javax/swing/ViewportLayout
instanceKlass javax/swing/ScrollPaneLayout
instanceKlass javax/swing/plaf/basic/BasicProgressBarUI$Handler
instanceKlass javax/swing/JProgressBar$ModelListener
instanceKlass javax/sound/sampled/Line$Info
instanceKlass org/java_websocket/WebSocketAdapter
instanceKlass org/java_websocket/WebSocketListener
instanceKlass org/java_websocket/WebSocket
instanceKlass org/bytedeco/javacv/FrameGrabber
instanceKlass sun/security/util/ManifestEntryVerifier
instanceKlass  @bci org/example/client/LivestreamClientJFrame createRoom (Ljava/lang/String;Ljava/lang/String;ILjava/lang/String;)V 14 <adapter> ; # java/lang/invoke/LambdaForm$MH+0x0000013081264000
# instanceKlass java/lang/invoke/LambdaForm$DMH+0x0000013081263c00
instanceKlass  @bci org/example/client/LivestreamClientJFrame createRoom (Ljava/lang/String;Ljava/lang/String;ILjava/lang/String;)V 14 <appendix> form vmentry <vmtarget> ; # java/lang/invoke/LambdaForm$MH+0x0000013081263800
# instanceKlass java/lang/invoke/LambdaForm$MH+0x0000013081263400
instanceKlass  @bci org/example/client/LivestreamClientJFrame createRoom (Ljava/lang/String;Ljava/lang/String;ILjava/lang/String;)V 14 <appendix> argL5 form vmentry <vmtarget> ; # java/lang/invoke/LambdaForm$MH+0x0000013081263000
# instanceKlass java/lang/invoke/LambdaForm$MH+0x0000013081262c00
# instanceKlass java/lang/invoke/LambdaForm$MH+0x0000013081262800
# instanceKlass java/lang/invoke/LambdaForm$MH+0x0000013081262400
instanceKlass  @bci org/example/client/LivestreamClientJFrame createRoom (Ljava/lang/String;Ljava/lang/String;ILjava/lang/String;)V 14 <appendix> argL4 form vmentry <vmtarget> ; # java/lang/invoke/LambdaForm$MH+0x0000013081262000
# instanceKlass java/lang/invoke/LambdaForm$MH+0x0000013081261c00
# instanceKlass java/lang/invoke/LambdaForm$MH+0x0000013081261800
# instanceKlass java/lang/invoke/LambdaForm$MH+0x0000013081261400
instanceKlass  @bci org/example/client/LivestreamClientJFrame createRoom (Ljava/lang/String;Ljava/lang/String;ILjava/lang/String;)V 14 <appendix> argL2 form vmentry <vmtarget> ; # java/lang/invoke/LambdaForm$MH+0x0000013081261000
# instanceKlass java/lang/invoke/LambdaForm$MH+0x0000013081260c00
# instanceKlass java/lang/invoke/LambdaForm$MH+0x0000013081260800
# instanceKlass java/lang/invoke/LambdaForm$MH+0x0000013081260400
instanceKlass  @bci org/example/client/LivestreamClientJFrame createRoom (Ljava/lang/String;Ljava/lang/String;ILjava/lang/String;)V 14 <appendix> argL1 form vmentry <vmtarget> ; # java/lang/invoke/LambdaForm$MH+0x0000013081260000
# instanceKlass java/lang/invoke/LambdaForm$MH+0x000001308125fc00
# instanceKlass java/lang/invoke/LambdaForm$MH+0x000001308125f800
# instanceKlass java/lang/invoke/LambdaForm$MH+0x000001308125f400
instanceKlass  @bci org/example/client/LivestreamClientJFrame generateRandomMulticastAddress ()Ljava/lang/String; 46 <adapter> ; # java/lang/invoke/LambdaForm$MH+0x000001308125f000
# instanceKlass java/lang/invoke/LambdaForm$DMH+0x000001308125ec00
instanceKlass  @bci org/example/client/LivestreamClientJFrame generateRandomMulticastAddress ()Ljava/lang/String; 46 <appendix> form vmentry <vmtarget> ; # java/lang/invoke/LambdaForm$MH+0x000001308125e800
instanceKlass  @bci org/example/client/LivestreamClientJFrame generateRandomMulticastAddress ()Ljava/lang/String; 46 <appendix> form names 6 function resolvedHandle form vmentry <vmtarget> ; # java/lang/invoke/LambdaForm$DMH+0x000001308125e400
instanceKlass  @bci org/example/client/LivestreamClientJFrame generateRandomMulticastAddress ()Ljava/lang/String; 46 <appendix> argL3 form vmentry <vmtarget> ; # java/lang/invoke/LambdaForm$MH+0x000001308125e000
# instanceKlass java/lang/invoke/LambdaForm$MH+0x000001308125dc00
instanceKlass  @bci org/example/client/LivestreamClientJFrame generateRandomMulticastAddress ()Ljava/lang/String; 46 <appendix> argL3 form names 7 function resolvedHandle form vmentry <vmtarget> ; # java/lang/invoke/LambdaForm$DMH+0x000001308125d800
# instanceKlass java/lang/invoke/LambdaForm$MH+0x000001308125d400
# instanceKlass java/lang/invoke/LambdaForm$MH+0x000001308125d000
# instanceKlass java/lang/invoke/LambdaForm$MH+0x000001308125cc00
instanceKlass  @bci org/example/client/LivestreamClientJFrame generateRandomMulticastAddress ()Ljava/lang/String; 46 <appendix> form names 10 function resolvedHandle form vmentry <vmtarget> ; # java/lang/invoke/LambdaForm$DMH+0x000001308125c800
instanceKlass  @bci org/example/client/LivestreamClientJFrame generateRandomMulticastAddress ()Ljava/lang/String; 46 <appendix> argL1 form vmentry <vmtarget> ; # java/lang/invoke/LambdaForm$MH+0x000001308125c400
# instanceKlass java/lang/invoke/LambdaForm$MH+0x000001308125c000
# instanceKlass java/lang/invoke/LambdaForm$MH+0x0000013081255c00
# instanceKlass java/lang/invoke/LambdaForm$MH+0x0000013081255800
instanceKlass java/lang/Math$RandomNumberGeneratorHolder
instanceKlass java/awt/Window$1DisposeAction
instanceKlass sun/awt/SunToolkit$1
instanceKlass java/awt/KeyboardFocusManager$2
instanceKlass sun/java2d/loops/GraphicsPrimitive$GeneralBinaryOp
instanceKlass sun/java2d/d3d/D3DPaints
instanceKlass java/awt/GradientPaint
instanceKlass sun/swing/ImageCache$Entry
instanceKlass sun/swing/ImageCache
instanceKlass sun/swing/CachedPainter
instanceKlass java/awt/WaitDispatchSupport$4
instanceKlass java/awt/WaitDispatchSupport$2
instanceKlass java/awt/WaitDispatchSupport$1
instanceKlass java/awt/WaitDispatchSupport$5
instanceKlass java/awt/WaitDispatchSupport
instanceKlass java/awt/SecondaryLoop
instanceKlass  @bci java/awt/Dialog show ()V 205 <appendix> argL0 ; # java/awt/Dialog$$Lambda+0x0000013081236690
instanceKlass  @cpi java/awt/Dialog 857 form vmentry <vmtarget> ; # java/lang/invoke/LambdaForm$DMH+0x0000013081255400
instanceKlass  @bci java/awt/Dialog show ()V 189 <appendix> member <vmtarget> ; # java/awt/Dialog$$Lambda+0x0000013081236470
instanceKlass java/awt/ModalEventFilter$1
instanceKlass java/awt/peer/FileDialogPeer
instanceKlass java/awt/event/ComponentAdapter
instanceKlass java/awt/event/WindowAdapter
instanceKlass javax/swing/JOptionPane$1
instanceKlass java/awt/GridBagLayoutInfo
instanceKlass javax/swing/SizeRequirements
instanceKlass javax/sound/sampled/LineListener
# instanceKlass java/lang/invoke/LambdaForm$MH+0x0000013081255000
# instanceKlass java/lang/invoke/LambdaForm$MH+0x0000013081254c00
# instanceKlass java/lang/invoke/LambdaForm$MH+0x0000013081254800
instanceKlass java/awt/peer/DialogPeer
instanceKlass javax/swing/KeyboardManager$ComponentKeyStrokePair
instanceKlass javax/swing/plaf/basic/BasicOptionPaneUI$Handler
instanceKlass javax/swing/plaf/basic/BasicOptionPaneUI$2
instanceKlass javax/swing/plaf/basic/BasicOptionPaneUI$ButtonActionListener
instanceKlass javax/swing/plaf/basic/BasicOptionPaneUI$ButtonFactory
instanceKlass javax/swing/plaf/basic/BasicOptionPaneUI$ButtonAreaLayout
instanceKlass javax/swing/ScrollPaneConstants
instanceKlass java/awt/GridBagConstraints
instanceKlass java/awt/GridBagLayout
instanceKlass javax/swing/BoxLayout
instanceKlass java/awt/GridLayout
instanceKlass java/awt/LightweightDispatcher$2
instanceKlass sun/java2d/loops/ProcessPath$Edge
instanceKlass sun/java2d/loops/ProcessPath$ActiveEdgeList
instanceKlass sun/java2d/loops/ProcessPath$Point
instanceKlass java/awt/geom/Path2D$Iterator
instanceKlass sun/java2d/loops/ProcessPath$FillData
instanceKlass sun/java2d/loops/ProcessPath$ProcessHandler
instanceKlass sun/java2d/loops/ProcessPath$1
instanceKlass sun/java2d/loops/ProcessPath$EndSubPathHandler
instanceKlass sun/java2d/loops/ProcessPath
instanceKlass java/awt/geom/RectIterator
instanceKlass  @bci javax/swing/border/LineBorder paintBorder (Ljava/awt/Component;Ljava/awt/Graphics;IIII)V 10 <appendix> member <vmtarget> ; # javax/swing/border/LineBorder$$Lambda+0x0000013081228fb8
instanceKlass  @cpi javax/swing/border/LineBorder 153 form vmentry <vmtarget> ; # java/lang/invoke/LambdaForm$DMH+0x0000013081254400
instanceKlass com/sun/java/swing/SwingUtilities3$UnscaledBorderPainter
instanceKlass java/lang/Throwable$PrintStreamOrWriter
instanceKlass javax/swing/GroupLayout$1
instanceKlass javax/swing/GroupLayout$SpringDelta
instanceKlass javax/swing/plaf/basic/BasicGraphicsUtils
instanceKlass javax/swing/plaf/metal/MetalLookAndFeel$1
instanceKlass javax/swing/LayoutStyle
instanceKlass javax/swing/GroupLayout$AutoPreferredGapMatch
instanceKlass org/example/client/LivestreamClientJFrame$6
instanceKlass org/example/client/LivestreamClientJFrame$5
instanceKlass org/example/client/LivestreamClientJFrame$4
instanceKlass  @bci org/example/client/LivestreamClient updateRoomList (Ljava/lang/String;)V 1 <appendix> member <vmtarget> ; # org/example/client/LivestreamClient$$Lambda+0x0000013081253b68
instanceKlass org/example/client/LivestreamClientJFrame$3
instanceKlass org/example/client/LivestreamClientJFrame$2
instanceKlass org/example/client/LivestreamClientJFrame$1
instanceKlass javax/swing/GroupLayout$ComponentInfo
instanceKlass javax/swing/GroupLayout
instanceKlass javax/swing/BorderFactory
instanceKlass javax/swing/plaf/basic/BasicTabbedPaneUI$Handler
instanceKlass javax/swing/plaf/basic/BasicTabbedPaneUI$TabbedPaneLayout
instanceKlass javax/swing/JTabbedPane$ModelListener
instanceKlass javax/swing/DefaultSingleSelectionModel
instanceKlass javax/swing/SingleSelectionModel
instanceKlass org/example/config/ServerConfig
instanceKlass java/net/InetAddress$CachedLocalHost
instanceKlass java/util/concurrent/atomic/Striped64$1
instanceKlass jdk/internal/util/random/RandomSupport
instanceKlass java/net/InetAddress$CachedLookup
instanceKlass sun/net/InetAddressCachePolicy$1
instanceKlass sun/net/InetAddressCachePolicy
instanceKlass  @bci java/net/InetAddress getAddressesFromNameService (Ljava/lang/String;)[Ljava/net/InetAddress; 94 <appendix> argL0 ; # java/net/InetAddress$$Lambda+0x00000130812204e8
instanceKlass  @bci java/net/InetAddress loadResolver ()Ljava/net/spi/InetAddressResolver; 8 <appendix> argL0 ; # java/net/InetAddress$$Lambda+0x00000130812202b0
instanceKlass java/net/spi/InetAddressResolverProvider
instanceKlass java/net/InetAddress$NameServiceAddresses
instanceKlass java/net/InetAddress$Addresses
instanceKlass java/util/concurrent/ConcurrentSkipListMap$Iter
instanceKlass javax/swing/GroupLayout$Spring
instanceKlass  @bci com/mysql/cj/jdbc/ConnectionImpl realClose (ZZZLjava/lang/Throwable;)V 241 <appendix> argL0 ; # com/mysql/cj/jdbc/ConnectionImpl$$Lambda+0x00000130812530c8
instanceKlass  @cpi com/mysql/cj/jdbc/ConnectionImpl 1521 form vmentry <vmtarget> ; # java/lang/invoke/LambdaForm$DMH+0x0000013081254000
instanceKlass java/lang/StackTraceElement$HashedModules
instanceKlass sun/security/ssl/Alert$AlertConsumer
instanceKlass org/example/server/model/User
instanceKlass com/mysql/cj/result/DefaultValueFactory
instanceKlass com/mysql/cj/protocol/a/StringValueEncoder$1
instanceKlass  @bci com/mysql/cj/jdbc/ClientPreparedStatement initializeFromQueryInfo ()V 52 <appendix> argL0 ; # com/mysql/cj/jdbc/ClientPreparedStatement$$Lambda+0x000001308124dc38
instanceKlass com/mysql/cj/NativeQueryBindValue
instanceKlass com/mysql/cj/BindValue
instanceKlass com/mysql/cj/NativeQueryBindings
instanceKlass com/mysql/cj/QueryInfo
instanceKlass com/mysql/cj/NativeQueryAttributesBindings
instanceKlass com/mysql/cj/CancelQueryTask
instanceKlass java/util/TimerTask
instanceKlass com/mysql/cj/QueryAttributesBindings
instanceKlass com/mysql/cj/AbstractQuery
instanceKlass com/mysql/cj/PreparedQuery
instanceKlass com/mysql/cj/jdbc/ParameterBindings
instanceKlass com/mysql/cj/QueryBindings
instanceKlass java/sql/ParameterMetaData
instanceKlass com/mysql/cj/jdbc/EscapeProcessor
instanceKlass com/mysql/cj/protocol/NetworkResources
instanceKlass  @bci com/mysql/cj/jdbc/ConnectionImpl unSafeQueryInterceptors ()V 37 <appendix> argL0 ; # com/mysql/cj/jdbc/ConnectionImpl$$Lambda+0x000001308124a360
instanceKlass  @bci com/mysql/cj/jdbc/ConnectionImpl unSafeQueryInterceptors ()V 27 <appendix> argL0 ; # com/mysql/cj/jdbc/ConnectionImpl$$Lambda+0x000001308124a128
instanceKlass  @bci com/mysql/cj/jdbc/ConnectionImpl unSafeQueryInterceptors ()V 17 <appendix> member <vmtarget> ; # com/mysql/cj/jdbc/ConnectionImpl$$Lambda+0x0000013081249ee8
instanceKlass java/sql/ResultSetMetaData
instanceKlass com/mysql/cj/LicenseConfiguration
instanceKlass com/mysql/cj/protocol/InternalDate
instanceKlass com/mysql/cj/result/StringValueFactory
instanceKlass com/mysql/cj/protocol/a/result/AbstractResultsetRows
instanceKlass com/mysql/cj/protocol/result/AbstractResultsetRow
instanceKlass com/mysql/cj/result/DefaultColumnDefinition$1
instanceKlass com/mysql/cj/protocol/a/MysqlTextValueDecoder
instanceKlass com/mysql/cj/protocol/ValueDecoder
instanceKlass com/mysql/cj/protocol/a/AbstractRowFactory
instanceKlass com/mysql/cj/result/DefaultColumnDefinition
instanceKlass com/mysql/cj/result/Field$1
instanceKlass com/mysql/cj/protocol/a/ColumnDefinitionReader$1
instanceKlass java/sql/SQLType
instanceKlass com/mysql/cj/util/LazyString
instanceKlass com/mysql/cj/result/Field
instanceKlass com/mysql/cj/protocol/a/ColumnDefinitionFactory
instanceKlass com/mysql/cj/protocol/a/ResultsetFactory
instanceKlass com/mysql/cj/protocol/a/NativeMessageBuilder
instanceKlass com/mysql/cj/protocol/a/MultiPacketReader
instanceKlass com/mysql/cj/protocol/a/TimeTrackingPacketReader
instanceKlass com/mysql/cj/protocol/a/TimeTrackingPacketSender
instanceKlass com/mysql/cj/protocol/a/NativeServerSessionStateController$NativeServerSessionStateChanges
instanceKlass com/mysql/cj/protocol/a/result/OkPacket
instanceKlass com/mysql/cj/protocol/Security
instanceKlass com/mysql/cj/protocol/a/authentication/AuthenticationFidoClient
instanceKlass com/mysql/cj/protocol/a/authentication/AuthenticationOciClient
instanceKlass  @bci com/mysql/cj/protocol/a/authentication/AuthenticationKerberosClient <init> ()V 43 <appendix> member <vmtarget> ; # com/mysql/cj/protocol/a/authentication/AuthenticationKerberosClient$$Lambda+0x000001308119fa98
instanceKlass com/mysql/cj/protocol/a/authentication/AuthenticationKerberosClient
instanceKlass  @bci com/mysql/cj/protocol/a/authentication/AuthenticationLdapSaslClientPlugin <init> ()V 46 <appendix> member <vmtarget> ; # com/mysql/cj/protocol/a/authentication/AuthenticationLdapSaslClientPlugin$$Lambda+0x000001308119f380
instanceKlass sun/invoke/util/VerifyAccess$1
instanceKlass javax/security/auth/callback/Callback
instanceKlass javax/security/auth/login/Configuration
instanceKlass com/mysql/cj/protocol/a/authentication/AuthenticationLdapSaslClientPlugin
instanceKlass com/mysql/cj/protocol/a/authentication/MysqlOldPasswordPlugin
instanceKlass com/mysql/cj/protocol/a/authentication/Sha256PasswordPlugin
instanceKlass com/mysql/cj/protocol/a/authentication/MysqlClearPasswordPlugin
instanceKlass com/mysql/cj/protocol/a/authentication/MysqlNativePasswordPlugin
instanceKlass com/mysql/cj/protocol/AuthenticationPlugin
instanceKlass sun/security/ssl/X509Authentication$X509Possession
instanceKlass com/sun/crypto/provider/GaloisCounterMode$EncryptOp
instanceKlass sun/security/ssl/SSLAuthentication
instanceKlass  @bci sun/security/ssl/CertificateMessage$T13CertificateProducer choosePossession (Lsun/security/ssl/HandshakeContext;Lsun/security/ssl/ClientHello$ClientHelloMessage;)Lsun/security/ssl/SSLPossession; 89 <appendix> argL0 ; # sun/security/ssl/CertificateMessage$T13CertificateProducer$$Lambda+0x00000130812186a0
instanceKlass  @bci sun/security/ssl/CertificateMessage$T13CertificateProducer choosePossession (Lsun/security/ssl/HandshakeContext;Lsun/security/ssl/ClientHello$ClientHelloMessage;)Lsun/security/ssl/SSLPossession; 79 <appendix> argL0 ; # sun/security/ssl/CertificateMessage$T13CertificateProducer$$Lambda+0x0000013081218458
instanceKlass  @bci sun/security/ssl/CertificateMessage$T13CertificateProducer choosePossession (Lsun/security/ssl/HandshakeContext;Lsun/security/ssl/ClientHello$ClientHelloMessage;)Lsun/security/ssl/SSLPossession; 69 <appendix> member <vmtarget> ; # sun/security/ssl/CertificateMessage$T13CertificateProducer$$Lambda+0x0000013081218208
instanceKlass java/util/stream/DistinctOps
instanceKlass  @bci sun/security/ssl/CertificateMessage$T13CertificateProducer choosePossession (Lsun/security/ssl/HandshakeContext;Lsun/security/ssl/ClientHello$ClientHelloMessage;)Lsun/security/ssl/SSLPossession; 53 <appendix> argL0 ; # sun/security/ssl/CertificateMessage$T13CertificateProducer$$Lambda+0x00000130812173d0
instanceKlass sun/security/ssl/SSLBasicKeyDerivation$SecretSizeSpec
instanceKlass sun/security/ssl/SSLBasicKeyDerivation
instanceKlass sun/security/ssl/Finished$1
instanceKlass sun/security/ssl/Finished$T13VerifyDataGenerator
instanceKlass sun/security/ssl/Finished$T12VerifyDataGenerator
instanceKlass sun/security/ssl/Finished$T10VerifyDataGenerator
instanceKlass sun/security/ssl/Finished$S30VerifyDataGenerator
instanceKlass sun/security/ssl/Finished$VerifyDataGenerator
instanceKlass sun/security/rsa/MGF1
instanceKlass sun/security/rsa/RSACore
instanceKlass java/security/interfaces/RSAPrivateKey
instanceKlass sun/security/util/SignatureUtil
instanceKlass sun/security/ssl/X509Authentication$X509Credentials
instanceKlass java/security/interfaces/DSAPublicKey
instanceKlass java/security/interfaces/DSAKey
instanceKlass sun/security/provider/certpath/PKIX
instanceKlass java/security/cert/PKIXCertPathChecker
instanceKlass java/security/cert/CertPathChecker
instanceKlass sun/security/ssl/SSLAlgorithmConstraints$SupportedSignatureAlgorithmConstraints
instanceKlass sun/security/ssl/SSLConfiguration$1
instanceKlass javax/net/ssl/SSLParameters
instanceKlass javax/net/ssl/SSLEngine
instanceKlass jdk/internal/logger/DefaultLoggerFinder$1
instanceKlass java/util/jar/JarFile$ThreadTrackHolder
instanceKlass jdk/internal/event/EventHelper
instanceKlass sun/security/util/MemoryCache$CacheEntry
instanceKlass sun/security/x509/OIDMap$OIDInfo
instanceKlass sun/security/x509/PKIXExtensions
instanceKlass sun/security/x509/OIDMap
instanceKlass sun/security/x509/Extension
instanceKlass java/security/cert/Extension
instanceKlass sun/security/x509/CertificateExtensions
instanceKlass sun/security/rsa/RSAUtil
instanceKlass java/security/interfaces/RSAPublicKey
instanceKlass java/security/spec/RSAPrivateKeySpec
instanceKlass java/security/spec/RSAPublicKeySpec
instanceKlass  @bci java/security/spec/EncodedKeySpec <clinit> ()V 0 <appendix> argL0 ; # java/security/spec/EncodedKeySpec$$Lambda+0x0000013081210330
instanceKlass jdk/internal/access/JavaSecuritySpecAccess
instanceKlass sun/security/x509/CertificateX509Key
instanceKlass sun/security/x509/CertificateValidity
instanceKlass sun/security/x509/AVA
instanceKlass sun/security/x509/RDN
instanceKlass javax/security/auth/x500/X500Principal
instanceKlass  @bci sun/security/x509/X500Name <clinit> ()V 153 <appendix> argL0 ; # sun/security/x509/X500Name$$Lambda+0x000001308120edd0
instanceKlass sun/security/x509/X500Name
instanceKlass sun/security/x509/GeneralNameInterface
instanceKlass sun/security/x509/CertificateAlgorithmId
instanceKlass sun/security/x509/SerialNumber
instanceKlass sun/security/x509/CertificateSerialNumber
instanceKlass sun/security/x509/CertificateVersion
instanceKlass sun/security/x509/X509CertInfo
instanceKlass sun/security/util/Cache$EqualByteArray
instanceKlass java/security/cert/CertificateFactorySpi
instanceKlass java/security/cert/CertificateFactory
instanceKlass java/security/cert/X509Extension
instanceKlass sun/security/ssl/CertificateMessage$CertificateEntry
instanceKlass com/sun/crypto/provider/GaloisCounterMode$DecryptOp
instanceKlass com/sun/crypto/provider/GaloisCounterMode$GCMOperation
instanceKlass com/sun/crypto/provider/GHASH
instanceKlass com/sun/crypto/provider/GCM
instanceKlass com/sun/crypto/provider/GaloisCounterMode$GCMEngine
instanceKlass javax/crypto/spec/GCMParameterSpec
instanceKlass sun/security/ssl/ChangeCipherSpec$T13ChangeCipherSpecConsumer
instanceKlass sun/security/ssl/ChangeCipherSpec$T10ChangeCipherSpecProducer
instanceKlass sun/security/ssl/ChangeCipherSpec$T10ChangeCipherSpecConsumer
instanceKlass sun/security/ssl/ChangeCipherSpec
instanceKlass javax/crypto/spec/IvParameterSpec
instanceKlass sun/security/ssl/SSLTrafficKeyDerivation$T13TrafficKeyDerivation
instanceKlass sun/security/ssl/SSLTrafficKeyDerivation$1
instanceKlass sun/security/ssl/SSLTrafficKeyDerivation$T13TrafficKeyDerivationGenerator
instanceKlass sun/security/ssl/SSLTrafficKeyDerivation$T12TrafficKeyDerivationGenerator
instanceKlass sun/security/ssl/SSLTrafficKeyDerivation$T10TrafficKeyDerivationGenerator
instanceKlass sun/security/ssl/SSLTrafficKeyDerivation$S30TrafficKeyDerivationGenerator
instanceKlass sun/security/ssl/SSLKeyDerivationGenerator
instanceKlass sun/security/ssl/SSLSecretDerivation
instanceKlass javax/crypto/MacSpi
instanceKlass javax/crypto/Mac
instanceKlass sun/security/ssl/HKDF
instanceKlass  @bci javax/crypto/spec/SecretKeySpec <clinit> ()V 0 <appendix> argL0 ; # javax/crypto/spec/SecretKeySpec$$Lambda+0x0000013081206848
instanceKlass jdk/internal/access/JavaxCryptoSpecAccess
instanceKlass javax/crypto/spec/SecretKeySpec
instanceKlass javax/crypto/KeyAgreementSpi
instanceKlass sun/security/ssl/KAKeyDerivation
instanceKlass java/security/interfaces/RSAKey
instanceKlass javax/crypto/SecretKey
instanceKlass sun/security/util/Length
instanceKlass java/security/spec/EncodedKeySpec
instanceKlass java/security/spec/ECPublicKeySpec
instanceKlass sun/security/ssl/ECDHKeyExchange$ECDHECredentials
instanceKlass sun/security/ssl/NamedGroupCredentials
instanceKlass sun/security/ssl/KeyShareExtension$SHKeyShareSpec
instanceKlass sun/security/ssl/HandshakeHash$CloneableHash
instanceKlass sun/security/ssl/HandshakeHash$T13HandshakeHash
instanceKlass sun/security/ssl/SupportedVersionsExtension$SHSupportedVersionsSpec
instanceKlass sun/security/ssl/TransportContext$1
instanceKlass sun/security/ssl/Plaintext
instanceKlass sun/security/ssl/OutputRecord$T13PaddingHolder
instanceKlass sun/security/ssl/RenegoInfoExtension$RenegotiationInfoSpec
instanceKlass sun/security/ssl/KeyShareExtension$CHKeyShareSpec
instanceKlass java/security/interfaces/ECPublicKey
instanceKlass sun/security/util/math/IntegerModuloP$MultiplicativeInverser$Secp256R1
instanceKlass sun/security/ec/ECOperations$PointMultiplier$Default
instanceKlass sun/security/ec/ECOperations$PointMultiplier$Secp256R1GeneratorMultiplier$P256
instanceKlass sun/security/ec/ECOperations$PointMultiplier$Secp256R1GeneratorMultiplier
instanceKlass sun/security/ec/ECOperations$PointMultiplier
instanceKlass  @bci sun/security/ec/ECPrivateKeyImpl calculatePublicKey ()Ljava/security/PublicKey; 9 <appendix> argL0 ; # sun/security/ec/ECPrivateKeyImpl$$Lambda+0x00000130811a5b80
instanceKlass sun/security/util/ArrayUtil
instanceKlass java/security/interfaces/ECPrivateKey
instanceKlass sun/security/ec/ECOperations
instanceKlass sun/security/ssl/ECDHKeyExchange$ECDHEPossession
instanceKlass sun/security/ssl/KeyShareExtension$KeyShareEntry
instanceKlass sun/security/ssl/XDHKeyExchange$1
instanceKlass sun/security/util/DerInputStream
instanceKlass sun/security/util/DerValue
instanceKlass sun/security/pkcs/PKCS8Key
instanceKlass sun/security/util/InternalPrivateKey
instanceKlass java/security/interfaces/XECPrivateKey
instanceKlass sun/security/util/BitArray
instanceKlass sun/security/x509/X509Key
instanceKlass java/security/interfaces/XECPublicKey
instanceKlass java/security/interfaces/XECKey
instanceKlass java/security/KeyPair
instanceKlass java/math/MutableBigInteger
instanceKlass sun/security/util/math/IntegerModuloP$MultiplicativeInverser$Default
instanceKlass sun/security/util/math/IntegerModuloP$MultiplicativeInverser
instanceKlass sun/security/util/math/MutableIntegerModuloP
instanceKlass sun/security/jca/JCAUtil$CachedSecureRandomHolder
instanceKlass sun/security/jca/JCAUtil
instanceKlass sun/security/ec/XECOperations
instanceKlass sun/security/ec/XECParameters
instanceKlass  @bci sun/security/ec/XDHKeyPairGenerator initialize (Ljava/security/spec/AlgorithmParameterSpec;Ljava/security/SecureRandom;)V 0 <appendix> argL0 ; # sun/security/ec/XDHKeyPairGenerator$$Lambda+0x00000130811a7748
instanceKlass sun/security/ssl/XDHKeyExchange$XDHEPossession
instanceKlass sun/security/ssl/ECDHKeyExchange$ECDHEXDHKAGenerator
instanceKlass sun/security/ssl/ECDHKeyExchange$ECDHEKAGenerator
instanceKlass sun/security/ssl/ECDHKeyExchange$ECDHKAGenerator
instanceKlass sun/security/ssl/ECDHKeyExchange$ECDHEPossessionGenerator
instanceKlass sun/security/ssl/ECDHKeyExchange
instanceKlass sun/security/ssl/DHKeyExchange$DHEKAGenerator
instanceKlass sun/security/ssl/DHKeyExchange$DHEPossessionGenerator
instanceKlass sun/security/ssl/DHKeyExchange
instanceKlass sun/security/ssl/RSAKeyExchange$RSAKAGenerator
instanceKlass sun/security/ssl/RSAKeyExchange$EphemeralRSAPossessionGenerator
instanceKlass sun/security/ssl/RSAKeyExchange
instanceKlass sun/security/ssl/SSLKeyExchange$T13KeyAgreement
instanceKlass sun/security/ssl/SSLKeyAgreement
instanceKlass sun/security/ssl/SSLPossessionGenerator
instanceKlass sun/security/ssl/SSLKeyExchange
instanceKlass sun/security/ssl/SSLHandshakeBinding
instanceKlass sun/security/ssl/SSLKeyAgreementGenerator
instanceKlass sun/security/ssl/PskKeyExchangeModesExtension$PskKeyExchangeModesSpec
instanceKlass sun/security/ssl/SupportedVersionsExtension$CHSupportedVersionsSpec
instanceKlass sun/security/ssl/SignatureAlgorithmsExtension$SignatureSchemesSpec
instanceKlass sun/security/ssl/ExtendedMasterSecretExtension$ExtendedMasterSecretSpec
instanceKlass sun/security/ssl/CertStatusExtension$CertStatusRequestV2Spec
instanceKlass sun/security/ssl/ECPointFormatsExtension$ECPointFormatsSpec
instanceKlass sun/security/ssl/SupportedGroupsExtension$SupportedGroupsSpec
instanceKlass sun/security/ssl/CertStatusExtension$CertStatusRequest
instanceKlass sun/security/ssl/CertStatusExtension$CertStatusRequestSpec
instanceKlass sun/security/ssl/SSLExtension$SSLExtensionSpec
instanceKlass sun/security/ssl/SSLExtension$ClientExtensions
instanceKlass sun/security/ssl/PreSharedKeyExtension$SHPreSharedKeyStringizer
instanceKlass sun/security/ssl/PreSharedKeyExtension$SHPreSharedKeyAbsence
instanceKlass sun/security/ssl/PreSharedKeyExtension$SHPreSharedKeyConsumer
instanceKlass sun/security/ssl/PreSharedKeyExtension$SHPreSharedKeyProducer
instanceKlass sun/security/ssl/PreSharedKeyExtension$CHPreSharedKeyStringizer
instanceKlass sun/security/ssl/PreSharedKeyExtension$CHPreSharedKeyOnTradeAbsence
instanceKlass sun/security/ssl/PreSharedKeyExtension$CHPreSharedKeyUpdate
instanceKlass sun/security/ssl/PreSharedKeyExtension$CHPreSharedKeyOnLoadAbsence
instanceKlass sun/security/ssl/PreSharedKeyExtension$CHPreSharedKeyConsumer
instanceKlass sun/security/ssl/PreSharedKeyExtension$CHPreSharedKeyProducer
instanceKlass sun/security/ssl/PreSharedKeyExtension
instanceKlass sun/security/ssl/RenegoInfoExtension$RenegotiationInfoStringizer
instanceKlass sun/security/ssl/RenegoInfoExtension$SHRenegotiationInfoAbsence
instanceKlass sun/security/ssl/RenegoInfoExtension$SHRenegotiationInfoConsumer
instanceKlass sun/security/ssl/RenegoInfoExtension$SHRenegotiationInfoProducer
instanceKlass sun/security/ssl/RenegoInfoExtension$CHRenegotiationInfoAbsence
instanceKlass sun/security/ssl/RenegoInfoExtension$CHRenegotiationInfoConsumer
instanceKlass sun/security/ssl/RenegoInfoExtension$CHRenegotiationInfoProducer
instanceKlass sun/security/ssl/RenegoInfoExtension
instanceKlass sun/security/ssl/KeyShareExtension$HRRKeyShareStringizer
instanceKlass sun/security/ssl/KeyShareExtension$HRRKeyShareReproducer
instanceKlass sun/security/ssl/KeyShareExtension$HRRKeyShareConsumer
instanceKlass sun/security/ssl/KeyShareExtension$HRRKeyShareProducer
instanceKlass sun/security/ssl/KeyShareExtension$SHKeyShareStringizer
instanceKlass sun/security/ssl/KeyShareExtension$SHKeyShareAbsence
instanceKlass sun/security/ssl/KeyShareExtension$SHKeyShareConsumer
instanceKlass sun/security/ssl/KeyShareExtension$SHKeyShareProducer
instanceKlass sun/security/ssl/KeyShareExtension$CHKeyShareStringizer
instanceKlass sun/security/ssl/KeyShareExtension$CHKeyShareOnTradeAbsence
instanceKlass sun/security/ssl/KeyShareExtension$CHKeyShareConsumer
instanceKlass sun/security/ssl/KeyShareExtension$CHKeyShareProducer
instanceKlass sun/security/ssl/KeyShareExtension
instanceKlass sun/security/ssl/CertSignAlgsExtension$CertSignatureSchemesStringizer
instanceKlass sun/security/ssl/CertSignAlgsExtension$CRCertSignatureSchemesUpdate
instanceKlass sun/security/ssl/CertSignAlgsExtension$CRCertSignatureSchemesConsumer
instanceKlass sun/security/ssl/CertSignAlgsExtension$CRCertSignatureSchemesProducer
instanceKlass sun/security/ssl/CertSignAlgsExtension$CHCertSignatureSchemesUpdate
instanceKlass sun/security/ssl/CertSignAlgsExtension$CHCertSignatureSchemesConsumer
instanceKlass sun/security/ssl/CertSignAlgsExtension$CHCertSignatureSchemesProducer
instanceKlass sun/security/ssl/CertSignAlgsExtension
instanceKlass sun/security/ssl/CertificateAuthoritiesExtension$CertificateAuthoritiesStringizer
instanceKlass sun/security/ssl/CertificateAuthoritiesExtension$CRCertificateAuthoritiesConsumer
instanceKlass sun/security/ssl/CertificateAuthoritiesExtension$CRCertificateAuthoritiesProducer
instanceKlass sun/security/ssl/CertificateAuthoritiesExtension$CHCertificateAuthoritiesConsumer
instanceKlass sun/security/ssl/CertificateAuthoritiesExtension$CHCertificateAuthoritiesProducer
instanceKlass sun/security/ssl/CertificateAuthoritiesExtension
instanceKlass sun/security/ssl/PskKeyExchangeModesExtension$PskKeyExchangeModesStringizer
instanceKlass sun/security/ssl/PskKeyExchangeModesExtension$PskKeyExchangeModesOnTradeAbsence
instanceKlass sun/security/ssl/PskKeyExchangeModesExtension$PskKeyExchangeModesOnLoadAbsence
instanceKlass sun/security/ssl/PskKeyExchangeModesExtension$PskKeyExchangeModesConsumer
instanceKlass sun/security/ssl/PskKeyExchangeModesExtension$PskKeyExchangeModesProducer
instanceKlass sun/security/ssl/PskKeyExchangeModesExtension
instanceKlass sun/security/ssl/CookieExtension$CookieStringizer
instanceKlass sun/security/ssl/CookieExtension$HRRCookieReproducer
instanceKlass sun/security/ssl/CookieExtension$HRRCookieConsumer
instanceKlass sun/security/ssl/CookieExtension$HRRCookieProducer
instanceKlass sun/security/ssl/CookieExtension$CHCookieUpdate
instanceKlass sun/security/ssl/CookieExtension$CHCookieConsumer
instanceKlass sun/security/ssl/CookieExtension$CHCookieProducer
instanceKlass sun/security/ssl/CookieExtension
instanceKlass sun/security/ssl/SupportedVersionsExtension$HRRSupportedVersionsReproducer
instanceKlass sun/security/ssl/SupportedVersionsExtension$HRRSupportedVersionsConsumer
instanceKlass sun/security/ssl/SupportedVersionsExtension$HRRSupportedVersionsProducer
instanceKlass sun/security/ssl/SupportedVersionsExtension$SHSupportedVersionsStringizer
instanceKlass sun/security/ssl/SupportedVersionsExtension$SHSupportedVersionsConsumer
instanceKlass sun/security/ssl/SupportedVersionsExtension$SHSupportedVersionsProducer
instanceKlass sun/security/ssl/SupportedVersionsExtension$CHSupportedVersionsStringizer
instanceKlass sun/security/ssl/SupportedVersionsExtension$CHSupportedVersionsConsumer
instanceKlass sun/security/ssl/SupportedVersionsExtension$CHSupportedVersionsProducer
instanceKlass sun/security/ssl/SupportedVersionsExtension
instanceKlass sun/security/ssl/SignatureAlgorithmsExtension$SignatureSchemesStringizer
instanceKlass sun/security/ssl/SignatureAlgorithmsExtension$CRSignatureSchemesUpdate
instanceKlass sun/security/ssl/SignatureAlgorithmsExtension$CRSignatureSchemesAbsence
instanceKlass sun/security/ssl/SignatureAlgorithmsExtension$CRSignatureSchemesConsumer
instanceKlass sun/security/ssl/SignatureAlgorithmsExtension$CRSignatureSchemesProducer
instanceKlass sun/security/ssl/SignatureAlgorithmsExtension$CHSignatureSchemesOnTradeAbsence
instanceKlass sun/security/ssl/SignatureAlgorithmsExtension$CHSignatureSchemesUpdate
instanceKlass sun/security/ssl/SignatureAlgorithmsExtension$CHSignatureSchemesOnLoadAbsence
instanceKlass sun/security/ssl/SignatureAlgorithmsExtension$CHSignatureSchemesConsumer
instanceKlass sun/security/ssl/SignatureAlgorithmsExtension$CHSignatureSchemesProducer
instanceKlass sun/security/ssl/SignatureAlgorithmsExtension
instanceKlass sun/security/ssl/SessionTicketExtension$SessionTicketStringizer
instanceKlass sun/security/ssl/SessionTicketExtension$T12SHSessionTicketConsumer
instanceKlass sun/security/ssl/SessionTicketExtension$T12SHSessionTicketProducer
instanceKlass sun/security/ssl/SessionTicketExtension$T12CHSessionTicketConsumer
instanceKlass sun/security/ssl/SessionTicketExtension$T12CHSessionTicketProducer
instanceKlass sun/security/ssl/SessionTicketExtension
instanceKlass sun/security/ssl/ExtendedMasterSecretExtension$ExtendedMasterSecretStringizer
instanceKlass sun/security/ssl/ExtendedMasterSecretExtension$SHExtendedMasterSecretAbsence
instanceKlass sun/security/ssl/ExtendedMasterSecretExtension$SHExtendedMasterSecretConsumer
instanceKlass sun/security/ssl/ExtendedMasterSecretExtension$SHExtendedMasterSecretProducer
instanceKlass sun/security/ssl/ExtendedMasterSecretExtension$CHExtendedMasterSecretAbsence
instanceKlass sun/security/ssl/ExtendedMasterSecretExtension$CHExtendedMasterSecretConsumer
instanceKlass sun/security/ssl/ExtendedMasterSecretExtension$CHExtendedMasterSecretProducer
instanceKlass sun/security/ssl/ExtendedMasterSecretExtension
instanceKlass  @bci sun/security/ssl/AlpnExtension <clinit> ()V 100 <appendix> argL0 ; # sun/security/ssl/AlpnExtension$$Lambda+0x00000130811b3628
instanceKlass sun/security/ssl/AlpnExtension$AlpnStringizer
instanceKlass sun/security/ssl/AlpnExtension$SHAlpnAbsence
instanceKlass sun/security/ssl/AlpnExtension$SHAlpnConsumer
instanceKlass sun/security/ssl/AlpnExtension$SHAlpnProducer
instanceKlass sun/security/ssl/AlpnExtension$CHAlpnAbsence
instanceKlass sun/security/ssl/AlpnExtension$CHAlpnConsumer
instanceKlass sun/security/ssl/AlpnExtension$CHAlpnProducer
instanceKlass sun/security/ssl/AlpnExtension
instanceKlass sun/security/ssl/ECPointFormatsExtension$ECPointFormatsStringizer
instanceKlass sun/security/ssl/ECPointFormatsExtension$SHECPointFormatsConsumer
instanceKlass sun/security/ssl/ECPointFormatsExtension$CHECPointFormatsConsumer
instanceKlass sun/security/ssl/ECPointFormatsExtension$CHECPointFormatsProducer
instanceKlass sun/security/ssl/ECPointFormatsExtension
instanceKlass sun/security/ssl/SupportedGroupsExtension$EESupportedGroupsConsumer
instanceKlass sun/security/ssl/SupportedGroupsExtension$EESupportedGroupsProducer
instanceKlass sun/security/ssl/SupportedGroupsExtension$SupportedGroupsStringizer
instanceKlass sun/security/ssl/SupportedGroupsExtension$CHSupportedGroupsOnTradeAbsence
instanceKlass sun/security/ssl/SupportedGroupsExtension$CHSupportedGroupsConsumer
instanceKlass sun/security/ssl/SupportedGroupsExtension$CHSupportedGroupsProducer
instanceKlass sun/security/ssl/SupportedGroupsExtension
instanceKlass sun/security/ssl/CertStatusExtension$CertStatusRespStringizer
instanceKlass sun/security/ssl/CertStatusExtension$CertStatusRequestsStringizer
instanceKlass sun/security/ssl/CertStatusExtension$SHCertStatusReqV2Consumer
instanceKlass sun/security/ssl/CertStatusExtension$SHCertStatusReqV2Producer
instanceKlass sun/security/ssl/CertStatusExtension$CHCertStatusReqV2Consumer
instanceKlass sun/security/ssl/CertStatusExtension$CHCertStatusReqV2Producer
instanceKlass sun/security/ssl/CertStatusExtension$CertStatusRequestStringizer
instanceKlass sun/security/ssl/CertStatusExtension$CTCertStatusResponseConsumer
instanceKlass sun/security/ssl/CertStatusExtension$CTCertStatusResponseProducer
instanceKlass sun/security/ssl/CertStatusExtension$SHCertStatusReqConsumer
instanceKlass sun/security/ssl/CertStatusExtension$SHCertStatusReqProducer
instanceKlass sun/security/ssl/CertStatusExtension$CHCertStatusReqConsumer
instanceKlass sun/security/ssl/CertStatusExtension$CHCertStatusReqProducer
instanceKlass sun/security/ssl/CertStatusExtension
instanceKlass sun/security/ssl/MaxFragExtension$MaxFragLenStringizer
instanceKlass sun/security/ssl/MaxFragExtension$EEMaxFragmentLengthUpdate
instanceKlass sun/security/ssl/MaxFragExtension$EEMaxFragmentLengthConsumer
instanceKlass sun/security/ssl/MaxFragExtension$EEMaxFragmentLengthProducer
instanceKlass sun/security/ssl/MaxFragExtension$SHMaxFragmentLengthUpdate
instanceKlass sun/security/ssl/MaxFragExtension$SHMaxFragmentLengthConsumer
instanceKlass sun/security/ssl/MaxFragExtension$SHMaxFragmentLengthProducer
instanceKlass sun/security/ssl/MaxFragExtension$CHMaxFragmentLengthConsumer
instanceKlass sun/security/ssl/MaxFragExtension$CHMaxFragmentLengthProducer
instanceKlass sun/security/ssl/MaxFragExtension
instanceKlass sun/security/ssl/ServerNameExtension$EEServerNameConsumer
instanceKlass sun/security/ssl/ServerNameExtension$EEServerNameProducer
instanceKlass sun/security/ssl/ServerNameExtension$SHServerNamesStringizer
instanceKlass sun/security/ssl/ServerNameExtension$SHServerNameConsumer
instanceKlass sun/security/ssl/ServerNameExtension$SHServerNameProducer
instanceKlass sun/security/ssl/ServerNameExtension$CHServerNamesStringizer
instanceKlass sun/security/ssl/ServerNameExtension$CHServerNameConsumer
instanceKlass sun/security/ssl/SSLExtension$ExtensionConsumer
instanceKlass sun/security/ssl/ServerNameExtension$CHServerNameProducer
instanceKlass sun/security/ssl/ServerNameExtension
instanceKlass sun/security/ssl/SSLStringizer
instanceKlass sun/security/ssl/SSLExtensions
instanceKlass sun/security/ssl/SSLHandshake$HandshakeMessage
instanceKlass sun/security/ssl/RandomCookie
instanceKlass java/lang/Byte$ByteCache
instanceKlass sun/security/util/KeyUtil
instanceKlass sun/security/ssl/SSLKeyDerivation
instanceKlass sun/security/ssl/SSLCredentials
instanceKlass sun/security/ssl/NamedGroupPossession
instanceKlass sun/security/ssl/SSLPossession
instanceKlass sun/security/ssl/HandshakeContext
instanceKlass  @bci com/mysql/cj/protocol/ExportControlled lambda$getAllowedCiphers$5 (Ljava/lang/String;)Z 9 <appendix> member <vmtarget> ; # com/mysql/cj/protocol/ExportControlled$$Lambda+0x000001308119d378
instanceKlass  @bci java/util/stream/Collectors toList ()Ljava/util/stream/Collector; 14 <appendix> argL0 ; # java/util/stream/Collectors$$Lambda+0x00000130811f9fd0
instanceKlass  @bci java/util/stream/Collectors toList ()Ljava/util/stream/Collector; 9 <appendix> argL0 ; # java/util/stream/Collectors$$Lambda+0x00000130811f9da8
instanceKlass  @bci java/util/stream/Collectors toList ()Ljava/util/stream/Collector; 4 <appendix> argL0 ; # java/util/stream/Collectors$$Lambda+0x00000130811f9b90
instanceKlass  @bci com/mysql/cj/protocol/ExportControlled getAllowedCiphers (Lcom/mysql/cj/conf/PropertySet;Ljava/util/List;)[Ljava/lang/String; 79 <appendix> argL0 ; # com/mysql/cj/protocol/ExportControlled$$Lambda+0x000001308119d130
instanceKlass  @bci com/mysql/cj/protocol/ExportControlled getAllowedCiphers (Lcom/mysql/cj/conf/PropertySet;Ljava/util/List;)[Ljava/lang/String; 69 <appendix> member <vmtarget> ; # com/mysql/cj/protocol/ExportControlled$$Lambda+0x000001308119cee0
instanceKlass sun/security/ssl/SessionId
instanceKlass sun/security/x509/AlgorithmId
instanceKlass java/security/spec/MGF1ParameterSpec
instanceKlass java/security/spec/PSSParameterSpec
instanceKlass sun/security/ec/ParametersMap$1
instanceKlass  @bci sun/security/ec/ed/EdDSAParameters <clinit> ()V 268 <appendix> argL0 ; # sun/security/ec/ed/EdDSAParameters$$Lambda+0x00000130811a6ba0
instanceKlass sun/security/ec/ed/EdDSAParameters$SHAKE256DigesterFactory
instanceKlass sun/security/ec/point/ProjectivePoint
instanceKlass  @bci sun/security/ec/ed/EdDSAParameters <clinit> ()V 117 <appendix> argL0 ; # sun/security/ec/ed/EdDSAParameters$$Lambda+0x00000130811a61f8
instanceKlass sun/security/ec/ed/EdDSAParameters$Digester
instanceKlass sun/security/ec/ed/EdDSAParameters$SHA512DigesterFactory
instanceKlass sun/security/ec/point/ExtendedHomogeneousPoint
instanceKlass sun/security/ec/point/AffinePoint
instanceKlass sun/security/util/math/intpoly/IntegerPolynomial$Limb
instanceKlass sun/security/util/math/SmallValue
instanceKlass sun/security/ec/point/MutablePoint
instanceKlass sun/security/ec/point/ImmutablePoint
instanceKlass sun/security/ec/point/Point
instanceKlass sun/security/util/math/intpoly/IntegerPolynomial$Element
instanceKlass sun/security/util/math/ImmutableIntegerModuloP
instanceKlass sun/security/util/math/IntegerModuloP
instanceKlass sun/security/util/math/intpoly/IntegerPolynomial
instanceKlass sun/security/ec/ParametersMap
instanceKlass sun/security/ec/ed/EdECOperations
instanceKlass sun/security/ec/ed/EdDSAParameters$DigesterFactory
instanceKlass sun/security/util/math/IntegerFieldModuloP
instanceKlass sun/security/ec/ed/EdDSAParameters
instanceKlass  @bci sun/security/ec/ed/EdDSASignature <init> (Ljava/security/spec/NamedParameterSpec;)V 27 <appendix> argL0 ; # sun/security/ec/ed/EdDSASignature$$Lambda+0x00000130811a2010
instanceKlass java/security/spec/EdDSAParameterSpec
instanceKlass sun/security/ec/ed/EdDSASignature$MessageAccumulator
instanceKlass javax/net/ssl/ExtendedSSLSession
instanceKlass javax/net/ssl/SSLSession
instanceKlass javax/crypto/spec/DHParameterSpec
instanceKlass sun/security/ssl/PredefinedDHParameterSpecs$1
instanceKlass  @bci java/util/regex/Pattern Range (II)Ljava/util/regex/Pattern$CharPredicate; 23 <appendix> member <vmtarget> ; # java/util/regex/Pattern$$Lambda+0x80000002b
instanceKlass sun/security/ssl/PredefinedDHParameterSpecs
instanceKlass com/sun/security/sasl/Provider$1
instanceKlass  @bci sun/security/provider/certpath/ldap/JdkLDAP <init> ()V 15 <appendix> member <vmtarget> ; # sun/security/provider/certpath/ldap/JdkLDAP$$Lambda+0x00000130811f25e0
instanceKlass sun/security/ssl/NamedGroup$SupportedGroups
instanceKlass sun/security/ssl/SSLConfiguration$CustomizedClientSignatureSchemes
instanceKlass javax/crypto/KeyGeneratorSpi
instanceKlass javax/crypto/KeyGenerator
instanceKlass sun/security/ssl/SSLConfiguration
instanceKlass sun/security/ssl/SSLCipher$SSLWriteCipher
instanceKlass sun/security/ssl/KeyUpdate$KeyUpdateProducer
instanceKlass sun/security/ssl/KeyUpdate$KeyUpdateConsumer
instanceKlass sun/security/ssl/KeyUpdate$KeyUpdateKickstartProducer
instanceKlass sun/security/ssl/KeyUpdate
instanceKlass sun/security/ssl/CertificateStatus$CertificateStatusAbsence
instanceKlass sun/security/ssl/HandshakeAbsence
instanceKlass sun/security/ssl/CertificateStatus$CertificateStatusProducer
instanceKlass sun/security/ssl/CertificateStatus$CertificateStatusConsumer
instanceKlass sun/security/ssl/CertificateStatus
instanceKlass sun/security/ssl/Finished$T13FinishedProducer
instanceKlass sun/security/ssl/Finished$T13FinishedConsumer
instanceKlass sun/security/ssl/Finished$T12FinishedProducer
instanceKlass sun/security/ssl/Finished$T12FinishedConsumer
instanceKlass sun/security/ssl/Finished
instanceKlass sun/security/ssl/ClientKeyExchange$ClientKeyExchangeProducer
instanceKlass sun/security/ssl/ClientKeyExchange$ClientKeyExchangeConsumer
instanceKlass sun/security/ssl/ClientKeyExchange
instanceKlass sun/security/ssl/CertificateVerify$T13CertificateVerifyProducer
instanceKlass sun/security/ssl/CertificateVerify$T13CertificateVerifyConsumer
instanceKlass sun/security/ssl/CertificateVerify$T12CertificateVerifyProducer
instanceKlass sun/security/ssl/CertificateVerify$T12CertificateVerifyConsumer
instanceKlass sun/security/ssl/CertificateVerify$T10CertificateVerifyProducer
instanceKlass sun/security/ssl/CertificateVerify$T10CertificateVerifyConsumer
instanceKlass sun/security/ssl/CertificateVerify$S30CertificateVerifyProducer
instanceKlass sun/security/ssl/CertificateVerify$S30CertificateVerifyConsumer
instanceKlass sun/security/ssl/CertificateVerify
instanceKlass sun/security/ssl/ServerHelloDone$ServerHelloDoneProducer
instanceKlass sun/security/ssl/ServerHelloDone$ServerHelloDoneConsumer
instanceKlass sun/security/ssl/ServerHelloDone
instanceKlass sun/security/ssl/CertificateRequest$T13CertificateRequestProducer
instanceKlass sun/security/ssl/CertificateRequest$T13CertificateRequestConsumer
instanceKlass sun/security/ssl/CertificateRequest$T12CertificateRequestProducer
instanceKlass sun/security/ssl/CertificateRequest$T12CertificateRequestConsumer
instanceKlass sun/security/ssl/CertificateRequest$T10CertificateRequestProducer
instanceKlass sun/security/ssl/CertificateRequest$T10CertificateRequestConsumer
instanceKlass sun/security/ssl/CertificateRequest
instanceKlass sun/security/ssl/ServerKeyExchange$ServerKeyExchangeProducer
instanceKlass sun/security/ssl/ServerKeyExchange$ServerKeyExchangeConsumer
instanceKlass sun/security/ssl/ServerKeyExchange
instanceKlass sun/security/ssl/CertificateMessage$T13CertificateProducer
instanceKlass sun/security/ssl/CertificateMessage$T13CertificateConsumer
instanceKlass sun/security/ssl/CertificateMessage$T12CertificateProducer
instanceKlass sun/security/ssl/CertificateMessage$T12CertificateConsumer
instanceKlass sun/security/ssl/CertificateMessage
instanceKlass sun/security/ssl/EncryptedExtensions$EncryptedExtensionsConsumer
instanceKlass sun/security/ssl/EncryptedExtensions$EncryptedExtensionsProducer
instanceKlass sun/security/ssl/EncryptedExtensions
instanceKlass sun/security/ssl/NewSessionTicket$T12NewSessionTicketProducer
instanceKlass sun/security/ssl/NewSessionTicket$T13NewSessionTicketProducer
instanceKlass sun/security/ssl/NewSessionTicket$T12NewSessionTicketConsumer
instanceKlass sun/security/ssl/NewSessionTicket$T13NewSessionTicketConsumer
instanceKlass sun/security/ssl/NewSessionTicket
instanceKlass sun/security/ssl/HelloVerifyRequest$HelloVerifyRequestProducer
instanceKlass sun/security/ssl/HelloVerifyRequest$HelloVerifyRequestConsumer
instanceKlass sun/security/ssl/HelloVerifyRequest
instanceKlass sun/security/ssl/ServerHello$T13HelloRetryRequestConsumer
instanceKlass sun/security/ssl/ServerHello$T13ServerHelloConsumer
instanceKlass sun/security/ssl/ServerHello$T12ServerHelloConsumer
instanceKlass sun/security/ssl/ServerHello$T13HelloRetryRequestReproducer
instanceKlass sun/security/ssl/ServerHello$T13HelloRetryRequestProducer
instanceKlass sun/security/ssl/ServerHello$T13ServerHelloProducer
instanceKlass sun/security/ssl/ServerHello$T12ServerHelloProducer
instanceKlass sun/security/ssl/ServerHello$ServerHelloConsumer
instanceKlass sun/security/ssl/ServerHello
instanceKlass sun/security/ssl/ClientHello$D13ClientHelloConsumer
instanceKlass sun/security/ssl/ClientHello$D12ClientHelloConsumer
instanceKlass sun/security/ssl/ClientHello$T13ClientHelloConsumer
instanceKlass sun/security/ssl/ClientHello$T12ClientHelloConsumer
instanceKlass sun/security/ssl/HandshakeConsumer
instanceKlass sun/security/ssl/ClientHello$ClientHelloProducer
instanceKlass sun/security/ssl/ClientHello$ClientHelloConsumer
instanceKlass sun/security/ssl/ClientHello$ClientHelloKickstartProducer
instanceKlass sun/security/ssl/ClientHello
instanceKlass sun/security/ssl/HelloRequest$HelloRequestProducer
instanceKlass sun/security/ssl/HelloRequest$HelloRequestConsumer
instanceKlass sun/security/ssl/HelloRequest$HelloRequestKickstartProducer
instanceKlass sun/security/ssl/SSLProducer
instanceKlass sun/security/ssl/HelloRequest
instanceKlass sun/security/ssl/HandshakeProducer
instanceKlass sun/security/ssl/SSLConsumer
instanceKlass sun/security/ssl/Authenticator$MacImpl
instanceKlass sun/security/ssl/Authenticator$MAC
instanceKlass sun/security/ssl/Authenticator
instanceKlass sun/security/ssl/SSLCipher$SSLReadCipher
instanceKlass sun/security/ssl/InputRecord
instanceKlass sun/security/ssl/SSLRecord
instanceKlass sun/security/ssl/Record
instanceKlass sun/security/ssl/TransportContext
instanceKlass sun/security/ssl/ConnectionContext
instanceKlass sun/security/ssl/HandshakeHash$CacheOnlyHash
instanceKlass sun/security/ssl/HandshakeHash$TranscriptHash
instanceKlass sun/security/ssl/HandshakeHash
instanceKlass sun/security/ssl/SSLTransport
instanceKlass javax/net/SocketFactory
instanceKlass sun/security/provider/AbstractDrbg$NonceProvider
instanceKlass  @bci sun/security/provider/AbstractDrbg$SeederHolder <clinit> ()V 42 <appendix> member <vmtarget> ; # sun/security/provider/AbstractDrbg$SeederHolder$$Lambda+0x00000130811e0fe0
instanceKlass  @cpi sun/security/provider/AbstractDrbg$SeederHolder 91 form vmentry <vmtarget> ; # java/lang/invoke/LambdaForm$DMH+0x00000130811a4c00
# instanceKlass java/lang/invoke/LambdaForm$DMH+0x00000130811a4800
instanceKlass java/nio/file/Files$AcceptAllFilter
instanceKlass java/net/NetworkInterface$1
instanceKlass java/net/DefaultInterface
instanceKlass java/net/InterfaceAddress
instanceKlass sun/security/provider/ByteArrayAccess$BE
instanceKlass sun/security/provider/ByteArrayAccess
instanceKlass sun/security/provider/SeedGenerator$1
instanceKlass sun/security/provider/SeedGenerator
instanceKlass sun/security/provider/AbstractDrbg$SeederHolder
instanceKlass java/security/DrbgParameters$NextBytes
instanceKlass  @bci sun/security/provider/AbstractDrbg <clinit> ()V 12 <appendix> argL0 ; # sun/security/provider/AbstractDrbg$$Lambda+0x00000130811df728
instanceKlass  @cpi sun/security/provider/AbstractDrbg 383 form vmentry <vmtarget> ; # java/lang/invoke/LambdaForm$DMH+0x00000130811a4400
# instanceKlass java/lang/invoke/LambdaForm$DMH+0x00000130811a4000
instanceKlass sun/security/provider/EntropySource
instanceKlass sun/security/provider/AbstractDrbg
instanceKlass java/security/DrbgParameters$Instantiation
instanceKlass java/security/DrbgParameters
instanceKlass sun/security/provider/MoreDrbgParameters
instanceKlass  @bci sun/security/provider/DRBG <init> (Ljava/security/SecureRandomParameters;)V 26 <appendix> argL0 ; # sun/security/provider/DRBG$$Lambda+0x00000130811de218
instanceKlass java/security/SecureRandomSpi
instanceKlass java/security/SecureRandomParameters
instanceKlass java/util/AbstractList$Itr
instanceKlass  @bci sun/security/ssl/SSLContextImpl engineInit ([Ljavax/net/ssl/KeyManager;[Ljavax/net/ssl/TrustManager;Ljava/security/SecureRandom;)V 57 <appendix> argL0 ; # sun/security/ssl/SSLContextImpl$$Lambda+0x00000130811dd748
instanceKlass javax/net/ssl/X509ExtendedTrustManager
instanceKlass javax/net/ssl/X509ExtendedKeyManager
instanceKlass javax/net/ssl/X509KeyManager
instanceKlass javax/net/ssl/KeyManager
instanceKlass sun/security/util/Cache
instanceKlass sun/security/ssl/SSLSessionContextImpl
instanceKlass javax/net/ssl/SSLSessionContext
instanceKlass sun/security/ssl/EphemeralKeyManager$EphemeralKeyPair
instanceKlass sun/security/ssl/EphemeralKeyManager
instanceKlass sun/security/ssl/SSLContextImpl$CustomizedSSLProtocols
instanceKlass java/security/spec/NamedParameterSpec
instanceKlass sun/security/util/ECKeySizeParameterSpec
instanceKlass java/security/AlgorithmParametersSpi
instanceKlass java/security/AlgorithmParameters
instanceKlass sun/security/util/ECUtil
instanceKlass java/security/KeyPairGeneratorSpi
instanceKlass java/security/PublicKey
instanceKlass java/security/KeyFactorySpi
instanceKlass java/security/KeyFactory
instanceKlass javax/crypto/KeyAgreement
instanceKlass sun/security/util/MessageDigestSpi2
instanceKlass java/security/MessageDigestSpi
instanceKlass java/security/interfaces/ECKey
instanceKlass java/security/Signature$1
instanceKlass jdk/internal/access/JavaSecuritySignatureAccess
instanceKlass java/security/SignatureSpi
instanceKlass sun/security/ssl/JsseJce$EcAvailability
instanceKlass sun/security/ssl/SSLAlgorithmDecomposer$1
instanceKlass sun/security/ssl/Utilities
instanceKlass sun/security/ssl/JsseJce
instanceKlass sun/security/ssl/NamedGroup$XDHScheme
instanceKlass sun/security/ssl/NamedGroup$FFDHEScheme
instanceKlass sun/security/ssl/NamedGroup$ECDHEScheme
instanceKlass sun/security/ssl/NamedGroup$NamedGroupScheme
instanceKlass sun/security/ssl/SSLCipher$1
instanceKlass sun/security/ssl/SSLCipher$T13CC20P1305WriteCipherGenerator
instanceKlass sun/security/ssl/SSLCipher$T12CC20P1305WriteCipherGenerator
instanceKlass sun/security/ssl/SSLCipher$T13CC20P1305ReadCipherGenerator
instanceKlass sun/security/ssl/SSLCipher$T12CC20P1305ReadCipherGenerator
instanceKlass sun/security/ssl/SSLCipher$T13GcmWriteCipherGenerator
instanceKlass sun/security/ssl/SSLCipher$T13GcmReadCipherGenerator
instanceKlass sun/security/ssl/SSLCipher$T12GcmWriteCipherGenerator
instanceKlass sun/security/ssl/SSLCipher$T12GcmReadCipherGenerator
instanceKlass com/sun/crypto/provider/AESConstants
instanceKlass java/util/Vector$1
instanceKlass  @bci javax/crypto/JceSecurityManager <clinit> ()V 67 <appendix> argL0 ; # javax/crypto/JceSecurityManager$$Lambda+0x00000130811d12d8
instanceKlass  @bci javax/crypto/JceSecurityManager <clinit> ()V 49 <appendix> argL0 ; # javax/crypto/JceSecurityManager$$Lambda+0x00000130811d10c0
instanceKlass javax/crypto/JceSecurityManager
instanceKlass sun/security/ssl/SSLCipher$T11BlockWriteCipherGenerator
instanceKlass sun/security/ssl/SSLCipher$T11BlockReadCipherGenerator
instanceKlass com/sun/crypto/provider/PKCS5Padding
instanceKlass com/sun/crypto/provider/Padding
instanceKlass com/sun/crypto/provider/FeedbackCipher
instanceKlass com/sun/crypto/provider/SymmetricCipher
instanceKlass com/sun/crypto/provider/DESConstants
instanceKlass com/sun/crypto/provider/CipherCore
instanceKlass sun/security/ssl/SSLCipher$T10BlockWriteCipherGenerator
instanceKlass sun/security/ssl/SSLCipher$T10BlockReadCipherGenerator
instanceKlass javax/crypto/CipherSpi
instanceKlass  @bci javax/crypto/ProviderVerifier isTrustedModule ()Z 61 <appendix> argL0 ; # javax/crypto/ProviderVerifier$$Lambda+0x00000130811ce898
instanceKlass javax/crypto/ProviderVerifier$1
instanceKlass javax/crypto/ProviderVerifier
instanceKlass javax/crypto/JceSecurity$3
instanceKlass javax/crypto/JceSecurity$2
instanceKlass java/net/spi/URLStreamHandlerProvider
instanceKlass java/net/URL$1
instanceKlass java/net/URL$2
instanceKlass jdk/internal/misc/ThreadTracker
instanceKlass java/net/URL$ThreadTrackHolder
instanceKlass java/util/Vector$Itr
instanceKlass javax/crypto/CryptoPolicyParser$CryptoPermissionEntry
instanceKlass javax/crypto/CryptoPolicyParser$GrantEntry
instanceKlass java/io/StreamTokenizer
instanceKlass javax/crypto/CryptoPolicyParser
instanceKlass sun/nio/ch/Streams
instanceKlass java/nio/channels/Channels
instanceKlass sun/nio/ch/FileChannelImpl$Closer
instanceKlass sun/nio/fs/WindowsSecurityDescriptor
instanceKlass sun/nio/fs/BasicFileAttributesHolder
instanceKlass sun/nio/fs/WindowsDirectoryStream$WindowsDirectoryIterator
instanceKlass java/nio/file/Files$1
instanceKlass java/nio/file/DirectoryStream$Filter
instanceKlass sun/nio/fs/WindowsFileSystem$2
instanceKlass java/nio/file/PathMatcher
instanceKlass sun/nio/fs/Globs
instanceKlass sun/nio/fs/WindowsDirectoryStream
instanceKlass java/nio/file/DirectoryStream
instanceKlass sun/nio/fs/WindowsChannelFactory$Flags
instanceKlass sun/nio/fs/WindowsChannelFactory$1
instanceKlass sun/nio/fs/WindowsChannelFactory
instanceKlass sun/nio/fs/WindowsFileSystemProvider$1
instanceKlass javax/crypto/JceSecurity$1
instanceKlass javax/crypto/JceSecurity
instanceKlass sun/security/jca/ProviderList$ServiceList$1
instanceKlass sun/security/jca/ServiceId
instanceKlass java/util/Collections$1
instanceKlass javax/crypto/Cipher$Transform
instanceKlass javax/crypto/Cipher
instanceKlass sun/security/ssl/SSLCipher$StreamWriteCipherGenerator
instanceKlass sun/security/ssl/SSLCipher$StreamReadCipherGenerator
instanceKlass sun/security/ssl/SSLCipher$NullWriteCipherGenerator
instanceKlass sun/security/ssl/SSLCipher$WriteCipherGenerator
instanceKlass sun/security/ssl/SSLCipher$NullReadCipherGenerator
instanceKlass sun/security/ssl/SSLCipher$ReadCipherGenerator
instanceKlass java/util/AbstractMap$SimpleImmutableEntry
instanceKlass  @bci java/util/regex/CharPredicates ASCII_DIGIT ()Ljava/util/regex/Pattern$BmpCharPredicate; 0 <appendix> argL0 ; # java/util/regex/CharPredicates$$Lambda+0x800000026
instanceKlass sun/security/util/DisabledAlgorithmConstraints$Constraints$Holder
instanceKlass sun/security/util/DisabledAlgorithmConstraints$Constraint
instanceKlass sun/security/util/DisabledAlgorithmConstraints$Constraints
instanceKlass sun/security/util/AbstractAlgorithmConstraints$1
instanceKlass sun/security/util/AlgorithmDecomposer
instanceKlass sun/security/util/AbstractAlgorithmConstraints
instanceKlass sun/security/ssl/SSLAlgorithmConstraints
instanceKlass java/security/AlgorithmConstraints
instanceKlass sun/security/ssl/SSLLogger
instanceKlass javax/net/ssl/SSLContextSpi
instanceKlass javax/net/ssl/SSLContext
instanceKlass java/security/cert/CertPathParameters
instanceKlass com/mysql/cj/protocol/ExportControlled$X509TrustManagerWrapper
instanceKlass javax/net/ssl/X509TrustManager
instanceKlass javax/net/ssl/KeyManagerFactorySpi
instanceKlass  @bci javax/net/ssl/KeyManagerFactory getDefaultAlgorithm ()Ljava/lang/String; 0 <appendix> argL0 ; # javax/net/ssl/KeyManagerFactory$$Lambda+0x000001308117e520
instanceKlass javax/net/ssl/KeyManagerFactory
instanceKlass sun/security/jca/GetInstance$Instance
instanceKlass jdk/internal/event/Event
instanceKlass  @bci sun/security/ssl/SunJSSE registerAlgorithms ()V 1 <appendix> member <vmtarget> ; # sun/security/ssl/SunJSSE$$Lambda+0x000001308117d1b8
instanceKlass java/security/spec/ECFieldF2m
instanceKlass sun/security/util/ObjectIdentifier
instanceKlass sun/security/util/ByteArrayTagOrder
instanceKlass sun/security/util/ByteArrayLexOrder
instanceKlass sun/security/util/DerEncoder
instanceKlass java/security/spec/ECParameterSpec
instanceKlass java/security/spec/AlgorithmParameterSpec
instanceKlass java/security/spec/ECPoint
instanceKlass java/security/spec/EllipticCurve
instanceKlass java/security/spec/ECFieldFp
instanceKlass java/security/spec/ECField
instanceKlass sun/security/util/CurveDB
instanceKlass sun/security/ec/SunEC$1
instanceKlass sun/security/smartcardio/SunPCSC$1
instanceKlass org/jcp/xml/dsig/internal/dom/XMLDSigRI$2
instanceKlass org/jcp/xml/dsig/internal/dom/XMLDSigRI$1
instanceKlass  @bci sun/security/jgss/SunProvider <init> ()V 15 <appendix> member <vmtarget> ; # sun/security/jgss/SunProvider$$Lambda+0x000001308119b698
instanceKlass com/sun/security/sasl/gsskerb/JdkSASL$1
instanceKlass  @bci sun/security/pkcs11/SunPKCS11 register (Lsun/security/pkcs11/SunPKCS11$Descriptor;)V 27 <appendix> argL0 ; # sun/security/pkcs11/SunPKCS11$$Lambda+0x000001308119a470
instanceKlass sun/security/pkcs11/SunPKCS11$Descriptor
instanceKlass javax/security/auth/callback/CallbackHandler
instanceKlass javax/security/auth/Subject
instanceKlass sun/security/mscapi/SunMSCAPI$2
instanceKlass sun/security/mscapi/SunMSCAPI$1
instanceKlass sun/security/jca/ProviderConfig$ProviderLoader
instanceKlass sun/security/jca/ProviderConfig$3
instanceKlass sun/security/rsa/SunRsaSignEntries
instanceKlass sun/security/util/SecurityProviderConstants
instanceKlass java/security/Provider$UString
instanceKlass java/security/Provider$Service
instanceKlass sun/security/provider/NativePRNG$NonBlocking
instanceKlass sun/security/provider/NativePRNG$Blocking
instanceKlass sun/security/provider/NativePRNG
instanceKlass sun/security/provider/SunEntries$1
instanceKlass sun/security/provider/SunEntries
instanceKlass sun/security/jca/ProviderList$2
instanceKlass jdk/internal/math/FloatingDecimal$ASCIIToBinaryBuffer
instanceKlass jdk/internal/math/FloatingDecimal$PreparedASCIIToBinaryBuffer
instanceKlass jdk/internal/math/FloatingDecimal$ASCIIToBinaryConverter
instanceKlass jdk/internal/math/FloatingDecimal$BinaryToASCIIBuffer
instanceKlass jdk/internal/math/FloatingDecimal$ExceptionalBinaryToASCIIBuffer
instanceKlass jdk/internal/math/FloatingDecimal$BinaryToASCIIConverter
instanceKlass jdk/internal/math/FloatingDecimal
instanceKlass java/security/Provider$EngineDescription
instanceKlass java/security/Provider$ServiceKey
instanceKlass sun/security/jca/ProviderConfig
instanceKlass sun/security/jca/ProviderList
instanceKlass sun/security/jca/Providers
instanceKlass sun/security/jca/GetInstance
instanceKlass javax/net/ssl/TrustManagerFactorySpi
instanceKlass  @bci javax/net/ssl/TrustManagerFactory getDefaultAlgorithm ()Ljava/lang/String; 0 <appendix> argL0 ; # javax/net/ssl/TrustManagerFactory$$Lambda+0x00000130811726a0
instanceKlass javax/net/ssl/TrustManagerFactory
instanceKlass com/mysql/cj/protocol/ExportControlled$KeyStoreConf
instanceKlass com/mysql/cj/protocol/a/NativeUtils
instanceKlass com/mysql/cj/protocol/a/PacketSplitter
instanceKlass  @bci com/mysql/cj/protocol/ExportControlled <clinit> ()V 169 <appendix> argL0 ; # com/mysql/cj/protocol/ExportControlled$$Lambda+0x000001308119c450
instanceKlass  @bci com/mysql/cj/protocol/ExportControlled <clinit> ()V 145 <appendix> argL0 ; # com/mysql/cj/protocol/ExportControlled$$Lambda+0x000001308119c228
instanceKlass  @bci com/mysql/cj/protocol/ExportControlled <clinit> ()V 121 <appendix> argL0 ; # com/mysql/cj/protocol/ExportControlled$$Lambda+0x000001308119c000
instanceKlass  @bci com/mysql/cj/protocol/ExportControlled <clinit> ()V 97 <appendix> argL0 ; # com/mysql/cj/protocol/ExportControlled$$Lambda+0x0000013081197d80
instanceKlass  @cpi com/mysql/cj/protocol/ExportControlled 695 form vmentry <vmtarget> ; # java/lang/invoke/LambdaForm$DMH+0x0000013081198000
instanceKlass java/security/spec/KeySpec
instanceKlass javax/net/ssl/TrustManager
instanceKlass java/security/PrivateKey
instanceKlass javax/security/auth/Destroyable
instanceKlass java/security/Key
instanceKlass com/mysql/cj/protocol/ExportControlled
instanceKlass com/mysql/cj/protocol/a/NativePacketPayload$1
instanceKlass com/mysql/cj/protocol/a/NativeCapabilities
instanceKlass com/mysql/cj/protocol/a/NativePacketHeader
instanceKlass com/mysql/cj/Collation
instanceKlass sun/nio/cs/ArrayEncoder
instanceKlass sun/nio/cs/DelegatableDecoder
instanceKlass java/nio/charset/Charset$ExtendedProviderHolder$1
instanceKlass java/nio/charset/Charset$ExtendedProviderHolder
instanceKlass  @bci com/mysql/cj/MysqlCharset <init> (Ljava/lang/String;II[Ljava/lang/String;Lcom/mysql/cj/ServerVersion;)V 81 <appendix> member <vmtarget> ; # com/mysql/cj/MysqlCharset$$Lambda+0x0000013081195ca8
instanceKlass com/mysql/cj/ServerVersion
instanceKlass com/mysql/cj/MysqlCharset
instanceKlass com/mysql/cj/CharsetMapping
instanceKlass com/mysql/cj/protocol/a/NativeServerSessionStateController
instanceKlass com/mysql/cj/protocol/ServerSessionStateController
instanceKlass com/mysql/cj/protocol/a/NativeServerSession
instanceKlass com/mysql/cj/protocol/a/BinaryResultsetReader
instanceKlass com/mysql/cj/protocol/a/TextResultsetReader
instanceKlass com/mysql/cj/protocol/a/ResultsetRowReader
instanceKlass com/mysql/cj/protocol/ResultsetRow
instanceKlass com/mysql/cj/protocol/a/ColumnDefinitionReader
instanceKlass com/mysql/cj/protocol/ProtocolEntityReader
instanceKlass  @bci com/mysql/cj/protocol/a/NativeAuthenticationProvider <init> ()V 26 <appendix> member <vmtarget> ; # com/mysql/cj/protocol/a/NativeAuthenticationProvider$$Lambda+0x0000013081193ac0
instanceKlass com/mysql/cj/callback/MysqlCallback
instanceKlass com/mysql/cj/callback/MysqlCallbackHandler
instanceKlass com/mysql/cj/protocol/a/NativeAuthenticationProvider
instanceKlass com/mysql/cj/protocol/a/SimplePacketReader
instanceKlass com/mysql/cj/protocol/a/SimplePacketSender
instanceKlass com/mysql/cj/protocol/a/NativePacketPayload
instanceKlass com/mysql/cj/log/BaseMetricsHolder
instanceKlass com/mysql/cj/protocol/AbstractProtocol$2
instanceKlass com/mysql/cj/protocol/AbstractProtocol$1
instanceKlass  @bci com/mysql/cj/protocol/a/NativeProtocol <clinit> ()V 504 <appendix> argL0 ; # com/mysql/cj/protocol/a/NativeProtocol$$Lambda+0x0000013081192768
instanceKlass java/time/ZonedDateTime
instanceKlass java/time/chrono/ChronoZonedDateTime
instanceKlass  @bci com/mysql/cj/protocol/a/NativeProtocol <clinit> ()V 487 <appendix> argL0 ; # com/mysql/cj/protocol/a/NativeProtocol$$Lambda+0x0000013081192260
instanceKlass  @bci com/mysql/cj/protocol/a/NativeProtocol <clinit> ()V 470 <appendix> argL0 ; # com/mysql/cj/protocol/a/NativeProtocol$$Lambda+0x0000013081191d58
instanceKlass  @bci com/mysql/cj/protocol/a/NativeProtocol <clinit> ()V 453 <appendix> argL0 ; # com/mysql/cj/protocol/a/NativeProtocol$$Lambda+0x0000013081191850
instanceKlass  @bci com/mysql/cj/protocol/a/NativeProtocol <clinit> ()V 436 <appendix> argL0 ; # com/mysql/cj/protocol/a/NativeProtocol$$Lambda+0x0000013081191348
instanceKlass  @bci com/mysql/cj/protocol/a/NativeProtocol <clinit> ()V 419 <appendix> argL0 ; # com/mysql/cj/protocol/a/NativeProtocol$$Lambda+0x0000013081191130
instanceKlass  @bci com/mysql/cj/protocol/a/NativeProtocol <clinit> ()V 402 <appendix> argL0 ; # com/mysql/cj/protocol/a/NativeProtocol$$Lambda+0x0000013081190f18
instanceKlass java/time/OffsetTime
instanceKlass  @bci com/mysql/cj/protocol/a/NativeProtocol <clinit> ()V 385 <appendix> argL0 ; # com/mysql/cj/protocol/a/NativeProtocol$$Lambda+0x0000013081190a10
instanceKlass java/time/OffsetDateTime
instanceKlass  @bci com/mysql/cj/protocol/a/NativeProtocol <clinit> ()V 368 <appendix> argL0 ; # com/mysql/cj/protocol/a/NativeProtocol$$Lambda+0x0000013081190508
instanceKlass  @bci com/mysql/cj/protocol/a/NativeProtocol <clinit> ()V 351 <appendix> argL0 ; # com/mysql/cj/protocol/a/NativeProtocol$$Lambda+0x00000130811902f0
instanceKlass  @bci com/mysql/cj/protocol/a/NativeProtocol <clinit> ()V 334 <appendix> argL0 ; # com/mysql/cj/protocol/a/NativeProtocol$$Lambda+0x000001308118bdb0
instanceKlass  @bci com/mysql/cj/protocol/a/NativeProtocol <clinit> ()V 317 <appendix> argL0 ; # com/mysql/cj/protocol/a/NativeProtocol$$Lambda+0x000001308118b8a8
instanceKlass  @bci com/mysql/cj/protocol/a/NativeProtocol <clinit> ()V 300 <appendix> argL0 ; # com/mysql/cj/protocol/a/NativeProtocol$$Lambda+0x000001308118b3a0
instanceKlass  @bci com/mysql/cj/protocol/a/NativeProtocol <clinit> ()V 284 <appendix> argL0 ; # com/mysql/cj/protocol/a/NativeProtocol$$Lambda+0x000001308118b188
instanceKlass java/time/Instant
instanceKlass  @bci com/mysql/cj/protocol/a/NativeProtocol <clinit> ()V 267 <appendix> argL0 ; # com/mysql/cj/protocol/a/NativeProtocol$$Lambda+0x000001308118ac80
instanceKlass  @bci com/mysql/cj/protocol/a/NativeProtocol <clinit> ()V 250 <appendix> argL0 ; # com/mysql/cj/protocol/a/NativeProtocol$$Lambda+0x000001308118aa68
instanceKlass  @bci com/mysql/cj/protocol/a/NativeProtocol <clinit> ()V 233 <appendix> argL0 ; # com/mysql/cj/protocol/a/NativeProtocol$$Lambda+0x000001308118a850
instanceKlass  @bci com/mysql/cj/protocol/a/NativeProtocol <clinit> ()V 216 <appendix> argL0 ; # com/mysql/cj/protocol/a/NativeProtocol$$Lambda+0x000001308118a348
instanceKlass  @bci com/mysql/cj/protocol/a/NativeProtocol <clinit> ()V 199 <appendix> argL0 ; # com/mysql/cj/protocol/a/NativeProtocol$$Lambda+0x000001308118a130
instanceKlass  @bci com/mysql/cj/protocol/a/NativeProtocol <clinit> ()V 182 <appendix> argL0 ; # com/mysql/cj/protocol/a/NativeProtocol$$Lambda+0x0000013081189c28
instanceKlass  @bci com/mysql/cj/protocol/a/NativeProtocol <clinit> ()V 165 <appendix> argL0 ; # com/mysql/cj/protocol/a/NativeProtocol$$Lambda+0x0000013081189720
instanceKlass  @bci com/mysql/cj/protocol/a/NativeProtocol <clinit> ()V 148 <appendix> argL0 ; # com/mysql/cj/protocol/a/NativeProtocol$$Lambda+0x0000013081188f18
instanceKlass  @bci com/mysql/cj/protocol/a/NativeProtocol <clinit> ()V 131 <appendix> argL0 ; # com/mysql/cj/protocol/a/NativeProtocol$$Lambda+0x0000013081188a10
instanceKlass  @bci com/mysql/cj/protocol/a/NativeProtocol <clinit> ()V 114 <appendix> argL0 ; # com/mysql/cj/protocol/a/NativeProtocol$$Lambda+0x0000013081188508
instanceKlass  @bci com/mysql/cj/protocol/a/NativeProtocol <clinit> ()V 97 <appendix> argL0 ; # com/mysql/cj/protocol/a/NativeProtocol$$Lambda+0x00000130811882f0
instanceKlass  @bci com/mysql/cj/protocol/a/NativeProtocol <clinit> ()V 81 <appendix> argL0 ; # com/mysql/cj/protocol/a/NativeProtocol$$Lambda+0x0000013081180400
instanceKlass  @bci com/mysql/cj/protocol/a/NativeProtocol <clinit> ()V 64 <appendix> argL0 ; # com/mysql/cj/protocol/a/NativeProtocol$$Lambda+0x0000013081181be8
instanceKlass  @bci com/mysql/cj/protocol/a/NativeProtocol <clinit> ()V 47 <appendix> argL0 ; # com/mysql/cj/protocol/a/NativeProtocol$$Lambda+0x00000130811819d0
instanceKlass com/mysql/cj/protocol/a/AbstractValueEncoder
instanceKlass com/mysql/cj/protocol/ValueEncoder
instanceKlass com/mysql/cj/MessageBuilder
instanceKlass com/mysql/cj/protocol/ServerSessionStateController$ServerSessionStateChanges
instanceKlass com/mysql/cj/CharsetSettings
instanceKlass com/mysql/cj/protocol/ServerCapabilities
instanceKlass com/mysql/cj/protocol/MessageHeader
instanceKlass com/mysql/cj/protocol/AuthenticationProvider
instanceKlass com/mysql/cj/protocol/ServerSession
instanceKlass com/mysql/cj/protocol/MessageReader
instanceKlass com/mysql/cj/protocol/MessageSender
instanceKlass com/mysql/cj/protocol/PacketReceivedTimeHolder
instanceKlass com/mysql/cj/protocol/AbstractProtocol
instanceKlass com/mysql/cj/protocol/Protocol$ProtocolEventHandler
instanceKlass com/mysql/cj/conf/RuntimeProperty$RuntimePropertyListener
instanceKlass com/mysql/cj/protocol/StandardSocketFactory
instanceKlass com/mysql/cj/protocol/PacketSentTimeHolder
instanceKlass com/mysql/cj/protocol/SocketFactory
instanceKlass com/mysql/cj/protocol/SocketMetadata
instanceKlass com/mysql/cj/protocol/AbstractSocketConnection
instanceKlass  @bci com/mysql/cj/jdbc/ConnectionImpl initializeSafeQueryInterceptors ()V 45 <appendix> argL0 ; # com/mysql/cj/jdbc/ConnectionImpl$$Lambda+0x00000130811851a8
instanceKlass  @bci com/mysql/cj/jdbc/ConnectionImpl initializeSafeQueryInterceptors ()V 35 <appendix> member <vmtarget> ; # com/mysql/cj/jdbc/ConnectionImpl$$Lambda+0x0000013081184f68
instanceKlass com/mysql/cj/NoSubInterceptorWrapper
instanceKlass java/util/LinkedList$LLSpliterator
instanceKlass  @bci java/util/stream/Collectors toCollection (Ljava/util/function/Supplier;)Ljava/util/stream/Collector; 10 <appendix> argL0 ; # java/util/stream/Collectors$$Lambda+0x0000013081168e00
instanceKlass  @bci java/util/stream/Collectors toCollection (Ljava/util/function/Supplier;)Ljava/util/stream/Collector; 5 <appendix> argL0 ; # java/util/stream/Collectors$$Lambda+0x0000013081168bd8
instanceKlass  @bci com/mysql/cj/util/Util loadClasses (Ljava/lang/Class;Ljava/lang/String;Ljava/lang/String;Lcom/mysql/cj/exceptions/ExceptionInterceptor;)Ljava/util/List; 34 <appendix> argL0 ; # com/mysql/cj/util/Util$$Lambda+0x0000013081184ac0
instanceKlass  @bci com/mysql/cj/util/Util loadClasses (Ljava/lang/Class;Ljava/lang/String;Ljava/lang/String;Lcom/mysql/cj/exceptions/ExceptionInterceptor;)Ljava/util/List; 24 <appendix> member <vmtarget> ; # com/mysql/cj/util/Util$$Lambda+0x0000013081184880
instanceKlass  @bci com/mysql/cj/util/Util loadClasses (Ljava/lang/Class;Ljava/lang/String;Ljava/lang/String;Lcom/mysql/cj/exceptions/ExceptionInterceptor;)Ljava/util/List; 12 <appendix> argL0 ; # com/mysql/cj/util/Util$$Lambda+0x0000013081184638
instanceKlass com/mysql/cj/interceptors/QueryInterceptor
instanceKlass com/mysql/cj/result/Row
instanceKlass com/mysql/cj/jdbc/DatabaseMetaData$IteratorWithCleanup
instanceKlass com/mysql/cj/protocol/ResultsetRows
instanceKlass com/mysql/cj/result/RowList
instanceKlass com/mysql/cj/jdbc/DatabaseMetaData
# instanceKlass java/lang/invoke/LambdaForm$MH+0x0000013081180000
instanceKlass com/mysql/cj/log/LogFactory
instanceKlass com/mysql/cj/log/NullLogger
instanceKlass com/mysql/cj/result/ValueFactory
instanceKlass com/mysql/cj/protocol/Message
instanceKlass com/mysql/cj/protocol/Protocol
instanceKlass com/mysql/cj/protocol/SocketConnection
instanceKlass com/mysql/cj/DataStoreMetadata
instanceKlass com/mysql/cj/CoreSession
instanceKlass com/mysql/cj/protocol/a/result/NativeResultset
instanceKlass com/mysql/cj/WarningListener
instanceKlass com/mysql/cj/jdbc/result/ResultSetInternalMethods
instanceKlass com/mysql/cj/protocol/Resultset
instanceKlass com/mysql/cj/protocol/ResultsetRowsOwner
instanceKlass java/sql/ResultSet
instanceKlass com/mysql/cj/jdbc/result/ResultSetFactory
instanceKlass com/mysql/cj/conf/AbstractRuntimeProperty
instanceKlass com/mysql/cj/PerConnectionLRUFactory
instanceKlass com/mysql/cj/util/PerVmServerConfigCacheFactory
instanceKlass com/mysql/cj/CacheAdapterFactory
instanceKlass com/mysql/cj/conf/AbstractPropertyDefinition
instanceKlass com/mysql/cj/conf/PropertyDefinitions
instanceKlass com/mysql/cj/conf/RuntimeProperty
instanceKlass com/mysql/cj/conf/PropertyDefinition
instanceKlass com/mysql/cj/conf/DefaultPropertySet
instanceKlass  @bci com/mysql/cj/conf/HostInfo exposeAsProperties ()Ljava/util/Properties; 23 <appendix> member <vmtarget> ; # com/mysql/cj/conf/HostInfo$$Lambda+0x0000013081151308
instanceKlass java/util/Random
instanceKlass java/util/random/RandomGenerator
instanceKlass com/mysql/cj/log/StandardLogger
instanceKlass com/mysql/cj/log/Log
instanceKlass java/sql/Blob
instanceKlass com/mysql/cj/jdbc/result/CachedResultSetMetaData
instanceKlass com/mysql/cj/protocol/ColumnDefinition
instanceKlass com/mysql/cj/protocol/ProtocolEntity
instanceKlass java/sql/NClob
instanceKlass java/sql/Clob
instanceKlass java/sql/Savepoint
instanceKlass java/sql/SQLXML
instanceKlass java/sql/DatabaseMetaData
instanceKlass java/sql/CallableStatement
instanceKlass java/lang/reflect/InvocationHandler
instanceKlass com/mysql/cj/Session
instanceKlass com/mysql/cj/jdbc/StatementImpl
instanceKlass com/mysql/cj/jdbc/JdbcPreparedStatement
instanceKlass com/mysql/cj/jdbc/JdbcStatement
instanceKlass com/mysql/cj/Query
instanceKlass java/sql/PreparedStatement
instanceKlass java/sql/Statement
instanceKlass com/mysql/cj/protocol/ProtocolEntityFactory
instanceKlass com/mysql/cj/jdbc/IterateBlock
instanceKlass com/mysql/cj/exceptions/ExceptionInterceptor
instanceKlass com/mysql/cj/jdbc/ConnectionImpl
instanceKlass com/mysql/cj/Session$SessionEventListener
instanceKlass com/mysql/cj/jdbc/JdbcConnection
instanceKlass com/mysql/cj/TransactionEventHandler
instanceKlass com/mysql/cj/MysqlConnection
instanceKlass com/mysql/cj/jdbc/NonRegisteringDriver$1
instanceKlass  @bci com/mysql/cj/conf/ConnectionUrl fixHostInfo (Lcom/mysql/cj/conf/HostInfo;)Lcom/mysql/cj/conf/HostInfo; 33 <appendix> member <vmtarget> ; # com/mysql/cj/conf/ConnectionUrl$$Lambda+0x0000013081147348
instanceKlass java/util/stream/ForEachOps$ForEachOp
instanceKlass java/util/stream/ForEachOps
instanceKlass  @bci com/mysql/cj/conf/ConnectionUrl collectHostsInfo (Lcom/mysql/cj/conf/ConnectionUrlParser;)V 29 <appendix> member <vmtarget> ; # com/mysql/cj/conf/ConnectionUrl$$Lambda+0x0000013081147118
instanceKlass  @bci com/mysql/cj/conf/ConnectionUrl collectHostsInfo (Lcom/mysql/cj/conf/ConnectionUrlParser;)V 10 <appendix> member <vmtarget> ; # com/mysql/cj/conf/ConnectionUrl$$Lambda+0x0000013081146ed8
instanceKlass  @cpi com/mysql/cj/conf/ConnectionUrl 492 form vmentry <vmtarget> ; # java/lang/invoke/LambdaForm$DMH+0x0000013081143c00
instanceKlass java/util/ArrayList$ArrayListSpliterator
instanceKlass  @bci com/mysql/cj/conf/ConnectionUrl collectProperties (Lcom/mysql/cj/conf/ConnectionUrlParser;Ljava/util/Properties;)V 40 <appendix> member <vmtarget> ; # com/mysql/cj/conf/ConnectionUrl$$Lambda+0x0000013081146ca8
instanceKlass  @bci java/util/Collections$UnmodifiableMap$UnmodifiableEntrySet entryConsumer (Ljava/util/function/Consumer;)Ljava/util/function/Consumer; 1 <appendix> member <vmtarget> ; # java/util/Collections$UnmodifiableMap$UnmodifiableEntrySet$$Lambda+0x0000013081168340
instanceKlass  @bci com/mysql/cj/conf/ConnectionUrl collectProperties (Lcom/mysql/cj/conf/ConnectionUrlParser;Ljava/util/Properties;)V 15 <appendix> member <vmtarget> ; # com/mysql/cj/conf/ConnectionUrl$$Lambda+0x0000013081146a78
instanceKlass java/util/Collections$UnmodifiableMap$UnmodifiableEntrySet$UnmodifiableEntrySetSpliterator
# instanceKlass java/lang/invoke/LambdaForm$MH+0x0000013081143800
# instanceKlass java/lang/invoke/LambdaForm$MH+0x0000013081143400
instanceKlass java/math/MathContext
instanceKlass jdk/internal/math/MathUtils
instanceKlass jdk/internal/math/DoubleToDecimal
instanceKlass java/util/ResourceBundle$Control$2
instanceKlass java/util/stream/AbstractSpinedBuffer
instanceKlass  @bci java/util/stream/ReferencePipeline toArray ()[Ljava/lang/Object; 1 <appendix> argL0 ; # java/util/stream/ReferencePipeline$$Lambda+0x00000130811652b0
instanceKlass java/util/ImmutableCollections$Access$1
instanceKlass jdk/internal/access/JavaUtilCollectionAccess
instanceKlass java/util/ImmutableCollections$Access
instanceKlass  @bci java/util/ResourceBundle$ResourceBundleControlProviderHolder lambda$static$0 ()Ljava/util/List; 11 <appendix> argL0 ; # java/util/ResourceBundle$ResourceBundleControlProviderHolder$$Lambda+0x0000013081164a50
instanceKlass  @cpi java/util/ResourceBundle$ResourceBundleControlProviderHolder 125 form vmentry <vmtarget> ; # java/lang/invoke/LambdaForm$DMH+0x0000013081143000
instanceKlass java/util/ServiceLoader$ProviderSpliterator
instanceKlass java/util/spi/ResourceBundleControlProvider
instanceKlass  @bci java/util/ResourceBundle$ResourceBundleControlProviderHolder <clinit> ()V 0 <appendix> argL0 ; # java/util/ResourceBundle$ResourceBundleControlProviderHolder$$Lambda+0x00000130811643a8
instanceKlass java/util/ResourceBundle$ResourceBundleControlProviderHolder
instanceKlass com/mysql/cj/Messages
instanceKlass com/mysql/cj/Constants
instanceKlass com/mysql/cj/util/Util
instanceKlass com/mysql/cj/conf/HostInfo
instanceKlass com/mysql/cj/conf/ConnectionUrlParser$Pair
instanceKlass com/mysql/cj/util/StringInspector
instanceKlass  @bci com/mysql/cj/conf/ConnectionUrl buildConnectionStringCacheKey (Ljava/lang/String;Ljava/util/Properties;)Ljava/lang/String; 35 <appendix> member <vmtarget> ; # com/mysql/cj/conf/ConnectionUrl$$Lambda+0x00000130811453e0
instanceKlass java/util/HashMap$HashMapSpliterator
instanceKlass java/net/URLDecoder
instanceKlass com/mysql/cj/util/StringUtils
instanceKlass  @bci java/util/regex/Pattern DOT ()Ljava/util/regex/Pattern$CharPredicate; 0 <appendix> argL0 ; # java/util/regex/Pattern$$Lambda+0x0000013081163330
instanceKlass  @bci java/util/regex/Pattern negate (Ljava/util/regex/Pattern$CharPredicate;)Ljava/util/regex/Pattern$CharPredicate; 1 <appendix> member <vmtarget> ; # java/util/regex/Pattern$$Lambda+0x800000032
instanceKlass  @bci java/util/regex/CharPredicates ASCII_SPACE ()Ljava/util/regex/Pattern$BmpCharPredicate; 0 <appendix> argL0 ; # java/util/regex/CharPredicates$$Lambda+0x800000027
instanceKlass  @bci java/util/regex/Pattern union (Ljava/util/regex/Pattern$CharPredicate;Ljava/util/regex/Pattern$CharPredicate;Z)Ljava/util/regex/Pattern$CharPredicate; 6 <appendix> member <vmtarget> ; # java/util/regex/Pattern$$Lambda+0x800000033
instanceKlass  @bci java/util/regex/CharPredicates ASCII_WORD ()Ljava/util/regex/Pattern$BmpCharPredicate; 0 <appendix> argL0 ; # java/util/regex/CharPredicates$$Lambda+0x0000013081162e90
instanceKlass java/util/regex/CharPredicates
instanceKlass com/mysql/cj/conf/ConnectionUrlParser
instanceKlass com/mysql/cj/conf/ConnectionUrl
instanceKlass com/mysql/cj/conf/DatabaseUrlContainer
instanceKlass java/sql/DriverInfo
instanceKlass  @bci java/util/concurrent/Executors$AutoShutdownDelegatedExecutorService <init> (Ljava/util/concurrent/ExecutorService;)V 6 <appendix> member <vmtarget> ; # java/util/concurrent/Executors$AutoShutdownDelegatedExecutorService$$Lambda+0x00000130811622b0
instanceKlass java/util/concurrent/LinkedBlockingQueue$Node
instanceKlass java/util/concurrent/ThreadPoolExecutor$AbortPolicy
instanceKlass java/util/concurrent/RejectedExecutionHandler
instanceKlass java/util/concurrent/Executors$DelegatedExecutorService
instanceKlass java/util/concurrent/Executors
instanceKlass  @bci com/mysql/cj/jdbc/AbandonedConnectionCleanupThread <clinit> ()V 51 <appendix> argL0 ; # com/mysql/cj/jdbc/AbandonedConnectionCleanupThread$$Lambda+0x000001308100f9c8
instanceKlass com/mysql/cj/jdbc/AbandonedConnectionCleanupThread
instanceKlass com/mysql/cj/jdbc/JdbcPropertySet
instanceKlass com/mysql/cj/conf/PropertySet
instanceKlass java/sql/Connection
instanceKlass java/sql/Wrapper
instanceKlass com/mysql/cj/jdbc/NonRegisteringDriver
instanceKlass sun/net/www/protocol/jar/JarFileFactory
instanceKlass sun/net/www/protocol/jar/URLJarFile$URLJarFileCloseController
instanceKlass java/sql/Driver
instanceKlass java/sql/DriverManager$2
instanceKlass java/sql/DriverManager$1
instanceKlass  @bci java/sql/DriverManager getConnection (Ljava/lang/String;Ljava/util/Properties;Ljava/lang/Class;)Ljava/sql/Connection; 49 <appendix> form vmentry <vmtarget> ; # java/lang/invoke/LambdaForm$MH+0x0000013081141c00
# instanceKlass java/lang/invoke/LambdaForm$MH+0x0000013081141800
instanceKlass  @bci java/sql/DriverManager getConnection (Ljava/lang/String;Ljava/util/Properties;Ljava/lang/Class;)Ljava/sql/Connection; 49 <appendix> argL3 form vmentry <vmtarget> ; # java/lang/invoke/LambdaForm$MH+0x0000013081141400
# instanceKlass java/lang/invoke/LambdaForm$MH+0x0000013081141000
# instanceKlass java/lang/invoke/LambdaForm$MH+0x0000013081140c00
# instanceKlass java/lang/invoke/LambdaForm$MH+0x0000013081140800
instanceKlass java/sql/DriverManager
instanceKlass org/example/utils/DatabaseUtils
instanceKlass sun/awt/ModalExclude
instanceKlass javax/swing/KeyboardManager
instanceKlass javax/swing/event/UndoableEditListener
instanceKlass sun/swing/text/UndoableEditLockSupport
instanceKlass javax/swing/JComponent$ActionStandin
instanceKlass javax/accessibility/AccessibleContext
instanceKlass java/io/ObjectStreamConstants
instanceKlass java/io/ObjectOutput
instanceKlass javax/swing/text/JTextComponent$4$1
instanceKlass com/sun/beans/util/Cache$Kind$Strong
instanceKlass com/sun/beans/util/Cache$Ref
instanceKlass javax/swing/text/GapContent$UndoPosRef
instanceKlass javax/swing/JComponent$IntVector
instanceKlass javax/swing/JComponent$KeyboardState
instanceKlass sun/awt/DebugSettings
instanceKlass sun/java2d/loops/PixelWriter
instanceKlass sun/java2d/pipe/ShapeSpanIterator
instanceKlass sun/awt/geom/PathConsumer2D
instanceKlass sun/java2d/pipe/SpanIterator
instanceKlass java/awt/geom/LineIterator
instanceKlass sun/font/StandardGlyphVector$GlyphStrike
instanceKlass java/awt/font/TextLine$TextLineMetrics
instanceKlass java/awt/font/GlyphVector
instanceKlass  @bci sun/font/SunLayoutEngine getFacePtr (Lsun/font/Font2D;)J 10 <appendix> argL0 ; # sun/font/SunLayoutEngine$$Lambda+0x0000013081135030
instanceKlass sun/font/SunLayoutEngine$FaceRef
instanceKlass sun/font/GlyphLayout$LayoutEngineKey
instanceKlass sun/font/GlyphLayout$EngineRecord
instanceKlass sun/font/ScriptRunData
instanceKlass sun/font/FontSubstitution
instanceKlass sun/font/GlyphLayout$SDCache$SDKey
instanceKlass sun/font/GlyphLayout$SDCache
instanceKlass sun/font/FontRunIterator
instanceKlass sun/font/ScriptRun
instanceKlass sun/font/TextRecord
instanceKlass sun/font/GlyphLayout$GVData
instanceKlass sun/font/SunLayoutEngine
instanceKlass sun/font/GlyphLayout$LayoutEngineFactory
instanceKlass sun/font/GlyphLayout$LayoutEngine
instanceKlass sun/font/GlyphLayout
instanceKlass sun/font/TextLabel
instanceKlass sun/font/Decoration$Label
instanceKlass sun/font/TextSource
instanceKlass sun/font/TextLineComponent
instanceKlass sun/font/TextLabelFactory
instanceKlass sun/font/Underline
instanceKlass java/util/Collections$UnmodifiableMap$UnmodifiableEntrySet$UnmodifiableEntry
instanceKlass java/util/Collections$UnmodifiableMap$UnmodifiableEntrySet$1
instanceKlass sun/font/Decoration
instanceKlass jdk/internal/icu/impl/Trie2$UTrie2Header
instanceKlass jdk/internal/icu/impl/Trie2$1
instanceKlass jdk/internal/icu/impl/Trie2$ValueMapper
instanceKlass jdk/internal/icu/impl/Trie2
instanceKlass jdk/internal/icu/impl/UBiDiProps$IsAcceptable
instanceKlass jdk/internal/icu/impl/ICUBinary$Authenticate
instanceKlass jdk/internal/icu/impl/ICUBinary$1
instanceKlass jdk/internal/icu/impl/ICUBinary
instanceKlass jdk/internal/icu/impl/UBiDiProps
instanceKlass jdk/internal/icu/lang/UCharacter
instanceKlass jdk/internal/icu/text/BidiBase$ImpTabPair
instanceKlass jdk/internal/icu/text/BidiBase
instanceKlass java/text/Bidi
instanceKlass sun/font/AttributeValues$1
instanceKlass java/text/AttributeEntry
instanceKlass java/awt/font/TextLine$Function
instanceKlass java/awt/font/TextLine
instanceKlass java/awt/font/LineMetrics
instanceKlass sun/font/CoreMetrics
instanceKlass java/awt/font/TextLayout$CaretPolicy
instanceKlass java/awt/font/TextLayout
instanceKlass javax/swing/RepaintManager$3
instanceKlass javax/swing/text/StyledDocument
instanceKlass javax/swing/text/DefaultCaret$1
instanceKlass javax/swing/text/AbstractDocument$UndoRedoDocumentEvent
instanceKlass javax/swing/event/DocumentEvent$ElementChange
instanceKlass javax/swing/event/DocumentEvent$EventType
instanceKlass javax/swing/event/DocumentEvent
instanceKlass javax/swing/undo/AbstractUndoableEdit
instanceKlass javax/swing/undo/UndoableEdit
instanceKlass sun/awt/windows/WInputMethod$1
instanceKlass java/awt/font/TextHitInfo
instanceKlass java/awt/im/InputMethodHighlight
instanceKlass java/text/Annotation
instanceKlass javax/swing/Autoscroller
instanceKlass javax/swing/Timer$1
instanceKlass javax/swing/TimerQueue$DelayedTimer
instanceKlass java/util/concurrent/Delayed
instanceKlass  @bci javax/swing/TimerQueue startIfNeeded ()V 33 <appendix> member <vmtarget> ; # javax/swing/TimerQueue$$Lambda+0x0000013081123b58
instanceKlass java/util/concurrent/BlockingQueue
instanceKlass javax/swing/TimerQueue
instanceKlass java/text/AttributedString$AttributedStringIterator
instanceKlass java/text/AttributedCharacterIterator
instanceKlass java/text/AttributedString
instanceKlass sun/awt/im/CompositionAreaHandler
instanceKlass javax/swing/text/JTextComponent$InputMethodRequestsHandler
instanceKlass java/awt/KeyboardFocusManager$3
instanceKlass sun/awt/im/InputMethodAdapter
instanceKlass java/awt/im/spi/InputMethod
instanceKlass java/awt/im/spi/InputMethodContext
instanceKlass java/awt/im/InputMethodRequests
instanceKlass java/awt/im/InputContext
instanceKlass java/awt/Toolkit$SelectiveAWTEventListener
instanceKlass java/awt/LightweightDispatcher$1
instanceKlass java/awt/Container$MouseEventTargetFilter
instanceKlass java/awt/Container$EventTargetFilter
instanceKlass java/awt/KeyboardFocusManager$LightweightFocusRequest
instanceKlass java/awt/DefaultKeyboardFocusManager$TypeAheadMarker
instanceKlass java/awt/KeyboardFocusManager$HeavyweightFocusRequest
instanceKlass sun/awt/KeyboardFocusManagerPeerImpl$KfmAccessor
instanceKlass sun/awt/image/BufImgSurfaceData$ICMColorData
instanceKlass sun/font/SunFontManager$3
instanceKlass java/lang/FdLibm
instanceKlass java/lang/FdLibm$Cbrt
instanceKlass java/awt/geom/Line2D
instanceKlass javax/swing/text/Utilities
instanceKlass javax/swing/text/Segment
instanceKlass java/text/CharacterIterator
instanceKlass javax/swing/text/SegmentCache
instanceKlass sun/java2d/marlin/ArrayCacheConst
instanceKlass sun/java2d/marlin/Helpers
instanceKlass java/awt/geom/RoundRectIterator
instanceKlass sun/java2d/marlin/DPQSSorterContext
instanceKlass sun/java2d/marlin/MarlinUtils
instanceKlass sun/java2d/marlin/MergeSort
instanceKlass sun/java2d/marlin/Dasher$LengthIterator
instanceKlass sun/java2d/marlin/Dasher
instanceKlass sun/java2d/marlin/Stroker
instanceKlass sun/java2d/marlin/MarlinTileGenerator
instanceKlass sun/java2d/pipe/AATileGenerator
instanceKlass sun/java2d/marlin/Renderer
instanceKlass sun/java2d/marlin/ArrayCacheIntClean$Reference
instanceKlass  @bci sun/java2d/marlin/OffHeapArray <init> (Ljava/lang/Object;J)V 52 <appendix> member <vmtarget> ; # sun/java2d/marlin/OffHeapArray$$Lambda+0x0000013081114cc0
instanceKlass sun/java2d/marlin/OffHeapArray
instanceKlass sun/java2d/marlin/MarlinCache
instanceKlass sun/java2d/marlin/ArrayCacheInt$Reference
instanceKlass sun/java2d/marlin/Helpers$IndexStack
instanceKlass sun/java2d/marlin/TransformingPathConsumer2D$PathClipFilter
instanceKlass sun/java2d/marlin/TransformingPathConsumer2D$StartFlagPathConsumer2D
instanceKlass sun/java2d/marlin/ArrayCacheByte$Reference
instanceKlass sun/java2d/marlin/ArrayCacheDouble$Reference
instanceKlass sun/java2d/marlin/Helpers$PolyStack
instanceKlass sun/java2d/marlin/TransformingPathConsumer2D$ClosedPathDetector
instanceKlass sun/java2d/marlin/TransformingPathConsumer2D$PathTracer
instanceKlass sun/java2d/marlin/TransformingPathConsumer2D$DeltaTransformFilter
instanceKlass sun/java2d/marlin/TransformingPathConsumer2D$DeltaScaleFilter
instanceKlass sun/java2d/marlin/TransformingPathConsumer2D$Path2DWrapper
instanceKlass sun/java2d/marlin/TransformingPathConsumer2D
instanceKlass sun/java2d/marlin/TransformingPathConsumer2D$CurveClipSplitter
instanceKlass sun/java2d/marlin/TransformingPathConsumer2D$CurveBasicMonotonizer
instanceKlass sun/java2d/marlin/DMarlinRenderingEngine$NormalizingPathIterator
instanceKlass java/awt/geom/PathIterator
instanceKlass sun/java2d/marlin/RendererContext$PathConsumer2DAdapter
instanceKlass sun/java2d/marlin/ArrayCacheByte
instanceKlass sun/java2d/marlin/ArrayCacheDouble
instanceKlass sun/java2d/marlin/ArrayCacheInt
instanceKlass sun/java2d/marlin/ArrayCacheIntClean
instanceKlass sun/java2d/marlin/PathSimplifier
instanceKlass sun/java2d/marlin/CollinearSimplifier
instanceKlass sun/java2d/marlin/DPathConsumer2D
instanceKlass sun/java2d/marlin/Curve
instanceKlass sun/java2d/ReentrantContext
instanceKlass sun/java2d/loops/RenderLoops
instanceKlass sun/java2d/loops/GraphicsPrimitiveMgr$PrimitiveSpec
instanceKlass javax/swing/plaf/metal/MetalUtils
instanceKlass sun/java2d/loops/FontInfo
instanceKlass java/awt/PrintGraphics
instanceKlass java/awt/print/PrinterGraphics
instanceKlass sun/font/StrikeCache$DisposableStrike
instanceKlass sun/font/FontStrikeDisposer
instanceKlass sun/java2d/Disposer$PollDisposable
instanceKlass sun/font/CMap
instanceKlass sun/font/FontScaler
instanceKlass sun/font/FontStrikeDesc
instanceKlass jdk/internal/foreign/MemorySessionImpl
instanceKlass java/lang/foreign/MemorySegment$Scope
instanceKlass sun/font/TrueTypeFont$DirectoryEntry
instanceKlass sun/nio/ch/IOStatus
instanceKlass java/nio/channels/spi/AbstractInterruptibleChannel$1
instanceKlass sun/nio/ch/Interruptible
instanceKlass sun/nio/ch/NativeThreadSet
instanceKlass java/nio/file/attribute/FileAttribute
instanceKlass java/nio/channels/SeekableByteChannel
instanceKlass sun/font/TrueTypeFont$1
instanceKlass sun/font/TrueTypeFont$TTDisposerRecord
instanceKlass sun/font/SunFontManager$4
instanceKlass sun/font/SunFontManager$FamilyDescription
instanceKlass sun/font/FontDesignMetrics$MetricsKey
instanceKlass java/awt/FontMetrics
instanceKlass sun/swing/SwingUtilities2$KeyPair
instanceKlass sun/awt/SunGraphicsCallback
instanceKlass  @bci sun/java2d/d3d/D3DScreenUpdateManager startUpdateThread ()V 9 <appendix> member <vmtarget> ; # sun/java2d/d3d/D3DScreenUpdateManager$$Lambda+0x0000013081104bf8
instanceKlass sun/java2d/pipe/BufferedPaints
instanceKlass  @bci sun/nio/ch/DatagramSocketAdaptor$DatagramPackets <clinit> ()V 16 <appendix> argL0 ; # sun/nio/ch/DatagramSocketAdaptor$DatagramPackets$$Lambda+0x00000130811047e0
instanceKlass sun/nio/ch/DatagramSocketAdaptor$DatagramPackets
instanceKlass  @bci java/net/DatagramPacket setData ([BII)V 9 <appendix> argL0 ; # java/net/DatagramPacket$$Lambda+0x00000130811043a8
instanceKlass java/net/DatagramPacket
instanceKlass sun/nio/ch/ExtendedSocketOption$1
instanceKlass sun/nio/ch/ExtendedSocketOption
instanceKlass sun/nio/ch/OptionKey
instanceKlass sun/nio/ch/SocketOptionRegistry$LazyInitialization
instanceKlass sun/nio/ch/SocketOptionRegistry$RegistryKey
instanceKlass sun/nio/ch/SocketOptionRegistry
instanceKlass sun/nio/ch/DatagramChannelImpl$DefaultOptionsHolder
instanceKlass sun/java2d/d3d/D3DSurfaceData$1
instanceKlass java/net/NetworkInterface
instanceKlass sun/java2d/d3d/D3DSurfaceData$1Status
instanceKlass java/net/StandardSocketOptions$StdSocketOption
instanceKlass java/net/StandardSocketOptions
instanceKlass javax/swing/RepaintManager$4
instanceKlass  @bci sun/nio/ch/DatagramSocketAdaptor$DatagramSockets <clinit> ()V 0 <appendix> argL0 ; # sun/nio/ch/DatagramSocketAdaptor$DatagramSockets$$Lambda+0x0000013081102410
instanceKlass sun/nio/ch/DatagramSocketAdaptor$DatagramSockets
instanceKlass  @bci sun/nio/ch/DatagramChannelImpl releaserFor (Ljava/io/FileDescriptor;[Lsun/nio/ch/NativeSocketAddress;)Ljava/lang/Runnable; 2 <appendix> member <vmtarget> ; # sun/nio/ch/DatagramChannelImpl$$Lambda+0x0000013081101c28
instanceKlass sun/nio/ch/NativeSocketAddress
instanceKlass sun/net/ResourceManager
instanceKlass java/nio/channels/spi/AbstractInterruptibleChannel
instanceKlass java/nio/channels/InterruptibleChannel
instanceKlass java/nio/channels/MulticastChannel
instanceKlass java/nio/channels/NetworkChannel
instanceKlass java/nio/channels/GatheringByteChannel
instanceKlass java/nio/channels/ScatteringByteChannel
instanceKlass java/nio/channels/ByteChannel
instanceKlass java/nio/channels/WritableByteChannel
instanceKlass java/nio/channels/ReadableByteChannel
instanceKlass sun/nio/ch/SelChImpl
instanceKlass java/awt/event/MouseEvent$1
instanceKlass sun/awt/AWTAccessor$MouseEventAccessor
instanceKlass java/nio/channels/Channel
instanceKlass  @bci sun/nio/ch/DefaultSelectorProvider <clinit> ()V 0 <appendix> argL0 ; # sun/nio/ch/DefaultSelectorProvider$$Lambda+0x00000130810cee60
instanceKlass java/nio/channels/spi/SelectorProvider
instanceKlass sun/nio/ch/DefaultSelectorProvider
instanceKlass java/net/DatagramSocket
instanceKlass java/lang/Thread$ThreadNumbering
instanceKlass  @bci org/example/client/LivestreamClient main ([Ljava/lang/String;)V 65 <appendix> argL0 ; # org/example/client/LivestreamClient$$Lambda+0x00000130810c7840
instanceKlass java/awt/Cursor$CursorDisposer
instanceKlass sun/awt/GlobalCursorManager$NativeUpdater
instanceKlass sun/awt/GlobalCursorManager
instanceKlass java/awt/EventQueue$5
instanceKlass java/awt/SplashScreen
instanceKlass sun/awt/NullComponentPeer
instanceKlass sun/awt/LightweightPeerHolder
instanceKlass java/awt/peer/LightweightPeer
instanceKlass sun/awt/im/ExecutableInputMethodManager$3
instanceKlass sun/awt/im/InputMethodLocator
instanceKlass sun/awt/windows/WInputMethodDescriptor
instanceKlass java/awt/im/spi/InputMethodDescriptor
instanceKlass java/util/TimSort
instanceKlass  @bci java/util/Map$Entry comparingByKey ()Ljava/util/Comparator; 0 <appendix> argL0 ; # java/util/Map$Entry$$Lambda+0x00000130810dc950
instanceKlass sun/awt/im/InputMethodManager
instanceKlass  @bci java/lang/invoke/BootstrapMethodInvoker invoke (Ljava/lang/Class;Ljava/lang/invoke/MethodHandle;Ljava/lang/String;Ljava/lang/Object;Ljava/lang/Object;Ljava/lang/Class;)Ljava/lang/Object; 462 <adapter> ; # java/lang/invoke/LambdaForm$MH+0x00000130810cb400
instanceKlass  @bci sun/awt/windows/WToolkit getFontPeer (Ljava/lang/String;I)Ljava/awt/peer/FontPeer; 94 <appendix> form vmentry <vmtarget> ; # java/lang/invoke/LambdaForm$MH+0x00000130810cb000
# instanceKlass java/lang/invoke/LambdaForm$MH+0x00000130810cac00
instanceKlass sun/util/cldr/CLDRBaseLocaleDataMetaInfo$TZCanonicalIDMapHolder
instanceKlass  @bci sun/awt/windows/WToolkit getFontPeer (Ljava/lang/String;I)Ljava/awt/peer/FontPeer; 94 <appendix> argL3 form vmentry <vmtarget> ; # java/lang/invoke/LambdaForm$MH+0x00000130810ca800
instanceKlass  @bci org/example/client/LivestreamClientJFrame jbtCreateRoomActionPerformed (Ljava/awt/event/ActionEvent;)V 206 <appendix> argL3 argL2 form vmentry <vmtarget> ; # java/lang/invoke/LambdaForm$MH+0x00000130810ca400
# instanceKlass java/lang/invoke/LambdaForm$MH+0x00000130810ca000
instanceKlass java/time/chrono/AbstractChronology
instanceKlass java/time/chrono/Chronology
instanceKlass java/time/LocalTime
instanceKlass java/time/temporal/ValueRange
instanceKlass java/time/Duration
instanceKlass java/time/temporal/TemporalAmount
# instanceKlass java/lang/invoke/LambdaForm$MH+0x00000130810c9c00
instanceKlass java/time/temporal/TemporalUnit
instanceKlass java/time/temporal/TemporalField
instanceKlass java/time/LocalDate
instanceKlass java/time/chrono/ChronoLocalDate
instanceKlass java/time/zone/ZoneOffsetTransition
instanceKlass  @bci java/time/ZoneOffset ofTotalSeconds (I)Ljava/time/ZoneOffset; 37 <appendix> argL0 ; # java/time/ZoneOffset$$Lambda+0x80000000e
# instanceKlass java/lang/invoke/LambdaForm$MH+0x00000130810c9800
instanceKlass java/time/LocalDateTime
instanceKlass java/time/chrono/ChronoLocalDateTime
instanceKlass java/time/temporal/TemporalAdjuster
instanceKlass java/time/temporal/Temporal
instanceKlass java/time/temporal/TemporalAccessor
instanceKlass java/time/zone/ZoneOffsetTransitionRule
instanceKlass java/time/zone/ZoneRules
instanceKlass java/time/zone/Ser
instanceKlass  @bci sun/awt/windows/WToolkit getFontPeer (Ljava/lang/String;I)Ljava/awt/peer/FontPeer; 94 <appendix> argL1 form vmentry <vmtarget> ; # java/lang/invoke/LambdaForm$MH+0x00000130810c9400
# instanceKlass java/lang/invoke/LambdaForm$MH+0x00000130810c9000
# instanceKlass java/lang/invoke/LambdaForm$MH+0x00000130810c8c00
# instanceKlass java/lang/invoke/LambdaForm$MH+0x00000130810c8800
instanceKlass java/util/Arrays$ArrayItr
instanceKlass sun/awt/FontConfiguration$2
instanceKlass java/time/zone/ZoneRulesProvider$1
instanceKlass java/time/zone/ZoneRulesProvider
instanceKlass java/time/ZoneId
instanceKlass sun/awt/Win32FontManager$2
instanceKlass sun/font/FontFamily
instanceKlass sun/font/CompositeFontDescriptor
instanceKlass sun/util/resources/provider/NonBaseLocaleDataMetaInfo
instanceKlass  @bci sun/util/locale/provider/JRELocaleProviderAdapter createSupportedLocaleString (Ljava/lang/String;)Ljava/lang/String; 6 <appendix> member <vmtarget> ; # sun/util/locale/provider/JRELocaleProviderAdapter$$Lambda+0x00000130810d7448
instanceKlass sun/util/locale/provider/BaseLocaleDataMetaInfo
instanceKlass  @bci sun/util/locale/provider/JRELocaleProviderAdapter getTimeZoneNameProvider ()Ljava/util/spi/TimeZoneNameProvider; 8 <appendix> member <vmtarget> ; # sun/util/locale/provider/JRELocaleProviderAdapter$$Lambda+0x00000130810d6fd8
instanceKlass sun/font/SunFontManager$FontRegistrationInfo
instanceKlass java/lang/Short$ShortCache
instanceKlass  @bci sun/util/cldr/CLDRLocaleProviderAdapter getTimeZoneNameProvider ()Ljava/util/spi/TimeZoneNameProvider; 8 <appendix> member <vmtarget> ; # sun/util/cldr/CLDRLocaleProviderAdapter$$Lambda+0x00000130810d6350
instanceKlass sun/util/locale/provider/TimeZoneNameUtility$TimeZoneNameGetter
instanceKlass sun/util/locale/provider/TimeZoneNameUtility
instanceKlass sun/nio/cs/Surrogate
instanceKlass sun/nio/cs/Surrogate$Parser
instanceKlass jdk/internal/vm/VMSupport
instanceKlass sun/awt/FontDescriptor
instanceKlass sun/awt/FontConfiguration
instanceKlass sun/font/SunFontManager$2
instanceKlass sun/awt/Win32FontManager$1
instanceKlass sun/font/PlatformFontInfo
instanceKlass sun/font/FontManagerFactory
instanceKlass sun/font/GlyphList
instanceKlass sun/font/StrikeCache$1
instanceKlass sun/font/StrikeCache
instanceKlass sun/font/FontStrike
instanceKlass sun/font/CharToGlyphMapper
instanceKlass sun/font/StrikeMetrics
instanceKlass sun/font/Font2D
instanceKlass sun/font/FontManagerNativeLibrary$1
instanceKlass sun/font/FontManagerNativeLibrary
instanceKlass sun/font/SunFontManager$1
instanceKlass sun/font/SunFontManager$T1Filter
instanceKlass sun/font/SunFontManager$TTFilter
instanceKlass java/io/FilenameFilter
instanceKlass sun/font/Font2DHandle
instanceKlass sun/font/SunFontManager
instanceKlass sun/font/FontManagerForSGE
instanceKlass sun/font/FontManager
instanceKlass sun/java2d/FontSupport
instanceKlass sun/awt/NativeLibLoader$1
instanceKlass sun/awt/NativeLibLoader
instanceKlass sun/awt/PlatformFont
instanceKlass java/awt/peer/FontPeer
instanceKlass  @bci java/awt/SystemColor <clinit> ()V 643 <appendix> argL0 ; # java/awt/SystemColor$$Lambda+0x00000130810fd2b0
instanceKlass  @cpi java/awt/SystemColor 241 form vmentry <vmtarget> ; # java/lang/invoke/LambdaForm$DMH+0x00000130810c8400
instanceKlass sun/awt/AWTAccessor$SystemColorAccessor
instanceKlass sun/java2d/StateTrackableDelegate$1
instanceKlass sun/java2d/StateTracker$2
instanceKlass sun/java2d/StateTracker$1
instanceKlass sun/java2d/StateTracker
instanceKlass sun/java2d/SurfaceDataProxy
instanceKlass sun/awt/image/SurfaceManager$FlushableCacheData
instanceKlass sun/java2d/DefaultDisposerRecord
instanceKlass sun/java2d/windows/GDIRenderer
instanceKlass sun/java2d/loops/GraphicsPrimitiveMgr$2
instanceKlass sun/java2d/loops/GraphicsPrimitiveMgr$1
instanceKlass sun/java2d/loops/GeneralRenderer
instanceKlass sun/java2d/loops/CustomComponent
instanceKlass sun/java2d/pipe/ValidatePipe
instanceKlass java/awt/BasicStroke
instanceKlass java/awt/Stroke
instanceKlass java/awt/geom/Path2D
instanceKlass java/awt/AlphaComposite
instanceKlass sun/awt/ConstrainableGraphics
instanceKlass sun/java2d/loops/GraphicsPrimitiveMgr
instanceKlass sun/java2d/loops/XORComposite
instanceKlass java/awt/Composite
instanceKlass sun/java2d/loops/CompositeType
instanceKlass sun/java2d/loops/GraphicsPrimitiveMgr$GeneralPrimitives
instanceKlass sun/java2d/d3d/D3DBlitLoops
instanceKlass sun/java2d/loops/GraphicsPrimitive
instanceKlass sun/java2d/loops/ProcessPath$DrawHandler
instanceKlass sun/java2d/pipe/BufferedRenderPipe$AAParallelogramPipe
instanceKlass sun/java2d/pipe/BufferedRenderPipe
instanceKlass sun/java2d/pipe/hw/AccelSurface
instanceKlass  @bci sun/java2d/d3d/D3DScreenUpdateManager lambda$new$1 ()Ljava/lang/Void; 1 <appendix> member <vmtarget> ; # sun/java2d/d3d/D3DScreenUpdateManager$$Lambda+0x00000130810ee0e0
instanceKlass  @bci sun/java2d/d3d/D3DScreenUpdateManager <init> ()V 21 <appendix> member <vmtarget> ; # sun/java2d/d3d/D3DScreenUpdateManager$$Lambda+0x00000130810edec0
instanceKlass sun/java2d/ScreenUpdateManager
instanceKlass javax/swing/RepaintManager$2$1
instanceKlass java/awt/SequencedEvent$2
instanceKlass java/awt/SequencedEvent$1
instanceKlass sun/awt/AWTAccessor$SequencedEventAccessor
instanceKlass java/util/LinkedList$ListItr
instanceKlass java/awt/TrayIcon
instanceKlass  @bci sun/awt/windows/WWindowPeer displayChanged ()V 5 <appendix> member <vmtarget> ; # sun/awt/windows/WWindowPeer$$Lambda+0x00000130810eb898
instanceKlass java/awt/MenuComponent
instanceKlass java/awt/EventQueue$4
instanceKlass  @cpi javax/crypto/spec/SecretKeySpec 161 form vmentry <vmtarget> ; # java/lang/invoke/LambdaForm$DMH+0x00000130810c8000
instanceKlass sun/awt/dnd/SunDragSourceContextPeer
instanceKlass java/awt/dnd/peer/DragSourceContextPeer
instanceKlass java/awt/ModalEventFilter
instanceKlass java/awt/EventDispatchThread$HierarchyEventFilter
instanceKlass java/awt/EventFilter
instanceKlass java/awt/EventDispatchThread$1
instanceKlass java/awt/Conditional
instanceKlass sun/awt/EventQueueItem
instanceKlass java/awt/EventQueue$6
instanceKlass java/awt/event/InvocationEvent$1
instanceKlass sun/awt/AWTAccessor$InvocationEventAccessor
instanceKlass java/awt/ActiveEvent
instanceKlass javax/swing/RepaintManager$2
instanceKlass sun/awt/windows/WComponentPeer$2
instanceKlass sun/awt/im/InputMethodWindow
instanceKlass sun/awt/ExtendedKeyCodes
instanceKlass sun/awt/RepaintArea
instanceKlass sun/awt/windows/WWindowPeer$GuiDisposedListener
instanceKlass sun/awt/windows/WWindowPeer$ActiveWindowListener
instanceKlass java/awt/peer/CanvasPeer
instanceKlass java/awt/peer/PanelPeer
instanceKlass java/awt/peer/FramePeer
instanceKlass java/awt/peer/WindowPeer
instanceKlass java/awt/peer/ContainerPeer
instanceKlass org/example/client/UI/components/Toaster/Toaster
instanceKlass  @bci org/example/client/UI/LoginPanel addRegisterLink ()V 144 <appendix> argL0 ; # org/example/client/UI/LoginPanel$$Lambda+0x0000013081003d90
instanceKlass java/beans/VetoableChangeListener
instanceKlass javax/swing/event/AncestorListener
instanceKlass javax/swing/plaf/basic/BasicButtonListener
instanceKlass javax/swing/AbstractButton$Handler
instanceKlass javax/swing/DefaultButtonModel
instanceKlass javax/swing/ButtonModel
instanceKlass org/example/client/UI/components/UIUtils
instanceKlass javax/swing/JTextField$ScrollRepainter
instanceKlass javax/swing/DefaultBoundedRangeModel
instanceKlass javax/swing/BoundedRangeModel
instanceKlass javax/swing/plaf/synth/SynthUI
instanceKlass javax/swing/plaf/synth/SynthConstants
instanceKlass javax/swing/text/JTextComponent$DefaultKeymap
instanceKlass javax/swing/text/Keymap
instanceKlass javax/swing/text/PlainView$1
instanceKlass javax/swing/text/PlainView$FPMethodItem
instanceKlass javax/swing/text/TabExpander
instanceKlass javax/swing/text/StyleContext$KeyEnumeration
instanceKlass javax/swing/text/GapContent$StickyPosition
instanceKlass javax/swing/text/Position
instanceKlass javax/swing/text/AbstractDocument$1
instanceKlass javax/swing/text/AbstractDocument$AbstractElement
instanceKlass javax/swing/tree/TreeNode
instanceKlass javax/swing/text/Element
instanceKlass java/util/LinkedHashMap$LinkedHashIterator
instanceKlass java/util/Collections$3
instanceKlass javax/swing/text/StyleContext$SmallAttributeSet
instanceKlass javax/swing/text/StyleContext$NamedStyle
instanceKlass javax/swing/text/Style
instanceKlass javax/swing/text/SimpleAttributeSet$EmptyAttributeSet
instanceKlass javax/swing/text/SimpleAttributeSet
instanceKlass javax/swing/text/MutableAttributeSet
instanceKlass javax/swing/text/AttributeSet
instanceKlass javax/swing/text/StyleContext$FontKey
instanceKlass javax/swing/text/AttributeSet$ParagraphAttribute
instanceKlass javax/swing/text/AttributeSet$ColorAttribute
instanceKlass javax/swing/text/AttributeSet$FontAttribute
instanceKlass javax/swing/text/AttributeSet$CharacterAttribute
instanceKlass javax/swing/text/StyleConstants
instanceKlass javax/swing/text/StyleContext
instanceKlass javax/swing/text/AbstractDocument$AttributeContext
instanceKlass javax/swing/text/GapVector
instanceKlass javax/swing/text/AbstractDocument$Content
instanceKlass javax/swing/text/AbstractDocument
instanceKlass javax/swing/TransferHandler$TransferSupport
instanceKlass javax/swing/TransferHandler$DropHandler
instanceKlass java/awt/datatransfer/SystemFlavorMap$SoftCache
instanceKlass  @bci java/awt/datatransfer/SystemFlavorMap getDefaultFlavorMap ()Ljava/awt/datatransfer/FlavorMap; 3 <appendix> argL0 ; # java/awt/datatransfer/SystemFlavorMap$$Lambda+0x00000130810b2120
instanceKlass java/awt/datatransfer/DataFlavor
instanceKlass java/io/Externalizable
instanceKlass sun/awt/datatransfer/DesktopDatatransferServiceImpl
instanceKlass sun/datatransfer/DataFlavorUtil$DefaultDesktopDatatransferService
instanceKlass sun/datatransfer/DesktopDatatransferService
instanceKlass sun/datatransfer/DataFlavorUtil
instanceKlass java/awt/datatransfer/SystemFlavorMap
instanceKlass java/awt/datatransfer/FlavorTable
instanceKlass java/awt/datatransfer/FlavorMap
instanceKlass java/awt/dnd/DropTargetContext$1
instanceKlass sun/awt/AWTAccessor$DropTargetContextAccessor
instanceKlass java/awt/dnd/DropTargetContext
instanceKlass java/awt/dnd/DropTarget
instanceKlass java/awt/dnd/DropTargetListener
instanceKlass javax/swing/ClientPropertyKey$1
instanceKlass sun/awt/AWTAccessor$ClientPropertyKeyAccessor
instanceKlass javax/swing/text/DefaultHighlighter$SafeDamager
instanceKlass javax/swing/text/LayeredHighlighter$LayerPainter
instanceKlass javax/swing/text/Highlighter$HighlightPainter
instanceKlass javax/swing/text/Highlighter$Highlight
instanceKlass javax/swing/text/LayeredHighlighter
instanceKlass javax/swing/text/Highlighter
instanceKlass javax/swing/Timer$DoPostEvent
instanceKlass javax/swing/Timer
instanceKlass javax/swing/text/Document
instanceKlass javax/swing/text/DefaultCaret$Handler
instanceKlass java/awt/datatransfer/ClipboardOwner
instanceKlass javax/swing/text/Caret
instanceKlass javax/swing/plaf/metal/MetalBorders
instanceKlass java/awt/event/MouseAdapter
instanceKlass javax/swing/event/MouseInputListener
instanceKlass javax/swing/plaf/basic/DragRecognitionSupport$BeforeDrag
instanceKlass javax/swing/plaf/basic/BasicTextUI$UpdateHandler
instanceKlass javax/swing/event/DocumentListener
instanceKlass javax/swing/text/View
instanceKlass javax/swing/text/Position$Bias
instanceKlass sun/swing/UIAction
instanceKlass javax/swing/TransferHandler
instanceKlass javax/swing/text/EditorKit
instanceKlass javax/swing/text/ViewFactory
instanceKlass java/awt/AWTEventMulticaster
instanceKlass java/awt/event/MouseWheelListener
instanceKlass java/awt/event/HierarchyBoundsListener
instanceKlass java/awt/event/HierarchyListener
instanceKlass java/awt/event/InputMethodListener
instanceKlass java/awt/event/TextListener
instanceKlass java/awt/event/AdjustmentListener
instanceKlass java/awt/event/ItemListener
instanceKlass java/awt/event/WindowStateListener
instanceKlass java/awt/event/WindowFocusListener
instanceKlass java/awt/event/WindowListener
instanceKlass java/awt/event/KeyListener
instanceKlass java/awt/event/ContainerListener
instanceKlass java/awt/event/ComponentListener
instanceKlass java/awt/event/FocusListener
instanceKlass javax/swing/event/ChangeListener
instanceKlass javax/swing/AbstractAction
instanceKlass javax/swing/Action
instanceKlass java/awt/event/ActionListener
instanceKlass com/sun/beans/util/Cache$CacheEntry
instanceKlass com/sun/beans/util/Cache
instanceKlass javax/swing/text/JTextComponent$1
instanceKlass sun/swing/SwingAccessor$JTextComponentAccessor
instanceKlass java/awt/Graphics
instanceKlass java/awt/image/FilteredImageSource
instanceKlass java/awt/image/ImageFilter
instanceKlass java/awt/image/BufferedImage$1
instanceKlass java/awt/image/WritableRenderedImage
instanceKlass java/awt/image/RenderedImage
instanceKlass java/awt/image/SampleModel
instanceKlass java/awt/image/DataBuffer$1
instanceKlass sun/awt/image/SunWritableRaster$DataStealer
instanceKlass java/awt/image/DataBuffer
instanceKlass java/awt/image/Raster
instanceKlass  @bci sun/awt/image/ImageWatched$WeakLink update (Ljava/awt/image/ImageObserver;Ljava/security/AccessControlContext;Ljava/awt/Image;IIIII)Z 21 <adapter> ; # java/lang/invoke/LambdaForm$MH+0x00000130810c1c00
# instanceKlass java/lang/invoke/LambdaForm$DMH+0x00000130810c1800
instanceKlass  @bci sun/awt/image/ImageWatched$WeakLink update (Ljava/awt/image/ImageObserver;Ljava/security/AccessControlContext;Ljava/awt/Image;IIIII)Z 21 <appendix> form vmentry <vmtarget> ; # java/lang/invoke/LambdaForm$DMH+0x00000130810c1400
instanceKlass  @bci sun/awt/image/ImageWatched$WeakLink update (Ljava/awt/image/ImageObserver;Ljava/security/AccessControlContext;Ljava/awt/Image;IIIII)Z 21 <appendix> member <vmtarget> ; # sun/awt/image/ImageWatched$WeakLink$$Lambda+0x0000013081098498
instanceKlass  @cpi sun/awt/image/ImageWatched$WeakLink 112 form vmentry <vmtarget> ; # java/lang/invoke/LambdaForm$DMH+0x00000130810c1000
instanceKlass sun/awt/image/ImageDecoder
instanceKlass java/text/DontCareFieldPosition$1
instanceKlass java/text/Format$FieldDelegate
instanceKlass java/text/DigitList
instanceKlass java/text/FieldPosition
instanceKlass java/lang/StringUTF16$CharsSpliterator
instanceKlass java/util/stream/Sink$ChainedInt
instanceKlass  @bci java/util/stream/FindOps$FindSink$OfInt <clinit> ()V 43 <appendix> argL0 ; # java/util/stream/FindOps$FindSink$OfInt$$Lambda+0x800000049
instanceKlass  @bci java/util/stream/FindOps$FindSink$OfInt <clinit> ()V 38 <appendix> argL0 ; # java/util/stream/FindOps$FindSink$OfInt$$Lambda+0x80000004b
instanceKlass  @bci java/util/stream/FindOps$FindSink$OfInt <clinit> ()V 16 <appendix> argL0 ; # java/util/stream/FindOps$FindSink$OfInt$$Lambda+0x80000004a
instanceKlass  @bci java/util/stream/FindOps$FindSink$OfInt <clinit> ()V 11 <appendix> argL0 ; # java/util/stream/FindOps$FindSink$OfInt$$Lambda+0x80000004c
instanceKlass java/util/OptionalInt
instanceKlass java/util/stream/Sink$OfInt
instanceKlass java/util/function/IntConsumer
instanceKlass  @bci java/text/DecimalFormatSymbols findNonFormatChar (Ljava/lang/String;C)C 4 <appendix> argL0 ; # java/text/DecimalFormatSymbols$$Lambda+0x80000000d
instanceKlass  @bci com/sun/imageio/stream/StreamCloser addToQueue (Lcom/sun/imageio/stream/StreamCloser$CloseAction;)V 45 <bsm> form vmentry <vmtarget> ; # java/lang/invoke/LambdaForm$DMH+0x00000130810c0400
instanceKlass java/lang/invoke/MethodHandle$1
instanceKlass java/util/function/IntPredicate
instanceKlass java/util/stream/IntStream
instanceKlass java/lang/StringLatin1$CharsSpliterator
instanceKlass  @bci sun/util/locale/provider/JRELocaleProviderAdapter getDecimalFormatSymbolsProvider ()Ljava/text/spi/DecimalFormatSymbolsProvider; 8 <appendix> member <vmtarget> ; # sun/util/locale/provider/JRELocaleProviderAdapter$$Lambda+0x80000006b
instanceKlass java/text/DecimalFormatSymbols
instanceKlass  @bci sun/util/locale/provider/JRELocaleProviderAdapter getNumberFormatProvider ()Ljava/text/spi/NumberFormatProvider; 8 <appendix> member <vmtarget> ; # sun/util/locale/provider/JRELocaleProviderAdapter$$Lambda+0x80000006c
instanceKlass  @bci sun/util/locale/provider/JRELocaleProviderAdapter getDateFormatSymbolsProvider ()Ljava/text/spi/DateFormatSymbolsProvider; 8 <appendix> member <vmtarget> ; # sun/util/locale/provider/JRELocaleProviderAdapter$$Lambda+0x80000006a
instanceKlass java/text/DateFormatSymbols
instanceKlass sun/util/calendar/CalendarUtils
instanceKlass sun/util/calendar/CalendarDate
instanceKlass sun/util/resources/Bundles$CacheKeyReference
instanceKlass  @bci sun/util/cldr/CLDRLocaleProviderAdapter applyAliases (Ljava/util/Locale;)Ljava/util/Locale; 4 <appendix> argL0 ; # sun/util/cldr/CLDRLocaleProviderAdapter$$Lambda+0x800000064
instanceKlass sun/util/resources/Bundles$CacheKey
instanceKlass sun/util/resources/Bundles
instanceKlass sun/util/resources/LocaleData$LocaleDataStrategy
instanceKlass sun/util/resources/Bundles$Strategy
instanceKlass sun/util/resources/LocaleData$1
instanceKlass sun/util/resources/LocaleData
instanceKlass java/util/regex/Pattern$BitClass
instanceKlass java/util/regex/ASCII
instanceKlass sun/util/locale/provider/LocaleResources
instanceKlass java/util/stream/Node$Builder
instanceKlass java/util/stream/Nodes$ArrayNode
instanceKlass java/util/stream/Node$OfDouble
instanceKlass java/util/stream/Node$OfLong
instanceKlass java/util/stream/Node$OfInt
instanceKlass java/util/stream/Node$OfPrimitive
instanceKlass java/util/stream/Nodes$EmptyNode
instanceKlass java/util/stream/Node
instanceKlass java/util/stream/Nodes
instanceKlass  @bci sun/util/locale/provider/LocaleProviderAdapter toLocaleArray (Ljava/util/Set;)[Ljava/util/Locale; 16 <appendix> argL0 ; # sun/util/locale/provider/LocaleProviderAdapter$$Lambda+0x80000006e
instanceKlass java/util/function/IntFunction
instanceKlass  @bci sun/util/locale/provider/LocaleProviderAdapter toLocaleArray (Ljava/util/Set;)[Ljava/util/Locale; 6 <appendix> argL0 ; # sun/util/locale/provider/LocaleProviderAdapter$$Lambda+0x80000006d
instanceKlass  @bci sun/util/cldr/CLDRLocaleProviderAdapter getCalendarDataProvider ()Ljava/util/spi/CalendarDataProvider; 8 <appendix> member <vmtarget> ; # sun/util/cldr/CLDRLocaleProviderAdapter$$Lambda+0x800000067
instanceKlass sun/util/locale/provider/CalendarDataUtility$CalendarWeekParameterGetter
instanceKlass sun/util/locale/provider/LocaleServiceProviderPool$LocalizedObjectGetter
instanceKlass sun/util/locale/provider/LocaleServiceProviderPool
instanceKlass java/util/Locale$Builder
instanceKlass sun/util/locale/provider/CalendarDataUtility
instanceKlass java/util/Calendar$Builder
instanceKlass java/util/regex/IntHashSet
instanceKlass java/util/regex/Matcher
instanceKlass java/util/regex/MatchResult
instanceKlass java/util/regex/Pattern$TreeInfo
instanceKlass  @bci java/util/regex/Pattern Single (I)Ljava/util/regex/Pattern$BmpCharPredicate; 1 <appendix> member <vmtarget> ; # java/util/regex/Pattern$$Lambda+0x80000002a
instanceKlass java/util/regex/Pattern$BmpCharPredicate
instanceKlass java/util/regex/Pattern$CharPredicate
instanceKlass java/util/regex/Pattern$Node
instanceKlass java/util/regex/Pattern
instanceKlass sun/util/locale/provider/AvailableLanguageTags
instanceKlass  @bci sun/util/locale/provider/JRELocaleProviderAdapter getCalendarProvider ()Lsun/util/spi/CalendarProvider; 8 <appendix> member <vmtarget> ; # sun/util/locale/provider/JRELocaleProviderAdapter$$Lambda+0x800000068
instanceKlass sun/util/resources/cldr/provider/CLDRLocaleDataMetaInfo
instanceKlass  @bci sun/util/cldr/CLDRLocaleProviderAdapter <init> ()V 4 <appendix> argL0 ; # sun/util/cldr/CLDRLocaleProviderAdapter$$Lambda+0x800000066
instanceKlass sun/util/locale/BaseLocale$Key
instanceKlass sun/util/locale/InternalLocaleBuilder$CaseInsensitiveChar
instanceKlass sun/util/locale/InternalLocaleBuilder
instanceKlass sun/util/locale/StringTokenIterator
instanceKlass sun/util/locale/ParseStatus
instanceKlass sun/util/locale/LanguageTag
instanceKlass sun/util/cldr/CLDRBaseLocaleDataMetaInfo
instanceKlass sun/util/locale/provider/LocaleDataMetaInfo
instanceKlass sun/util/locale/provider/ResourceBundleBasedAdapter
instanceKlass sun/util/locale/provider/LocaleProviderAdapter
instanceKlass java/util/spi/LocaleServiceProvider
instanceKlass sun/util/calendar/ZoneInfoFile$ZoneOffsetTransitionRule
instanceKlass jdk/internal/util/ByteArray
instanceKlass sun/util/calendar/ZoneInfoFile$1
instanceKlass sun/util/calendar/ZoneInfoFile
instanceKlass java/util/TimeZone
instanceKlass java/util/Calendar
instanceKlass java/text/Format
instanceKlass sun/util/calendar/CalendarSystem$GregorianHolder
instanceKlass sun/util/calendar/CalendarSystem
instanceKlass java/util/Date
instanceKlass sun/net/www/MimeEntry
instanceKlass java/util/Hashtable$Enumerator
instanceKlass java/util/Properties$EntrySet
instanceKlass sun/net/www/MimeTable$DefaultInstanceHolder$1
instanceKlass sun/net/www/MimeTable$DefaultInstanceHolder
instanceKlass sun/net/www/MimeTable$2
instanceKlass sun/net/www/MimeTable$1
instanceKlass sun/net/www/MimeTable
instanceKlass java/net/URLConnection$1
instanceKlass java/net/FileNameMap
instanceKlass sun/net/www/MessageHeader
instanceKlass java/net/URLConnection
instanceKlass sun/awt/image/ImageFetcher$1
instanceKlass sun/awt/image/FetcherInfo
instanceKlass sun/awt/image/ImageConsumerQueue
instanceKlass sun/awt/image/ImageWatched$Link
instanceKlass sun/awt/image/ImageWatched
instanceKlass java/awt/image/ImageConsumer
instanceKlass java/awt/image/MultiResolutionImage
instanceKlass java/awt/MediaEntry
instanceKlass sun/awt/image/NativeLibLoader$1
instanceKlass sun/awt/image/NativeLibLoader
instanceKlass sun/awt/image/InputStreamImageSource
instanceKlass sun/awt/image/ImageFetchable
instanceKlass java/awt/image/ImageProducer
instanceKlass java/awt/MediaTracker
instanceKlass javax/swing/ImageIcon$2
instanceKlass javax/swing/ImageIcon$1
instanceKlass javax/swing/ImageIcon
instanceKlass javax/swing/plaf/basic/BasicHTML
instanceKlass javax/swing/plaf/metal/DefaultMetalTheme$FontDelegate$1
instanceKlass org/example/dao/UserDAO
instanceKlass org/example/controller/UserController
instanceKlass  @bci java/util/stream/Collectors joining (Ljava/lang/CharSequence;Ljava/lang/CharSequence;Ljava/lang/CharSequence;)Ljava/util/stream/Collector; 22 <appendix> argL0 ; # java/util/stream/Collectors$$Lambda+0x800000044
instanceKlass  @bci java/util/stream/Collectors joining (Ljava/lang/CharSequence;Ljava/lang/CharSequence;Ljava/lang/CharSequence;)Ljava/util/stream/Collector; 17 <appendix> argL0 ; # java/util/stream/Collectors$$Lambda+0x800000042
instanceKlass  @bci java/util/stream/Collectors joining (Ljava/lang/CharSequence;Ljava/lang/CharSequence;Ljava/lang/CharSequence;)Ljava/util/stream/Collector; 12 <appendix> argL0 ; # java/util/stream/Collectors$$Lambda+0x80000003f
instanceKlass  @bci java/util/stream/Collectors joining (Ljava/lang/CharSequence;Ljava/lang/CharSequence;Ljava/lang/CharSequence;)Ljava/util/stream/Collector; 7 <appendix> member <vmtarget> ; # java/util/stream/Collectors$$Lambda+0x800000047
instanceKlass java/util/StringJoiner
instanceKlass  @bci java/lang/Class methodToString (Ljava/lang/String;[Ljava/lang/Class;)Ljava/lang/String; 42 <appendix> argL0 ; # java/lang/Class$$Lambda+0x000001308108d200
instanceKlass java/awt/Component$3
instanceKlass javax/swing/Icon
instanceKlass javax/swing/Scrollable
instanceKlass java/awt/event/MouseMotionListener
instanceKlass java/awt/event/MouseListener
instanceKlass java/awt/ItemSelectable
instanceKlass jdk/internal/module/ModulePatcher$PatchedModuleReader
instanceKlass javax/swing/ActionMap
instanceKlass  @bci jdk/internal/reflect/MethodHandleIntegerFieldAccessorImpl getInt (Ljava/lang/Object;)I 11 <adapter> ; # java/lang/invoke/LambdaForm$MH+0x00000130810c0000
instanceKlass java/awt/event/KeyEvent$1
instanceKlass sun/awt/AWTAccessor$KeyEventAccessor
instanceKlass java/awt/VKCollection
instanceKlass javax/swing/InputMap
instanceKlass javax/swing/LayoutComparator
instanceKlass javax/swing/RepaintManager$PaintManager
instanceKlass javax/swing/JRootPane$RootLayout
instanceKlass javax/swing/ArrayTable
instanceKlass com/sun/java/swing/SwingUtilities3
instanceKlass javax/swing/RepaintManager$ProcessingRunnable
# instanceKlass java/lang/invoke/LambdaForm$MH+0x0000013081018c00
# instanceKlass java/lang/invoke/LambdaForm$MH+0x0000013081018800
instanceKlass javax/swing/plaf/ComponentUI
instanceKlass sun/reflect/misc/ReflectUtil
instanceKlass sun/util/ResourceBundleEnumeration
instanceKlass javax/swing/UIDefaults$1
instanceKlass java/util/LinkedList$Node
instanceKlass javax/swing/UIManager$2
instanceKlass sun/awt/PaintEventDispatcher
instanceKlass javax/swing/RepaintManager$1
instanceKlass sun/swing/SwingAccessor$RepaintManagerAccessor
instanceKlass javax/swing/RepaintManager$DisplayChangedHandler
instanceKlass javax/swing/RepaintManager
instanceKlass javax/swing/plaf/metal/OceanTheme$6
instanceKlass javax/swing/plaf/metal/OceanTheme$5
instanceKlass javax/swing/plaf/metal/OceanTheme$4
instanceKlass javax/swing/plaf/metal/OceanTheme$3
instanceKlass javax/swing/plaf/metal/OceanTheme$2
instanceKlass javax/swing/plaf/metal/OceanTheme$1
instanceKlass  @bci javax/swing/plaf/metal/OceanTheme addCustomEntriesToTable (Ljavax/swing/UIDefaults;)V 1 <appendix> member <vmtarget> ; # javax/swing/plaf/metal/OceanTheme$$Lambda+0x000001308101e1f8
instanceKlass java/util/EventListenerProxy
instanceKlass  @bci javax/swing/plaf/metal/MetalLookAndFeel initComponentDefaults (Ljavax/swing/UIDefaults;)V 12018 <appendix> argL0 ; # javax/swing/plaf/metal/MetalLookAndFeel$$Lambda+0x000001308101d920
instanceKlass  @bci javax/swing/plaf/metal/MetalLookAndFeel initComponentDefaults (Ljavax/swing/UIDefaults;)V 11955 <appendix> argL0 ; # javax/swing/plaf/metal/MetalLookAndFeel$$Lambda+0x000001308101d708
instanceKlass  @bci javax/swing/plaf/metal/MetalLookAndFeel initComponentDefaults (Ljavax/swing/UIDefaults;)V 11907 <appendix> argL0 ; # javax/swing/plaf/metal/MetalLookAndFeel$$Lambda+0x000001308101d4f0
instanceKlass  @bci javax/swing/plaf/metal/MetalLookAndFeel initComponentDefaults (Ljavax/swing/UIDefaults;)V 11758 <appendix> argL0 ; # javax/swing/plaf/metal/MetalLookAndFeel$$Lambda+0x000001308101d2d8
instanceKlass  @bci javax/swing/plaf/metal/MetalLookAndFeel initComponentDefaults (Ljavax/swing/UIDefaults;)V 11740 <appendix> argL0 ; # javax/swing/plaf/metal/MetalLookAndFeel$$Lambda+0x000001308101d0c0
instanceKlass  @bci javax/swing/plaf/metal/MetalLookAndFeel initComponentDefaults (Ljavax/swing/UIDefaults;)V 10675 <appendix> argL0 ; # javax/swing/plaf/metal/MetalLookAndFeel$$Lambda+0x000001308101cea8
instanceKlass  @bci javax/swing/plaf/metal/MetalLookAndFeel initComponentDefaults (Ljavax/swing/UIDefaults;)V 10657 <appendix> argL0 ; # javax/swing/plaf/metal/MetalLookAndFeel$$Lambda+0x000001308101cc90
instanceKlass  @bci javax/swing/plaf/metal/MetalLookAndFeel initComponentDefaults (Ljavax/swing/UIDefaults;)V 10639 <appendix> argL0 ; # javax/swing/plaf/metal/MetalLookAndFeel$$Lambda+0x000001308101ca78
instanceKlass  @bci javax/swing/plaf/metal/MetalLookAndFeel initComponentDefaults (Ljavax/swing/UIDefaults;)V 10621 <appendix> argL0 ; # javax/swing/plaf/metal/MetalLookAndFeel$$Lambda+0x000001308101c860
instanceKlass  @bci javax/swing/plaf/metal/MetalLookAndFeel initComponentDefaults (Ljavax/swing/UIDefaults;)V 10603 <appendix> argL0 ; # javax/swing/plaf/metal/MetalLookAndFeel$$Lambda+0x000001308101c648
instanceKlass  @bci javax/swing/plaf/metal/MetalLookAndFeel initComponentDefaults (Ljavax/swing/UIDefaults;)V 10124 <appendix> argL0 ; # javax/swing/plaf/metal/MetalLookAndFeel$$Lambda+0x000001308101c430
instanceKlass  @bci javax/swing/plaf/metal/MetalLookAndFeel initComponentDefaults (Ljavax/swing/UIDefaults;)V 10106 <appendix> argL0 ; # javax/swing/plaf/metal/MetalLookAndFeel$$Lambda+0x000001308101c218
instanceKlass  @bci javax/swing/plaf/metal/MetalLookAndFeel initComponentDefaults (Ljavax/swing/UIDefaults;)V 9938 <appendix> argL0 ; # javax/swing/plaf/metal/MetalLookAndFeel$$Lambda+0x000001308101c000
instanceKlass  @bci javax/swing/plaf/metal/MetalLookAndFeel initComponentDefaults (Ljavax/swing/UIDefaults;)V 9920 <appendix> argL0 ; # javax/swing/plaf/metal/MetalLookAndFeel$$Lambda+0x000001308103fc70
instanceKlass  @bci javax/swing/plaf/metal/MetalLookAndFeel initComponentDefaults (Ljavax/swing/UIDefaults;)V 9259 <appendix> argL0 ; # javax/swing/plaf/metal/MetalLookAndFeel$$Lambda+0x000001308103fa58
instanceKlass  @bci javax/swing/plaf/metal/MetalLookAndFeel initComponentDefaults (Ljavax/swing/UIDefaults;)V 9241 <appendix> argL0 ; # javax/swing/plaf/metal/MetalLookAndFeel$$Lambda+0x000001308103f840
instanceKlass  @bci javax/swing/plaf/metal/MetalLookAndFeel initComponentDefaults (Ljavax/swing/UIDefaults;)V 9074 <appendix> argL0 ; # javax/swing/plaf/metal/MetalLookAndFeel$$Lambda+0x000001308103f628
instanceKlass  @bci javax/swing/plaf/metal/MetalLookAndFeel initComponentDefaults (Ljavax/swing/UIDefaults;)V 9056 <appendix> argL0 ; # javax/swing/plaf/metal/MetalLookAndFeel$$Lambda+0x000001308103f410
instanceKlass  @bci javax/swing/plaf/metal/MetalLookAndFeel initComponentDefaults (Ljavax/swing/UIDefaults;)V 8779 <appendix> argL0 ; # javax/swing/plaf/metal/MetalLookAndFeel$$Lambda+0x000001308103f1f8
instanceKlass  @bci javax/swing/plaf/metal/MetalLookAndFeel initComponentDefaults (Ljavax/swing/UIDefaults;)V 5003 <appendix> member <vmtarget> ; # javax/swing/plaf/metal/MetalLookAndFeel$$Lambda+0x000001308103efe0
instanceKlass  @bci javax/swing/plaf/metal/MetalLookAndFeel initComponentDefaults (Ljavax/swing/UIDefaults;)V 4983 <appendix> member <vmtarget> ; # javax/swing/plaf/metal/MetalLookAndFeel$$Lambda+0x000001308103edc8
instanceKlass  @bci javax/swing/plaf/metal/MetalLookAndFeel initComponentDefaults (Ljavax/swing/UIDefaults;)V 4963 <appendix> member <vmtarget> ; # javax/swing/plaf/metal/MetalLookAndFeel$$Lambda+0x000001308103ebb0
instanceKlass  @bci javax/swing/plaf/metal/MetalLookAndFeel initComponentDefaults (Ljavax/swing/UIDefaults;)V 4943 <appendix> member <vmtarget> ; # javax/swing/plaf/metal/MetalLookAndFeel$$Lambda+0x000001308103e998
instanceKlass  @bci javax/swing/plaf/metal/MetalLookAndFeel initComponentDefaults (Ljavax/swing/UIDefaults;)V 4923 <appendix> argL0 ; # javax/swing/plaf/metal/MetalLookAndFeel$$Lambda+0x000001308103e780
instanceKlass  @bci javax/swing/plaf/metal/MetalLookAndFeel initComponentDefaults (Ljavax/swing/UIDefaults;)V 4887 <appendix> argL0 ; # javax/swing/plaf/metal/MetalLookAndFeel$$Lambda+0x000001308103e568
instanceKlass  @bci javax/swing/plaf/metal/MetalLookAndFeel initComponentDefaults (Ljavax/swing/UIDefaults;)V 4869 <appendix> argL0 ; # javax/swing/plaf/metal/MetalLookAndFeel$$Lambda+0x000001308103e350
instanceKlass  @bci javax/swing/plaf/metal/MetalLookAndFeel initComponentDefaults (Ljavax/swing/UIDefaults;)V 4851 <appendix> argL0 ; # javax/swing/plaf/metal/MetalLookAndFeel$$Lambda+0x000001308103e138
instanceKlass  @bci javax/swing/plaf/metal/MetalLookAndFeel initComponentDefaults (Ljavax/swing/UIDefaults;)V 4833 <appendix> argL0 ; # javax/swing/plaf/metal/MetalLookAndFeel$$Lambda+0x000001308103df20
instanceKlass  @bci javax/swing/plaf/metal/MetalLookAndFeel initComponentDefaults (Ljavax/swing/UIDefaults;)V 4204 <appendix> argL0 ; # javax/swing/plaf/metal/MetalLookAndFeel$$Lambda+0x000001308103dd08
instanceKlass  @bci javax/swing/plaf/metal/MetalLookAndFeel initComponentDefaults (Ljavax/swing/UIDefaults;)V 4186 <appendix> argL0 ; # javax/swing/plaf/metal/MetalLookAndFeel$$Lambda+0x000001308103daf0
instanceKlass  @bci javax/swing/plaf/metal/MetalLookAndFeel initComponentDefaults (Ljavax/swing/UIDefaults;)V 3874 <appendix> argL0 ; # javax/swing/plaf/metal/MetalLookAndFeel$$Lambda+0x000001308103d8d8
instanceKlass  @bci javax/swing/plaf/metal/MetalLookAndFeel initComponentDefaults (Ljavax/swing/UIDefaults;)V 3858 <appendix> argL0 ; # javax/swing/plaf/metal/MetalLookAndFeel$$Lambda+0x000001308103d6c0
instanceKlass  @bci javax/swing/plaf/metal/MetalLookAndFeel initComponentDefaults (Ljavax/swing/UIDefaults;)V 3842 <appendix> argL0 ; # javax/swing/plaf/metal/MetalLookAndFeel$$Lambda+0x000001308103d4a8
instanceKlass  @bci javax/swing/plaf/metal/MetalLookAndFeel initComponentDefaults (Ljavax/swing/UIDefaults;)V 3826 <appendix> argL0 ; # javax/swing/plaf/metal/MetalLookAndFeel$$Lambda+0x000001308103d290
instanceKlass  @bci javax/swing/plaf/metal/MetalLookAndFeel initComponentDefaults (Ljavax/swing/UIDefaults;)V 3810 <appendix> argL0 ; # javax/swing/plaf/metal/MetalLookAndFeel$$Lambda+0x000001308103d078
instanceKlass  @bci javax/swing/plaf/metal/MetalLookAndFeel initComponentDefaults (Ljavax/swing/UIDefaults;)V 3794 <appendix> argL0 ; # javax/swing/plaf/metal/MetalLookAndFeel$$Lambda+0x000001308103ce60
instanceKlass  @bci javax/swing/plaf/metal/MetalLookAndFeel initComponentDefaults (Ljavax/swing/UIDefaults;)V 3778 <appendix> argL0 ; # javax/swing/plaf/metal/MetalLookAndFeel$$Lambda+0x000001308103cc48
instanceKlass  @bci javax/swing/plaf/metal/MetalLookAndFeel initComponentDefaults (Ljavax/swing/UIDefaults;)V 3762 <appendix> argL0 ; # javax/swing/plaf/metal/MetalLookAndFeel$$Lambda+0x000001308103ca30
instanceKlass  @bci javax/swing/plaf/metal/MetalLookAndFeel initComponentDefaults (Ljavax/swing/UIDefaults;)V 3746 <appendix> argL0 ; # javax/swing/plaf/metal/MetalLookAndFeel$$Lambda+0x000001308103c818
instanceKlass  @bci javax/swing/plaf/metal/MetalLookAndFeel initComponentDefaults (Ljavax/swing/UIDefaults;)V 3730 <appendix> argL0 ; # javax/swing/plaf/metal/MetalLookAndFeel$$Lambda+0x000001308103c600
instanceKlass  @bci javax/swing/plaf/metal/MetalLookAndFeel initComponentDefaults (Ljavax/swing/UIDefaults;)V 3509 <appendix> argL0 ; # javax/swing/plaf/metal/MetalLookAndFeel$$Lambda+0x000001308103c3e8
instanceKlass  @bci javax/swing/plaf/metal/MetalLookAndFeel initComponentDefaults (Ljavax/swing/UIDefaults;)V 3399 <appendix> argL0 ; # javax/swing/plaf/metal/MetalLookAndFeel$$Lambda+0x000001308103c1d0
instanceKlass javax/swing/plaf/metal/MetalLookAndFeel$FontActiveValue
instanceKlass  @bci javax/swing/plaf/metal/MetalLookAndFeel initComponentDefaults (Ljavax/swing/UIDefaults;)V 2174 <appendix> member <vmtarget> ; # javax/swing/plaf/metal/MetalLookAndFeel$$Lambda+0x000001308103b9a8
instanceKlass  @bci javax/swing/plaf/metal/MetalLookAndFeel initComponentDefaults (Ljavax/swing/UIDefaults;)V 2165 <appendix> member <vmtarget> ; # javax/swing/plaf/metal/MetalLookAndFeel$$Lambda+0x000001308103b788
instanceKlass  @bci javax/swing/plaf/metal/MetalLookAndFeel initComponentDefaults (Ljavax/swing/UIDefaults;)V 2156 <appendix> member <vmtarget> ; # javax/swing/plaf/metal/MetalLookAndFeel$$Lambda+0x000001308103b568
instanceKlass  @bci javax/swing/plaf/metal/MetalLookAndFeel initComponentDefaults (Ljavax/swing/UIDefaults;)V 2147 <appendix> member <vmtarget> ; # javax/swing/plaf/metal/MetalLookAndFeel$$Lambda+0x000001308103b348
instanceKlass  @bci javax/swing/plaf/metal/MetalLookAndFeel initComponentDefaults (Ljavax/swing/UIDefaults;)V 2138 <appendix> argL0 ; # javax/swing/plaf/metal/MetalLookAndFeel$$Lambda+0x000001308103b130
instanceKlass  @bci javax/swing/plaf/metal/MetalLookAndFeel initComponentDefaults (Ljavax/swing/UIDefaults;)V 2126 <appendix> argL0 ; # javax/swing/plaf/metal/MetalLookAndFeel$$Lambda+0x000001308103af18
instanceKlass  @bci javax/swing/plaf/metal/MetalLookAndFeel initComponentDefaults (Ljavax/swing/UIDefaults;)V 2119 <appendix> argL0 ; # javax/swing/plaf/metal/MetalLookAndFeel$$Lambda+0x000001308103ad00
instanceKlass  @bci javax/swing/plaf/metal/MetalLookAndFeel initComponentDefaults (Ljavax/swing/UIDefaults;)V 2112 <appendix> argL0 ; # javax/swing/plaf/metal/MetalLookAndFeel$$Lambda+0x000001308103aae8
instanceKlass  @bci javax/swing/plaf/metal/MetalLookAndFeel initComponentDefaults (Ljavax/swing/UIDefaults;)V 2105 <appendix> argL0 ; # javax/swing/plaf/metal/MetalLookAndFeel$$Lambda+0x000001308103a8d0
instanceKlass  @bci javax/swing/plaf/metal/MetalLookAndFeel initComponentDefaults (Ljavax/swing/UIDefaults;)V 2098 <appendix> member <vmtarget> ; # javax/swing/plaf/metal/MetalLookAndFeel$$Lambda+0x000001308103a6b0
instanceKlass  @bci javax/swing/plaf/metal/MetalLookAndFeel initComponentDefaults (Ljavax/swing/UIDefaults;)V 2089 <appendix> argL0 ; # javax/swing/plaf/metal/MetalLookAndFeel$$Lambda+0x000001308103a498
instanceKlass  @bci javax/swing/plaf/metal/MetalLookAndFeel initComponentDefaults (Ljavax/swing/UIDefaults;)V 2082 <appendix> argL0 ; # javax/swing/plaf/metal/MetalLookAndFeel$$Lambda+0x000001308103a280
instanceKlass  @bci javax/swing/plaf/metal/MetalLookAndFeel initComponentDefaults (Ljavax/swing/UIDefaults;)V 2075 <appendix> argL0 ; # javax/swing/plaf/metal/MetalLookAndFeel$$Lambda+0x000001308103a068
instanceKlass  @bci javax/swing/plaf/metal/MetalLookAndFeel initComponentDefaults (Ljavax/swing/UIDefaults;)V 126 <appendix> argL0 ; # javax/swing/plaf/metal/MetalLookAndFeel$$Lambda+0x0000013081039e50
instanceKlass  @bci javax/swing/plaf/metal/MetalLookAndFeel initComponentDefaults (Ljavax/swing/UIDefaults;)V 119 <appendix> argL0 ; # javax/swing/plaf/metal/MetalLookAndFeel$$Lambda+0x0000013081039c38
instanceKlass  @bci javax/swing/plaf/metal/MetalLookAndFeel initComponentDefaults (Ljavax/swing/UIDefaults;)V 112 <appendix> argL0 ; # javax/swing/plaf/metal/MetalLookAndFeel$$Lambda+0x0000013081039a20
instanceKlass  @bci javax/swing/plaf/basic/BasicLookAndFeel initComponentDefaults (Ljavax/swing/UIDefaults;)V 10900 <appendix> argL0 ; # javax/swing/plaf/basic/BasicLookAndFeel$$Lambda+0x0000013081039808
instanceKlass  @bci javax/swing/plaf/basic/BasicLookAndFeel initComponentDefaults (Ljavax/swing/UIDefaults;)V 10882 <appendix> argL0 ; # javax/swing/plaf/basic/BasicLookAndFeel$$Lambda+0x00000130810395f0
instanceKlass  @bci javax/swing/plaf/basic/BasicLookAndFeel initComponentDefaults (Ljavax/swing/UIDefaults;)V 2622 <appendix> argL0 ; # javax/swing/plaf/basic/BasicLookAndFeel$$Lambda+0x00000130810393d8
instanceKlass  @bci javax/swing/plaf/basic/BasicLookAndFeel initComponentDefaults (Ljavax/swing/UIDefaults;)V 2604 <appendix> argL0 ; # javax/swing/plaf/basic/BasicLookAndFeel$$Lambda+0x00000130810391c0
instanceKlass  @bci javax/swing/plaf/basic/BasicLookAndFeel initComponentDefaults (Ljavax/swing/UIDefaults;)V 2586 <appendix> argL0 ; # javax/swing/plaf/basic/BasicLookAndFeel$$Lambda+0x0000013081038fa8
instanceKlass  @bci javax/swing/plaf/basic/BasicLookAndFeel initComponentDefaults (Ljavax/swing/UIDefaults;)V 2568 <appendix> argL0 ; # javax/swing/plaf/basic/BasicLookAndFeel$$Lambda+0x0000013081038d90
instanceKlass javax/swing/UIDefaults$LazyInputMap
instanceKlass  @bci javax/swing/plaf/basic/BasicLookAndFeel initComponentDefaults (Ljavax/swing/UIDefaults;)V 789 <appendix> argL0 ; # javax/swing/plaf/basic/BasicLookAndFeel$$Lambda+0x0000013081038950
instanceKlass  @bci javax/swing/plaf/basic/BasicLookAndFeel initComponentDefaults (Ljavax/swing/UIDefaults;)V 730 <appendix> argL0 ; # javax/swing/plaf/basic/BasicLookAndFeel$$Lambda+0x0000013081038738
instanceKlass  @bci javax/swing/plaf/basic/BasicLookAndFeel initComponentDefaults (Ljavax/swing/UIDefaults;)V 723 <appendix> argL0 ; # javax/swing/plaf/basic/BasicLookAndFeel$$Lambda+0x0000013081038520
instanceKlass  @bci javax/swing/plaf/basic/BasicLookAndFeel initComponentDefaults (Ljavax/swing/UIDefaults;)V 671 <appendix> argL0 ; # javax/swing/plaf/basic/BasicLookAndFeel$$Lambda+0x0000013081038308
instanceKlass  @bci javax/swing/plaf/basic/BasicLookAndFeel initComponentDefaults (Ljavax/swing/UIDefaults;)V 664 <appendix> member <vmtarget> ; # javax/swing/plaf/basic/BasicLookAndFeel$$Lambda+0x00000130810380f0
instanceKlass  @bci javax/swing/plaf/basic/BasicLookAndFeel initComponentDefaults (Ljavax/swing/UIDefaults;)V 655 <appendix> member <vmtarget> ; # javax/swing/plaf/basic/BasicLookAndFeel$$Lambda+0x0000013081037ed8
instanceKlass  @bci javax/swing/plaf/basic/BasicLookAndFeel initComponentDefaults (Ljavax/swing/UIDefaults;)V 642 <appendix> member <vmtarget> ; # javax/swing/plaf/basic/BasicLookAndFeel$$Lambda+0x0000013081037cc0
instanceKlass  @cpi javax/swing/plaf/basic/BasicLookAndFeel 2612 form vmentry <vmtarget> ; # java/lang/invoke/LambdaForm$DMH+0x0000013081018400
instanceKlass  @bci javax/swing/plaf/basic/BasicLookAndFeel initComponentDefaults (Ljavax/swing/UIDefaults;)V 611 <appendix> argL0 ; # javax/swing/plaf/basic/BasicLookAndFeel$$Lambda+0x0000013081037870
instanceKlass  @bci javax/swing/plaf/basic/BasicLookAndFeel initComponentDefaults (Ljavax/swing/UIDefaults;)V 604 <appendix> argL0 ; # javax/swing/plaf/basic/BasicLookAndFeel$$Lambda+0x0000013081037658
instanceKlass  @bci javax/swing/plaf/basic/BasicLookAndFeel initComponentDefaults (Ljavax/swing/UIDefaults;)V 597 <appendix> argL0 ; # javax/swing/plaf/basic/BasicLookAndFeel$$Lambda+0x0000013081037440
instanceKlass  @bci javax/swing/plaf/basic/BasicLookAndFeel initComponentDefaults (Ljavax/swing/UIDefaults;)V 590 <appendix> argL0 ; # javax/swing/plaf/basic/BasicLookAndFeel$$Lambda+0x0000013081037228
instanceKlass  @bci javax/swing/plaf/basic/BasicLookAndFeel initComponentDefaults (Ljavax/swing/UIDefaults;)V 583 <appendix> argL0 ; # javax/swing/plaf/basic/BasicLookAndFeel$$Lambda+0x0000013081037010
instanceKlass  @bci javax/swing/plaf/basic/BasicLookAndFeel initComponentDefaults (Ljavax/swing/UIDefaults;)V 576 <appendix> argL0 ; # javax/swing/plaf/basic/BasicLookAndFeel$$Lambda+0x0000013081036df8
instanceKlass  @bci javax/swing/plaf/basic/BasicLookAndFeel initComponentDefaults (Ljavax/swing/UIDefaults;)V 569 <appendix> argL0 ; # javax/swing/plaf/basic/BasicLookAndFeel$$Lambda+0x0000013081036be0
instanceKlass  @bci javax/swing/plaf/basic/BasicLookAndFeel initComponentDefaults (Ljavax/swing/UIDefaults;)V 562 <appendix> argL0 ; # javax/swing/plaf/basic/BasicLookAndFeel$$Lambda+0x00000130810369c8
instanceKlass javax/swing/plaf/basic/BasicLookAndFeel$2
instanceKlass  @bci javax/swing/plaf/basic/BasicLookAndFeel initComponentDefaults (Ljavax/swing/UIDefaults;)V 545 <appendix> argL0 ; # javax/swing/plaf/basic/BasicLookAndFeel$$Lambda+0x0000013081036590
instanceKlass  @bci sun/swing/SwingUtilities2 makeIcon (Ljava/lang/Class;Ljava/lang/Class;Ljava/lang/String;Z)Ljava/lang/Object; 4 <adapter> ; # java/lang/invoke/LambdaForm$MH+0x0000013081018000
# instanceKlass java/lang/invoke/LambdaForm$DMH+0x0000013081017c00
instanceKlass  @bci sun/swing/SwingUtilities2 makeIcon (Ljava/lang/Class;Ljava/lang/Class;Ljava/lang/String;Z)Ljava/lang/Object; 4 <appendix> form vmentry <vmtarget> ; # java/lang/invoke/LambdaForm$DMH+0x0000013081017800
instanceKlass  @bci sun/swing/SwingUtilities2 makeIcon (Ljava/lang/Class;Ljava/lang/Class;Ljava/lang/String;Z)Ljava/lang/Object; 4 <appendix> member <vmtarget> ; # sun/swing/SwingUtilities2$$Lambda+0x0000013081036370
instanceKlass  @cpi sun/swing/SwingUtilities2 1496 form vmentry <vmtarget> ; # java/lang/invoke/LambdaForm$DMH+0x0000013081017400
instanceKlass  @bci javax/swing/plaf/basic/BasicLookAndFeel initComponentDefaults (Ljavax/swing/UIDefaults;)V 398 <appendix> argL0 ; # javax/swing/plaf/basic/BasicLookAndFeel$$Lambda+0x0000013081036158
instanceKlass  @bci javax/swing/plaf/basic/BasicLookAndFeel initComponentDefaults (Ljavax/swing/UIDefaults;)V 391 <appendix> argL0 ; # javax/swing/plaf/basic/BasicLookAndFeel$$Lambda+0x0000013081035f40
instanceKlass  @bci javax/swing/plaf/basic/BasicLookAndFeel initComponentDefaults (Ljavax/swing/UIDefaults;)V 384 <appendix> argL0 ; # javax/swing/plaf/basic/BasicLookAndFeel$$Lambda+0x0000013081035d28
instanceKlass  @bci javax/swing/plaf/basic/BasicLookAndFeel initComponentDefaults (Ljavax/swing/UIDefaults;)V 377 <appendix> form vmentry <vmtarget> ; # java/lang/invoke/LambdaForm$DMH+0x0000013081017000
instanceKlass  @bci javax/swing/plaf/basic/BasicLookAndFeel initComponentDefaults (Ljavax/swing/UIDefaults;)V 377 <appendix> member <vmtarget> ; # javax/swing/plaf/basic/BasicLookAndFeel$$Lambda+0x0000013081035b08
instanceKlass javax/swing/border/AbstractBorder
instanceKlass javax/swing/border/Border
instanceKlass  @bci javax/swing/plaf/basic/BasicLookAndFeel initComponentDefaults (Ljavax/swing/UIDefaults;)V 349 <appendix> member <vmtarget> ; # javax/swing/plaf/basic/BasicLookAndFeel$$Lambda+0x0000013081034fc0
instanceKlass  @bci javax/swing/plaf/basic/BasicLookAndFeel initComponentDefaults (Ljavax/swing/UIDefaults;)V 340 <appendix> argL0 ; # javax/swing/plaf/basic/BasicLookAndFeel$$Lambda+0x0000013081034da8
instanceKlass  @bci javax/swing/plaf/basic/BasicLookAndFeel initComponentDefaults (Ljavax/swing/UIDefaults;)V 333 <appendix> argL0 ; # javax/swing/plaf/basic/BasicLookAndFeel$$Lambda+0x0000013081034b90
instanceKlass  @bci javax/swing/plaf/basic/BasicLookAndFeel initComponentDefaults (Ljavax/swing/UIDefaults;)V 326 <appendix> argL0 ; # javax/swing/plaf/basic/BasicLookAndFeel$$Lambda+0x0000013081034978
instanceKlass  @bci javax/swing/plaf/basic/BasicLookAndFeel initComponentDefaults (Ljavax/swing/UIDefaults;)V 319 <appendix> argL0 ; # javax/swing/plaf/basic/BasicLookAndFeel$$Lambda+0x0000013081034760
instanceKlass  @bci javax/swing/plaf/basic/BasicLookAndFeel initComponentDefaults (Ljavax/swing/UIDefaults;)V 312 <appendix> argL0 ; # javax/swing/plaf/basic/BasicLookAndFeel$$Lambda+0x0000013081034548
instanceKlass javax/swing/UIDefaults$ActiveValue
instanceKlass  @bci javax/swing/plaf/basic/BasicLookAndFeel initComponentDefaults (Ljavax/swing/UIDefaults;)V 47 <appendix> argL0 ; # javax/swing/plaf/basic/BasicLookAndFeel$$Lambda+0x0000013081033f30
instanceKlass  @bci javax/swing/plaf/basic/BasicLookAndFeel initComponentDefaults (Ljavax/swing/UIDefaults;)V 40 <appendix> argL0 ; # javax/swing/plaf/basic/BasicLookAndFeel$$Lambda+0x0000013081033d18
instanceKlass  @bci javax/swing/plaf/basic/BasicLookAndFeel initComponentDefaults (Ljavax/swing/UIDefaults;)V 33 <appendix> argL0 ; # javax/swing/plaf/basic/BasicLookAndFeel$$Lambda+0x0000013081033b00
instanceKlass  @bci javax/swing/plaf/basic/BasicLookAndFeel initComponentDefaults (Ljavax/swing/UIDefaults;)V 26 <appendix> argL0 ; # javax/swing/plaf/basic/BasicLookAndFeel$$Lambda+0x00000130810338e8
instanceKlass  @bci javax/swing/plaf/basic/BasicLookAndFeel initComponentDefaults (Ljavax/swing/UIDefaults;)V 19 <appendix> argL0 ; # javax/swing/plaf/basic/BasicLookAndFeel$$Lambda+0x00000130810336d0
instanceKlass javax/swing/UIDefaults$LazyValue
instanceKlass javax/swing/plaf/metal/DefaultMetalTheme$FontDelegate
instanceKlass javax/swing/plaf/UIResource
instanceKlass javax/swing/plaf/metal/MetalTheme
instanceKlass sun/swing/DefaultLookup
instanceKlass javax/swing/LookAndFeel
instanceKlass javax/swing/UIManager$1
instanceKlass  @bci javax/swing/UIDefaults <clinit> ()V 10 <appendix> argL0 ; # javax/swing/UIDefaults$$Lambda+0x00000130810308d0
instanceKlass  @cpi com/mysql/cj/protocol/a/authentication/AuthenticationKerberosClient 226 form vmentry <vmtarget> ; # java/lang/invoke/LambdaForm$DMH+0x0000013081016c00
instanceKlass sun/swing/SwingAccessor$UIDefaultsAccessor
instanceKlass javax/swing/UIManager$LAFState
instanceKlass sun/swing/SwingUtilities2$LSBCacheEntry
instanceKlass sun/swing/StringUIClientPropertyKey
instanceKlass javax/swing/UIClientPropertyKey
instanceKlass java/awt/font/FontRenderContext
instanceKlass sun/swing/SwingUtilities2
instanceKlass java/util/IdentityHashMap$IdentityHashMapIterator
instanceKlass java/util/Collections$SynchronizedCollection
instanceKlass java/awt/Toolkit$DesktopPropertyChangeSupport$1
instanceKlass java/util/ComparableTimSort
instanceKlass java/util/Arrays$LegacyMergeSort
instanceKlass sun/awt/SunHints$Value
instanceKlass java/awt/RenderingHints$Key
instanceKlass sun/awt/SunHints
instanceKlass java/awt/RenderingHints
instanceKlass sun/awt/windows/WDesktopProperties$WinPlaySound
instanceKlass java/awt/Color
instanceKlass java/awt/Paint
instanceKlass  @bci sun/java2d/marlin/TransformingPathConsumer2D$PathTracer <init> (Ljava/lang/String;)V 6 <appendix> form vmentry <vmtarget> ; # java/lang/invoke/LambdaForm$MH+0x0000013081016800
instanceKlass java/util/concurrent/locks/ReentrantReadWriteLock$WriteLock
instanceKlass java/util/concurrent/locks/ReentrantReadWriteLock$ReadLock
instanceKlass java/util/concurrent/locks/ReentrantReadWriteLock
instanceKlass java/util/concurrent/locks/ReadWriteLock
instanceKlass sun/awt/windows/ThemeReader
instanceKlass sun/awt/windows/WDesktopProperties
instanceKlass javax/swing/UIManager$LookAndFeelInfo
instanceKlass javax/swing/UIManager
instanceKlass java/awt/FlowLayout
instanceKlass javax/swing/SwingUtilities
instanceKlass javax/swing/SwingConstants
instanceKlass javax/swing/JComponent$2
instanceKlass javax/swing/JComponent$1
instanceKlass sun/swing/SwingAccessor$JComponentAccessor
instanceKlass sun/awt/KeyboardFocusManagerPeerImpl
instanceKlass java/awt/peer/KeyboardFocusManagerPeer
instanceKlass javax/swing/KeyStroke$1
instanceKlass sun/swing/SwingAccessor$KeyStrokeAccessor
instanceKlass sun/swing/SwingAccessor
instanceKlass java/awt/AWTKeyStroke
instanceKlass java/awt/FocusTraversalPolicy
instanceKlass java/awt/DefaultKeyboardFocusManager$2
instanceKlass java/awt/DefaultKeyboardFocusManager$1
instanceKlass sun/awt/AWTAccessor$DefaultKeyboardFocusManagerAccessor
instanceKlass java/awt/KeyboardFocusManager$1
instanceKlass sun/awt/AWTAccessor$KeyboardFocusManagerAccessor
instanceKlass java/awt/KeyboardFocusManager
instanceKlass java/awt/KeyEventPostProcessor
instanceKlass java/awt/KeyEventDispatcher
instanceKlass java/awt/Window$WindowDisposerRecord
instanceKlass java/awt/geom/RectangularShape
instanceKlass java/awt/Shape
instanceKlass java/awt/BorderLayout
instanceKlass java/awt/LayoutManager2
instanceKlass java/awt/GraphicsConfiguration
instanceKlass sun/awt/image/SurfaceManager$ProxiedGraphicsConfig
instanceKlass sun/java2d/pipe/hw/AccelGraphicsConfig
instanceKlass sun/java2d/pipe/hw/BufferedContextProvider
instanceKlass sun/java2d/pipe/BufferedContext
instanceKlass sun/java2d/pipe/hw/ContextCapabilities
instanceKlass sun/java2d/d3d/D3DGraphicsDevice$1
instanceKlass sun/java2d/d3d/D3DGraphicsDevice$1Result
instanceKlass sun/java2d/d3d/D3DRenderQueue$1
instanceKlass sun/java2d/pipe/RenderBuffer
instanceKlass sun/java2d/pipe/RenderQueue
instanceKlass  @bci sun/awt/windows/WToolkit <init> ()V 142 <appendix> argL0 ; # sun/awt/windows/WToolkit$$Lambda+0x0000013081020220
instanceKlass java/lang/Shutdown$Lock
instanceKlass java/lang/Shutdown
instanceKlass java/lang/ApplicationShutdownHooks$1
instanceKlass java/lang/ApplicationShutdownHooks
instanceKlass  @bci sun/awt/windows/WToolkit lambda$registerShutdownHook$2 ()Ljava/lang/Void; 8 <appendix> member <vmtarget> ; # sun/awt/windows/WToolkit$$Lambda+0x0000013081020000
instanceKlass  @bci sun/awt/windows/WToolkit registerShutdownHook ()V 1 <appendix> member <vmtarget> ; # sun/awt/windows/WToolkit$$Lambda+0x000001308107fbe8
instanceKlass  @bci sun/awt/windows/WToolkit run ()V 0 <appendix> argL0 ; # sun/awt/windows/WToolkit$$Lambda+0x000001308107f9d0
instanceKlass  @bci sun/awt/windows/WToolkit <init> ()V 93 <appendix> member <vmtarget> ; # sun/awt/windows/WToolkit$$Lambda+0x000001308107f7b0
instanceKlass  @bci sun/awt/windows/WToolkit <init> ()V 68 <appendix> argL0 ; # sun/awt/windows/WToolkit$$Lambda+0x000001308107f598
instanceKlass java/util/concurrent/ForkJoinPool$2
instanceKlass jdk/internal/access/JavaUtilConcurrentFJPAccess
instanceKlass jdk/internal/vm/ThreadContainers
instanceKlass  @bci sun/awt/AWTAutoShutdown activateBlockerThread ()V 1 <appendix> member <vmtarget> ; # sun/awt/AWTAutoShutdown$$Lambda+0x000001308107f378
instanceKlass java/util/concurrent/ForkJoinPool$DefaultForkJoinWorkerThreadFactory
instanceKlass jdk/internal/vm/StackableScope
instanceKlass java/util/concurrent/ForkJoinPool$WorkQueue
instanceKlass java/util/concurrent/ForkJoinPool$ForkJoinWorkerThreadFactory
instanceKlass sun/awt/AWTAutoShutdown
instanceKlass java/util/concurrent/AbstractExecutorService
instanceKlass java/util/concurrent/ExecutorService
instanceKlass java/util/concurrent/Executor
instanceKlass java/util/concurrent/ConcurrentLinkedDeque$Node
instanceKlass sun/awt/util/ThreadGroupUtils
instanceKlass  @bci sun/java2d/Disposer <clinit> ()V 104 <appendix> argL0 ; # sun/java2d/Disposer$$Lambda+0x000001308107e070
instanceKlass sun/java2d/Disposer$1
instanceKlass sun/java2d/Disposer
instanceKlass sun/awt/windows/WToolkit$ToolkitDisposer
instanceKlass sun/java2d/DisposerRecord
instanceKlass sun/awt/util/PerformanceLogger$TimeData
instanceKlass sun/awt/util/PerformanceLogger
instanceKlass sun/awt/SunToolkit$ModalityListenerList
instanceKlass sun/awt/ModalityListener
instanceKlass java/beans/PropertyChangeListener
instanceKlass java/beans/ChangeListenerMap
instanceKlass java/beans/PropertyChangeSupport
instanceKlass java/awt/GraphicsDevice
instanceKlass sun/awt/SunDisplayChanger
instanceKlass sun/java2d/SurfaceManagerFactory
instanceKlass sun/java2d/windows/WindowsFlags$1
instanceKlass sun/java2d/windows/WindowsFlags
instanceKlass sun/util/logging/PlatformLogger$ConfigurableBridge$LoggerConfiguration
instanceKlass jdk/internal/logger/BootstrapLogger$RedirectedLoggers
instanceKlass sun/awt/windows/WDesktopPeer
instanceKlass java/awt/peer/DesktopPeer
instanceKlass sun/awt/image/SurfaceManager
instanceKlass sun/awt/image/SurfaceManager$ImageAccessor
instanceKlass java/awt/ImageCapabilities
instanceKlass java/awt/Image
instanceKlass sun/java2d/DestSurfaceProvider
instanceKlass sun/java2d/loops/RenderCache$Entry
instanceKlass sun/java2d/loops/RenderCache
instanceKlass sun/java2d/pipe/DrawImage
instanceKlass sun/java2d/pipe/GeneralCompositePipe
instanceKlass sun/java2d/pipe/SpanShapeRenderer
instanceKlass sun/java2d/pipe/AlphaPaintPipe
instanceKlass sun/java2d/pipe/AAShapePipe
instanceKlass sun/java2d/pipe/RegionIterator
instanceKlass sun/java2d/pipe/Region
instanceKlass sun/java2d/pipe/SpanClipRenderer
instanceKlass sun/java2d/pipe/PixelToShapeConverter
instanceKlass sun/java2d/pipe/AlphaColorPipe
instanceKlass sun/java2d/pipe/CompositePipe
instanceKlass  @bci sun/awt/OSInfo$WindowsVersion toString ()Ljava/lang/String; 8 <appendix> form vmentry <vmtarget> ; # java/lang/invoke/LambdaForm$MH+0x0000013081016400
instanceKlass  @bci sun/awt/OSInfo$WindowsVersion toString ()Ljava/lang/String; 8 <appendix> argL3 form vmentry <vmtarget> ; # java/lang/invoke/LambdaForm$MH+0x0000013081016000
instanceKlass  @bci org/example/client/LivestreamClientJFrame generateRandomMulticastAddress ()Ljava/lang/String; 46 <appendix> argL3 argL2 form vmentry <vmtarget> ; # java/lang/invoke/LambdaForm$MH+0x0000013081015c00
# instanceKlass java/lang/invoke/LambdaForm$MH+0x0000013081015800
# instanceKlass java/lang/invoke/LambdaForm$MH+0x0000013081015400
# instanceKlass java/lang/invoke/LambdaForm$MH+0x0000013081015000
instanceKlass  @bci sun/awt/OSInfo$WindowsVersion toString ()Ljava/lang/String; 8 <appendix> argL1 form vmentry <vmtarget> ; # java/lang/invoke/LambdaForm$MH+0x0000013081014c00
# instanceKlass java/lang/invoke/LambdaForm$MH+0x0000013081014800
# instanceKlass java/lang/invoke/LambdaForm$MH+0x0000013081014400
# instanceKlass java/lang/invoke/LambdaForm$MH+0x0000013081014000
instanceKlass sun/awt/OSInfo$1
instanceKlass sun/awt/OSInfo$WindowsVersion
instanceKlass sun/awt/OSInfo
instanceKlass sun/font/FontUtilities$1
instanceKlass sun/font/FontUtilities
instanceKlass sun/java2d/pipe/GlyphListPipe
instanceKlass sun/java2d/pipe/OutlineTextRenderer
instanceKlass java/util/concurrent/ConcurrentLinkedQueue$Node
instanceKlass sun/java2d/ReentrantContextProvider
instanceKlass sun/java2d/marlin/FloatMath
instanceKlass sun/java2d/marlin/MarlinProperties
instanceKlass sun/java2d/marlin/MarlinConst
instanceKlass sun/java2d/pipe/RenderingEngine
instanceKlass sun/java2d/pipe/LoopPipe
instanceKlass sun/java2d/pipe/LoopBasedPipe
instanceKlass sun/java2d/pipe/ParallelogramPipe
instanceKlass sun/java2d/pipe/NullPipe
instanceKlass sun/java2d/pipe/DrawImagePipe
instanceKlass sun/java2d/pipe/TextPipe
instanceKlass sun/java2d/pipe/ShapeDrawPipe
instanceKlass sun/java2d/pipe/PixelFillPipe
instanceKlass sun/java2d/pipe/PixelDrawPipe
instanceKlass sun/java2d/StateTrackableDelegate$2
instanceKlass sun/java2d/StateTrackableDelegate
instanceKlass sun/java2d/cmm/ProfileDeferralInfo
instanceKlass java/awt/color/ICC_Profile$BuiltInProfile
instanceKlass  @bci java/awt/color/ICC_Profile <clinit> ()V 0 <appendix> argL0 ; # java/awt/color/ICC_Profile$$Lambda+0x000001308106ef70
instanceKlass sun/java2d/cmm/Profile
instanceKlass sun/awt/AWTAccessor$ICC_ProfileAccessor
instanceKlass java/awt/color/ICC_Profile
instanceKlass java/awt/color/ColorSpace$BuiltInSpace
instanceKlass java/awt/color/ColorSpace
instanceKlass java/awt/image/ColorModel$1RGBdefault
instanceKlass java/awt/image/ColorModel$1
instanceKlass java/awt/image/ColorModel
instanceKlass sun/awt/image/PixelConverter
instanceKlass sun/java2d/loops/SurfaceType
instanceKlass sun/java2d/SurfaceData
instanceKlass sun/java2d/Surface
instanceKlass sun/java2d/StateTrackable
instanceKlass sun/java2d/DisposerTarget
instanceKlass java/awt/Transparency
instanceKlass sun/awt/windows/WToolkit$1
instanceKlass sun/awt/DisplayChangedListener
instanceKlass java/awt/GraphicsEnvironment$LocalGE
instanceKlass java/awt/Cursor$1
instanceKlass sun/awt/AWTAccessor$CursorAccessor
instanceKlass java/awt/geom/Point2D
instanceKlass java/awt/Cursor
instanceKlass sun/awt/PostEventQueue
instanceKlass sun/awt/MostRecentKeyValue
instanceKlass  @bci sun/java2d/marlin/RendererContext createContext ()Lsun/java2d/marlin/RendererContext; 10 <appendix> form vmentry <vmtarget> ; # java/lang/invoke/LambdaForm$MH+0x0000013081013c00
instanceKlass  @bci sun/java2d/marlin/RendererContext createContext ()Lsun/java2d/marlin/RendererContext; 10 <appendix> argL3 form vmentry <vmtarget> ; # java/lang/invoke/LambdaForm$MH+0x0000013081013800
# instanceKlass java/lang/invoke/LambdaForm$MH+0x0000013081013400
# instanceKlass java/lang/invoke/LambdaForm$MH+0x0000013081013000
instanceKlass  @bci sun/java2d/marlin/RendererContext createContext ()Lsun/java2d/marlin/RendererContext; 10 <appendix> argL1 form vmentry <vmtarget> ; # java/lang/invoke/LambdaForm$MH+0x0000013081012c00
# instanceKlass java/lang/invoke/LambdaForm$MH+0x0000013081012800
instanceKlass java/awt/Queue
instanceKlass java/awt/EventQueue$3
instanceKlass java/awt/EventQueue$2
instanceKlass sun/awt/AWTAccessor$EventQueueAccessor
instanceKlass java/awt/EventQueue$1
instanceKlass java/awt/EventQueue
instanceKlass sun/awt/AppContext$1
instanceKlass sun/awt/WeakIdentityHashMap
instanceKlass sun/awt/KeyboardFocusManagerPeerProvider
instanceKlass sun/awt/InputMethodSupport
instanceKlass sun/awt/ComponentFactory
instanceKlass sun/awt/AppContext$2
instanceKlass sun/awt/AppContext$3
instanceKlass sun/awt/AppContext$6
instanceKlass jdk/internal/access/JavaAWTAccess
instanceKlass sun/awt/AppContext$GetAppContextLock
instanceKlass java/util/Collections$SynchronizedMap
instanceKlass sun/awt/AppContext
instanceKlass java/awt/ComponentOrientation
instanceKlass java/awt/Frame$1
instanceKlass sun/awt/AWTAccessor$FrameAccessor
instanceKlass java/awt/Window$1
instanceKlass sun/awt/AWTAccessor$WindowAccessor
instanceKlass java/util/concurrent/atomic/AtomicBoolean
instanceKlass java/awt/Container$1
instanceKlass sun/awt/AWTAccessor$ContainerAccessor
instanceKlass java/awt/geom/Dimension2D
instanceKlass java/awt/LightweightDispatcher
instanceKlass java/awt/event/AWTEventListener
instanceKlass java/util/EventListener
instanceKlass java/awt/Component$DummyRequestFocusController
instanceKlass sun/awt/RequestFocusController
instanceKlass java/awt/Component$1
instanceKlass sun/awt/AWTAccessor$ComponentAccessor
instanceKlass java/awt/font/JavaAWTFontAccessImpl
instanceKlass jdk/internal/access/JavaAWTFontAccess
instanceKlass java/text/AttributedCharacterIterator$Attribute
instanceKlass sun/font/AttributeValues
instanceKlass java/awt/geom/AffineTransform
instanceKlass sun/font/FontAccess
instanceKlass java/awt/Font
instanceKlass sun/awt/windows/WObjectPeer
instanceKlass java/awt/dnd/peer/DropTargetPeer
instanceKlass java/awt/peer/ComponentPeer
instanceKlass java/awt/event/InputEvent$1
instanceKlass sun/awt/AWTAccessor$InputEventAccessor
instanceKlass java/awt/event/NativeLibLoader$1
instanceKlass java/awt/event/NativeLibLoader
instanceKlass java/awt/AWTEvent$1
instanceKlass sun/awt/AWTAccessor$AWTEventAccessor
instanceKlass java/util/EventObject
instanceKlass sun/awt/PlatformGraphicsInfo
instanceKlass  @bci java/awt/GraphicsEnvironment getHeadlessProperty ()Z 6 <appendix> argL0 ; # java/awt/GraphicsEnvironment$$Lambda+0x000001308105cb58
instanceKlass java/awt/GraphicsEnvironment
instanceKlass java/awt/Insets
instanceKlass  @bci sun/awt/FontConfiguration findFontConfigFile ()V 45 <appendix> form vmentry <vmtarget> ; # java/lang/invoke/LambdaForm$MH+0x0000013081012400
# instanceKlass java/lang/invoke/LambdaForm$MH+0x0000013081012000
instanceKlass  @bci sun/awt/FontConfiguration findFontConfigFile ()V 45 <appendix> argL3 form vmentry <vmtarget> ; # java/lang/invoke/LambdaForm$MH+0x0000013081011c00
# instanceKlass java/lang/invoke/LambdaForm$MH+0x0000013081011800
# instanceKlass java/lang/invoke/LambdaForm$MH+0x0000013081011400
# instanceKlass java/lang/invoke/LambdaForm$MH+0x0000013081011000
# instanceKlass java/lang/invoke/LambdaForm$MH+0x0000013081010c00
instanceKlass  @bci sun/awt/FontConfiguration findFontConfigFile ()V 45 <appendix> argL1 form vmentry <vmtarget> ; # java/lang/invoke/LambdaForm$MH+0x0000013081010800
# instanceKlass java/lang/invoke/LambdaForm$MH+0x0000013081010400
# instanceKlass java/lang/invoke/LambdaForm$MH+0x0000013081010000
# instanceKlass java/lang/invoke/LambdaForm$MH+0x000001308100bc00
instanceKlass  @bci sun/awt/FontConfiguration get2DCompositeFontInfo ()[Lsun/font/CompositeFontDescriptor; 227 <appendix> form vmentry <vmtarget> ; # java/lang/invoke/LambdaForm$MH+0x000001308100b800
instanceKlass java/lang/invoke/LambdaFormEditor$1
# instanceKlass java/lang/invoke/LambdaForm$MH+0x000001308100b400
instanceKlass  @bci sun/awt/FontConfiguration get2DCompositeFontInfo ()[Lsun/font/CompositeFontDescriptor; 227 <appendix> argL3 form vmentry <vmtarget> ; # java/lang/invoke/LambdaForm$MH+0x000001308100b000
instanceKlass java/lang/invoke/MethodHandles$1
instanceKlass  @bci org/example/client/LivestreamClientJFrame createRoom (Ljava/lang/String;Ljava/lang/String;ILjava/lang/String;)V 14 <appendix> argL4 argL2 form vmentry <vmtarget> ; # java/lang/invoke/LambdaForm$MH+0x000001308100ac00
# instanceKlass java/lang/invoke/LambdaForm$MH+0x000001308100a800
# instanceKlass java/lang/invoke/LambdaForm$MH+0x000001308100a400
instanceKlass  @bci java/sql/DriverManager getConnection (Ljava/lang/String;Ljava/util/Properties;Ljava/lang/Class;)Ljava/sql/Connection; 49 <appendix> argL2 form vmentry <vmtarget> ; # java/lang/invoke/LambdaForm$MH+0x000001308100a000
# instanceKlass java/lang/invoke/LambdaForm$MH+0x0000013081009c00
instanceKlass  @bci sun/awt/FontConfiguration get2DCompositeFontInfo ()[Lsun/font/CompositeFontDescriptor; 227 <appendix> argL1 form vmentry <vmtarget> ; # java/lang/invoke/LambdaForm$MH+0x0000013081009800
# instanceKlass java/lang/invoke/LambdaForm$MH+0x0000013081009400
instanceKlass  @bci java/sql/DriverManager getConnection (Ljava/lang/String;Ljava/util/Properties;Ljava/lang/Class;)Ljava/sql/Connection; 49 <appendix> argL1 form vmentry <vmtarget> ; # java/lang/invoke/LambdaForm$MH+0x0000013081009000
# instanceKlass java/lang/invoke/LambdaForm$MH+0x0000013081008c00
# instanceKlass java/lang/invoke/LambdaForm$MH+0x0000013081008800
instanceKlass java/lang/Long$LongCache
# instanceKlass java/lang/invoke/LambdaForm$MH+0x0000013081008400
instanceKlass java/awt/Toolkit$1
instanceKlass java/awt/Toolkit$2
instanceKlass  @bci jdk/internal/module/SystemModuleFinders$SystemModuleReader open (Ljava/lang/String;)Ljava/util/Optional; 6 <appendix> member <vmtarget> ; # jdk/internal/module/SystemModuleFinders$SystemModuleReader$$Lambda+0x000001308105c058
instanceKlass jdk/internal/module/Checks
instanceKlass  @bci java/util/ResourceBundle$ResourceBundleProviderHelper loadPropertyResourceBundle (Ljava/lang/Module;Ljava/lang/Module;Ljava/lang/String;Ljava/util/Locale;)Ljava/util/ResourceBundle; 14 <appendix> member <vmtarget> ; # java/util/ResourceBundle$ResourceBundleProviderHelper$$Lambda+0x000001308105be38
instanceKlass  @bci java/util/ResourceBundle$ResourceBundleProviderHelper newResourceBundle (Ljava/lang/Class;)Ljava/util/ResourceBundle; 22 <appendix> member <vmtarget> ; # java/util/ResourceBundle$ResourceBundleProviderHelper$$Lambda+0x800000012
instanceKlass java/security/Security$1
instanceKlass jdk/internal/access/JavaSecurityPropertiesAccess
instanceKlass java/util/concurrent/ConcurrentHashMap$MapEntry
instanceKlass  @bci java/security/Security <clinit> ()V 9 <appendix> argL0 ; # java/security/Security$$Lambda+0x80000000b
instanceKlass java/security/Security
instanceKlass sun/security/util/SecurityProperties
instanceKlass sun/security/util/FilePermCompat
instanceKlass sun/security/util/SecurityConstants
instanceKlass  @bci java/util/ResourceBundle$ResourceBundleProviderHelper loadResourceBundle (Ljava/lang/Module;Ljava/lang/Module;Ljava/lang/String;Ljava/util/Locale;)Ljava/util/ResourceBundle; 13 <appendix> member <vmtarget> ; # java/util/ResourceBundle$ResourceBundleProviderHelper$$Lambda+0x000001308105a860
instanceKlass java/util/ResourceBundle$ResourceBundleProviderHelper
instanceKlass java/util/ResourceBundle$3
instanceKlass java/util/ResourceBundle$CacheKeyReference
instanceKlass java/util/ResourceBundle$CacheKey
instanceKlass  @bci java/util/ResourceBundle getLoader (Ljava/lang/Module;)Ljava/lang/ClassLoader; 6 <appendix> member <vmtarget> ; # java/util/ResourceBundle$$Lambda+0x0000013081059da8
instanceKlass sun/util/locale/LocaleObjectCache
instanceKlass java/util/ResourceBundle$Control
instanceKlass java/util/ResourceBundle$1
instanceKlass jdk/internal/access/JavaUtilResourceBundleAccess
instanceKlass java/util/ResourceBundle
instanceKlass java/awt/Toolkit$4
instanceKlass sun/awt/AWTAccessor
instanceKlass java/awt/Toolkit$3
instanceKlass sun/awt/AWTAccessor$ToolkitAccessor
instanceKlass java/awt/Toolkit
instanceKlass java/awt/Component$AWTTreeLock
instanceKlass jdk/internal/logger/LazyLoggers$LazyLoggerAccessor
instanceKlass jdk/internal/logger/LazyLoggers$LoggerAccessor
instanceKlass jdk/internal/logger/AbstractLoggerWrapper
instanceKlass java/util/ServiceLoader$ProviderImpl
instanceKlass java/util/ServiceLoader$Provider
instanceKlass java/util/ServiceLoader$1
instanceKlass sun/util/logging/internal/LoggingProviderImpl$LogManagerAccess
instanceKlass java/util/concurrent/CopyOnWriteArrayList$COWIterator
instanceKlass jdk/internal/loader/URLClassPath$1
instanceKlass java/lang/CompoundEnumeration
instanceKlass jdk/internal/loader/BuiltinClassLoader$1
instanceKlass java/util/Collections$EmptyEnumeration
instanceKlass java/util/Collections$EmptyIterator
instanceKlass jdk/internal/jimage/ImageLocation
instanceKlass jdk/internal/jimage/decompressor/Decompressor
instanceKlass jdk/internal/jimage/ImageStringsReader
instanceKlass jdk/internal/jimage/ImageStrings
instanceKlass jdk/internal/jimage/ImageHeader
instanceKlass jdk/internal/jimage/NativeImageBuffer$1
instanceKlass jdk/internal/jimage/NativeImageBuffer
instanceKlass jdk/internal/jimage/BasicImageReader$1
instanceKlass jdk/internal/jimage/BasicImageReader
instanceKlass jdk/internal/jimage/ImageReader
instanceKlass jdk/internal/jimage/ImageReaderFactory$1
instanceKlass java/nio/file/FileSystems$DefaultFileSystemHolder$1
instanceKlass java/nio/file/FileSystems$DefaultFileSystemHolder
instanceKlass java/nio/file/FileSystems
instanceKlass java/nio/file/Paths
instanceKlass jdk/internal/jimage/ImageReaderFactory
instanceKlass jdk/internal/module/SystemModuleFinders$SystemImage
instanceKlass jdk/internal/module/SystemModuleFinders$SystemModuleReader
instanceKlass java/lang/module/ModuleReader
instanceKlass jdk/internal/loader/BuiltinClassLoader$5
instanceKlass jdk/internal/loader/BuiltinClassLoader$2
instanceKlass jdk/internal/module/Resources
instanceKlass java/util/ServiceLoader$3
instanceKlass java/util/ServiceLoader$2
instanceKlass java/util/ServiceLoader$LazyClassPathLookupIterator
instanceKlass java/util/Spliterators$1Adapter
instanceKlass java/util/Spliterators$ArraySpliterator
instanceKlass java/util/ServiceLoader$ModuleServicesLookupIterator
instanceKlass java/util/ServiceLoader
instanceKlass java/lang/System$LoggerFinder
instanceKlass jdk/internal/logger/BootstrapLogger$DetectBackend$1
instanceKlass jdk/internal/logger/BootstrapLogger$DetectBackend
instanceKlass jdk/internal/logger/BootstrapLogger
instanceKlass sun/util/logging/PlatformLogger$ConfigurableBridge
instanceKlass sun/util/logging/PlatformLogger$Bridge
instanceKlass java/lang/System$Logger
instanceKlass jdk/internal/logger/LazyLoggers$LazyLoggerFactories
instanceKlass jdk/internal/logger/LazyLoggers$1
instanceKlass jdk/internal/logger/LazyLoggers
instanceKlass sun/util/logging/PlatformLogger
instanceKlass javax/swing/event/EventListenerList
instanceKlass javax/swing/AbstractListModel
instanceKlass javax/swing/ListModel
instanceKlass org/example/server/model/Room
instanceKlass java/nio/DirectByteBuffer$Deallocator
instanceKlass sun/nio/ch/Util$BufferCache
instanceKlass sun/nio/ch/Util
instanceKlass java/lang/invoke/VarHandle$AccessDescriptor
instanceKlass sun/nio/ch/NativeThread
instanceKlass sun/net/NetHooks
instanceKlass sun/net/spi/DefaultProxySelector$3
instanceKlass sun/net/spi/DefaultProxySelector$NonProxyInfo
instanceKlass java/net/URI$Parser
instanceKlass java/util/Properties$LineReader
instanceKlass sun/net/NetProperties$1
instanceKlass sun/net/NetProperties
instanceKlass sun/net/spi/DefaultProxySelector$1
instanceKlass java/net/Proxy
instanceKlass java/net/ProxySelector
instanceKlass java/net/SocksSocketImpl$3
instanceKlass javax/swing/RootPaneContainer
instanceKlass javax/swing/WindowConstants
instanceKlass  @bci sun/nio/ch/NioSocketImpl closerFor (Ljava/io/FileDescriptor;Z)Ljava/lang/Runnable; 5 <appendix> member <vmtarget> ; # sun/nio/ch/NioSocketImpl$$Lambda+0x000001308104e3c0
instanceKlass  @cpi java/util/concurrent/Executors$AutoShutdownDelegatedExecutorService 80 form vmentry <vmtarget> ; # java/lang/invoke/LambdaForm$DMH+0x0000013081008000
instanceKlass jdk/net/ExtendedSocketOptions$2
instanceKlass jdk/net/ExtendedSocketOptions$PlatformSocketOptions
instanceKlass jdk/net/ExtendedSocketOptions$ExtSocketOption
instanceKlass java/net/SocketOption
instanceKlass jdk/net/ExtendedSocketOptions
instanceKlass javax/swing/TransferHandler$HasGetTransferHandler
instanceKlass sun/net/ext/ExtendedSocketOptions
instanceKlass java/net/Inet6Address$Inet6AddressHolder
instanceKlass sun/nio/ch/Net$1
instanceKlass java/net/ProtocolFamily
instanceKlass javax/accessibility/Accessible
instanceKlass sun/nio/ch/Net
instanceKlass java/net/SocksConsts
instanceKlass java/awt/Component
instanceKlass sun/nio/ch/IOUtil
instanceKlass java/awt/MenuContainer
instanceKlass java/awt/image/ImageObserver
instanceKlass sun/nio/ch/NativeDispatcher
instanceKlass sun/net/PlatformSocketImpl
instanceKlass java/net/SocketImpl
instanceKlass java/net/SocketOptions
instanceKlass java/awt/LayoutManager
instanceKlass java/net/InetSocketAddress$InetSocketAddressHolder
instanceKlass jdk/internal/misc/PreviewFeatures
instanceKlass jdk/internal/misc/MainMethodFinder
instanceKlass org/example/client/LivestreamClient
instanceKlass java/net/InetAddress$PlatformResolver
instanceKlass java/net/spi/InetAddressResolver
instanceKlass java/net/spi/InetAddressResolver$LookupPolicy
instanceKlass java/net/Inet4AddressImpl
instanceKlass java/net/Inet6AddressImpl
instanceKlass java/net/InetAddressImpl
instanceKlass java/util/concurrent/ConcurrentSkipListMap$Node
instanceKlass java/util/concurrent/ConcurrentSkipListMap$Index
instanceKlass java/io/FileInputStream$1
instanceKlass java/util/concurrent/ConcurrentNavigableMap
instanceKlass java/net/InetAddress$InetAddressHolder
instanceKlass java/net/InetAddress$1
instanceKlass jdk/internal/access/JavaNetInetAddressAccess
instanceKlass java/net/InetAddress
instanceKlass java/net/SocketAddress
instanceKlass java/lang/invoke/VarForm
instanceKlass java/lang/invoke/VarHandleGuards
instanceKlass java/lang/ClassValue$Version
instanceKlass java/lang/ClassValue$Identity
instanceKlass java/lang/ClassValue
instanceKlass java/lang/invoke/VarHandles
instanceKlass sun/nio/cs/SingleByte
instanceKlass java/net/Socket
instanceKlass sun/nio/cs/MS1252$Holder
instanceKlass sun/nio/cs/ArrayDecoder
instanceKlass sun/launcher/LauncherHelper
instanceKlass jdk/internal/vm/PostVMInitHook$1
instanceKlass jdk/internal/util/EnvUtils
instanceKlass jdk/internal/vm/PostVMInitHook$2
instanceKlass jdk/internal/vm/PostVMInitHook
instanceKlass java/io/Reader
instanceKlass com/intellij/rt/execution/application/AppMainV2
instanceKlass  @bci jdk/internal/reflect/DirectMethodHandleAccessor invokeImpl (Ljava/lang/Object;[Ljava/lang/Object;)Ljava/lang/Object; 72 <adapter> ; # java/lang/invoke/LambdaForm$MH+0x0000013081002800
# instanceKlass java/lang/invoke/LambdaForm$MH+0x0000013081002400
# instanceKlass java/lang/invoke/LambdaForm$MH+0x0000013081002000
# instanceKlass java/lang/invoke/LambdaForm$MH+0x0000013081001c00
instanceKlass  @bci sun/security/ec/ParametersMap get (Ljava/util/function/Function;Ljava/security/spec/AlgorithmParameterSpec;)Ljava/lang/Object; 29 <appendix> form vmentry <vmtarget> ; # java/lang/invoke/LambdaForm$MH+0x0000013081001800
# instanceKlass java/lang/invoke/LambdaForm$MH+0x0000013081001400
instanceKlass  @cpi com/mysql/cj/conf/HostInfo 158 form vmentry <vmtarget> ; # java/lang/invoke/LambdaForm$DMH+0x0000013081001000
instanceKlass com/intellij/rt/execution/application/AppMainV2$Agent
instanceKlass java/security/SecureClassLoader$DebugHolder
instanceKlass java/security/Permission
instanceKlass java/security/Guard
instanceKlass java/security/PermissionCollection
instanceKlass java/security/SecureClassLoader$1
instanceKlass java/util/zip/Checksum$1
instanceKlass java/util/zip/CRC32
instanceKlass java/util/zip/Checksum
instanceKlass sun/nio/ByteBuffered
instanceKlass java/lang/Package$VersionInfo
instanceKlass java/lang/NamedPackage
instanceKlass jdk/internal/loader/Resource
instanceKlass java/nio/charset/CoderResult
instanceKlass java/nio/charset/CharsetDecoder
instanceKlass java/lang/Readable
instanceKlass java/util/StringTokenizer
instanceKlass java/util/jar/JarVerifier
instanceKlass java/io/RandomAccessFile$1
instanceKlass java/util/jar/Attributes$Name
instanceKlass java/util/jar/Attributes
instanceKlass sun/security/action/GetIntegerAction
instanceKlass sun/security/util/Debug
instanceKlass sun/security/util/SignatureFileVerifier
instanceKlass java/util/zip/ZipFile$InflaterCleanupAction
instanceKlass java/util/zip/Inflater$InflaterZStreamRef
instanceKlass java/util/zip/Inflater
instanceKlass java/util/zip/ZipEntry
instanceKlass java/util/zip/ZipFile$2
instanceKlass java/nio/Bits$1
instanceKlass jdk/internal/misc/VM$BufferPool
instanceKlass java/nio/Bits
instanceKlass sun/nio/ch/DirectBuffer
instanceKlass jdk/internal/perf/PerfCounter$CoreCounters
instanceKlass jdk/internal/perf/Perf
instanceKlass jdk/internal/perf/Perf$GetPerfAction
instanceKlass jdk/internal/perf/PerfCounter
instanceKlass sun/util/locale/LocaleUtils
instanceKlass sun/util/locale/BaseLocale
instanceKlass java/util/Locale
instanceKlass java/nio/file/attribute/FileTime
instanceKlass java/util/TreeMap$PrivateEntryIterator
instanceKlass java/util/TreeMap$Entry
instanceKlass java/util/NavigableMap
instanceKlass java/util/SortedMap
instanceKlass java/util/NavigableSet
instanceKlass java/util/SortedSet
instanceKlass java/lang/StringCoding
instanceKlass java/util/zip/ZipUtils
instanceKlass java/util/zip/ZipFile$Source$End
instanceKlass java/io/RandomAccessFile$2
instanceKlass jdk/internal/access/JavaIORandomAccessFileAccess
instanceKlass java/io/RandomAccessFile
instanceKlass java/io/DataInput
instanceKlass java/io/DataOutput
instanceKlass sun/nio/fs/WindowsNativeDispatcher$CompletionStatus
instanceKlass sun/nio/fs/WindowsNativeDispatcher$AclInformation
instanceKlass sun/nio/fs/WindowsNativeDispatcher$Account
instanceKlass sun/nio/fs/WindowsNativeDispatcher$DiskFreeSpace
instanceKlass sun/nio/fs/WindowsNativeDispatcher$VolumeInformation
instanceKlass sun/nio/fs/WindowsNativeDispatcher$FirstStream
instanceKlass sun/nio/fs/WindowsNativeDispatcher$FirstFile
instanceKlass java/util/Enumeration
instanceKlass java/util/concurrent/ConcurrentHashMap$Traverser
instanceKlass sun/nio/fs/WindowsNativeDispatcher
instanceKlass sun/nio/fs/NativeBuffer$Deallocator
instanceKlass sun/nio/fs/NativeBuffer
instanceKlass java/lang/ThreadLocal$ThreadLocalMap
instanceKlass java/lang/ThreadLocal
instanceKlass sun/nio/fs/NativeBuffers
instanceKlass sun/nio/fs/WindowsFileAttributes
instanceKlass java/nio/file/attribute/DosFileAttributes
instanceKlass sun/nio/fs/AbstractBasicFileAttributeView
instanceKlass sun/nio/fs/DynamicFileAttributeView
instanceKlass sun/nio/fs/WindowsFileAttributeViews
instanceKlass sun/nio/fs/Util
instanceKlass java/nio/file/attribute/BasicFileAttributeView
instanceKlass java/nio/file/attribute/FileAttributeView
instanceKlass java/nio/file/attribute/AttributeView
instanceKlass java/nio/file/Files
instanceKlass java/nio/file/CopyOption
instanceKlass java/nio/file/attribute/BasicFileAttributes
instanceKlass sun/nio/fs/WindowsPath
instanceKlass java/util/zip/ZipFile$Source$Key
instanceKlass sun/nio/fs/WindowsPathParser$Result
instanceKlass sun/nio/fs/WindowsPathParser
instanceKlass java/nio/file/FileSystem
instanceKlass java/nio/file/OpenOption
instanceKlass java/nio/file/spi/FileSystemProvider
instanceKlass sun/nio/fs/DefaultFileSystemProvider
instanceKlass java/util/zip/ZipFile$Source
instanceKlass java/util/zip/ZipCoder
instanceKlass java/util/zip/ZipFile$CleanableResource
instanceKlass java/lang/Runtime$Version
instanceKlass java/util/jar/JavaUtilJarAccessImpl
instanceKlass jdk/internal/access/JavaUtilJarAccess
instanceKlass jdk/internal/loader/FileURLMapper
instanceKlass jdk/internal/loader/URLClassPath$JarLoader$1
instanceKlass java/util/zip/ZipFile$1
instanceKlass jdk/internal/access/JavaUtilZipFileAccess
instanceKlass java/util/zip/ZipFile
instanceKlass java/util/zip/ZipConstants
instanceKlass jdk/internal/loader/URLClassPath$Loader
instanceKlass jdk/internal/loader/URLClassPath$3
instanceKlass java/security/PrivilegedExceptionAction
instanceKlass sun/net/util/URLUtil
instanceKlass sun/instrument/TransformerManager$TransformerInfo
instanceKlass sun/instrument/TransformerManager
instanceKlass jdk/internal/loader/NativeLibraries$3
instanceKlass jdk/internal/loader/NativeLibrary
instanceKlass java/util/ArrayDeque$DeqIterator
instanceKlass jdk/internal/loader/NativeLibraries$NativeLibraryContext$1
instanceKlass jdk/internal/loader/NativeLibraries$NativeLibraryContext
instanceKlass jdk/internal/loader/NativeLibraries$2
instanceKlass jdk/internal/loader/NativeLibraries$1
instanceKlass jdk/internal/loader/NativeLibraries$LibraryPaths
instanceKlass  @bci sun/instrument/InstrumentationImpl <clinit> ()V 16 <appendix> argL0 ; # sun/instrument/InstrumentationImpl$$Lambda+0x0000013081041908
instanceKlass sun/instrument/InstrumentationImpl
instanceKlass java/lang/instrument/Instrumentation
instanceKlass java/lang/invoke/StringConcatFactory
instanceKlass jdk/internal/module/ModuleBootstrap$SafeModuleFinder
instanceKlass java/lang/ModuleLayer$Controller
instanceKlass java/util/concurrent/CopyOnWriteArrayList
instanceKlass jdk/internal/module/ServicesCatalog$ServiceProvider
instanceKlass jdk/internal/loader/AbstractClassLoaderValue$Memoizer
instanceKlass jdk/internal/module/ModuleLoaderMap$Modules
instanceKlass jdk/internal/module/ModuleLoaderMap$Mapper
instanceKlass jdk/internal/module/ModuleLoaderMap
instanceKlass java/lang/module/ResolvedModule
instanceKlass java/util/Collections$UnmodifiableCollection$1
instanceKlass java/util/SequencedMap
instanceKlass java/util/SequencedSet
instanceKlass java/lang/ModuleLayer
instanceKlass java/util/ImmutableCollections$ListItr
instanceKlass java/util/ListIterator
instanceKlass java/lang/module/ModuleFinder$1
instanceKlass java/nio/file/Path
instanceKlass java/nio/file/Watchable
instanceKlass java/lang/module/Resolver
instanceKlass java/lang/module/Configuration
instanceKlass  @bci java/util/stream/FindOps$FindSink$OfRef <clinit> ()V 43 <appendix> argL0 ; # java/util/stream/FindOps$FindSink$OfRef$$Lambda+0x80000004d
instanceKlass  @bci java/util/stream/FindOps$FindSink$OfRef <clinit> ()V 38 <appendix> argL0 ; # java/util/stream/FindOps$FindSink$OfRef$$Lambda+0x80000004f
instanceKlass  @bci java/util/stream/FindOps$FindSink$OfRef <clinit> ()V 16 <appendix> argL0 ; # java/util/stream/FindOps$FindSink$OfRef$$Lambda+0x80000004e
instanceKlass  @bci java/util/stream/FindOps$FindSink$OfRef <clinit> ()V 11 <appendix> argL0 ; # java/util/stream/FindOps$FindSink$OfRef$$Lambda+0x800000050
instanceKlass java/util/stream/FindOps$FindOp
instanceKlass java/util/stream/FindOps$FindSink
instanceKlass java/util/stream/FindOps
instanceKlass  @bci jdk/internal/module/DefaultRoots exportsAPI (Ljava/lang/module/ModuleDescriptor;)Z 9 <appendix> argL0 ; # jdk/internal/module/DefaultRoots$$Lambda+0x800000056
instanceKlass java/util/stream/Sink$ChainedReference
instanceKlass java/util/stream/ReduceOps$AccumulatingSink
instanceKlass java/util/stream/TerminalSink
instanceKlass java/util/stream/Sink
instanceKlass java/util/function/Consumer
instanceKlass java/util/stream/ReduceOps$Box
instanceKlass java/util/stream/ReduceOps$ReduceOp
instanceKlass java/util/stream/TerminalOp
instanceKlass java/util/stream/ReduceOps
instanceKlass  @bci java/util/stream/Collectors castingIdentity ()Ljava/util/function/Function; 0 <appendix> argL0 ; # java/util/stream/Collectors$$Lambda+0x800000043
instanceKlass  @bci java/util/stream/Collectors toSet ()Ljava/util/stream/Collector; 14 <appendix> argL0 ; # java/util/stream/Collectors$$Lambda+0x800000041
instanceKlass java/util/function/BinaryOperator
instanceKlass  @bci java/util/stream/Collectors toSet ()Ljava/util/stream/Collector; 9 <appendix> argL0 ; # java/util/stream/Collectors$$Lambda+0x80000003a
instanceKlass java/util/function/BiConsumer
instanceKlass  @bci java/util/stream/Collectors toSet ()Ljava/util/stream/Collector; 4 <appendix> argL0 ; # java/util/stream/Collectors$$Lambda+0x800000046
instanceKlass java/util/stream/Collector
instanceKlass java/util/Collections$UnmodifiableCollection
instanceKlass java/util/stream/Collectors
instanceKlass  @bci jdk/internal/module/DefaultRoots compute (Ljava/lang/module/ModuleFinder;Ljava/lang/module/ModuleFinder;)Ljava/util/Set; 42 <appendix> argL0 ; # jdk/internal/module/DefaultRoots$$Lambda+0x800000053
instanceKlass  @bci jdk/internal/module/DefaultRoots compute (Ljava/lang/module/ModuleFinder;Ljava/lang/module/ModuleFinder;)Ljava/util/Set; 32 <appendix> member <vmtarget> ; # jdk/internal/module/DefaultRoots$$Lambda+0x800000057
instanceKlass java/util/concurrent/ForkJoinPool$ManagedBlocker
instanceKlass java/util/concurrent/locks/AbstractQueuedSynchronizer$Node
instanceKlass  @bci jdk/internal/module/DefaultRoots compute (Ljava/lang/module/ModuleFinder;Ljava/lang/module/ModuleFinder;)Ljava/util/Set; 21 <appendix> argL0 ; # jdk/internal/module/DefaultRoots$$Lambda+0x800000054
instanceKlass java/lang/ref/Cleaner$Cleanable
instanceKlass jdk/internal/ref/CleanerImpl
instanceKlass java/lang/ref/Cleaner$1
instanceKlass java/lang/ref/Cleaner
instanceKlass jdk/internal/ref/CleanerFactory$1
instanceKlass java/util/concurrent/ThreadFactory
instanceKlass jdk/internal/ref/CleanerFactory
instanceKlass  @bci java/lang/module/ModuleDescriptor$Builder packages (Ljava/util/Set;)Ljava/lang/module/ModuleDescriptor$Builder; 17 <appendix> form vmentry <vmtarget> ; # java/lang/invoke/LambdaForm$MH+0x0000013081000800
instanceKlass  @bci jdk/internal/module/DefaultRoots compute (Ljava/lang/module/ModuleFinder;Ljava/lang/module/ModuleFinder;)Ljava/util/Set; 11 <appendix> argL0 ; # jdk/internal/module/DefaultRoots$$Lambda+0x800000055
instanceKlass java/lang/invoke/LambdaProxyClassArchive
instanceKlass java/lang/invoke/InfoFromMemberName
instanceKlass java/lang/invoke/MethodHandleInfo
instanceKlass jdk/internal/org/objectweb/asm/ConstantDynamic
instanceKlass jdk/internal/org/objectweb/asm/Handle
instanceKlass sun/security/action/GetBooleanAction
instanceKlass java/lang/invoke/AbstractValidatingLambdaMetafactory
instanceKlass java/lang/invoke/BootstrapMethodInvoker
instanceKlass java/util/function/Predicate
instanceKlass java/lang/WeakPairMap$Pair$Lookup
instanceKlass java/lang/WeakPairMap$Pair
instanceKlass java/lang/WeakPairMap
instanceKlass java/lang/Module$ReflectionData
instanceKlass java/lang/invoke/LambdaMetafactory
# instanceKlass java/lang/invoke/LambdaForm$MH+0x0000013081000400
instanceKlass java/lang/invoke/MethodHandles$Lookup$ClassDefiner
instanceKlass java/lang/invoke/MethodHandles$Lookup$ClassFile
instanceKlass jdk/internal/org/objectweb/asm/Handler
instanceKlass jdk/internal/org/objectweb/asm/Attribute
instanceKlass jdk/internal/org/objectweb/asm/FieldVisitor
instanceKlass java/util/ArrayList$Itr
instanceKlass sun/invoke/empty/Empty
instanceKlass sun/invoke/util/VerifyType
instanceKlass java/lang/invoke/InvokerBytecodeGenerator$ClassData
instanceKlass jdk/internal/org/objectweb/asm/AnnotationVisitor
instanceKlass jdk/internal/org/objectweb/asm/Frame
instanceKlass jdk/internal/org/objectweb/asm/Label
instanceKlass jdk/internal/org/objectweb/asm/Type
instanceKlass jdk/internal/org/objectweb/asm/MethodVisitor
instanceKlass sun/invoke/util/BytecodeDescriptor
instanceKlass jdk/internal/org/objectweb/asm/ByteVector
instanceKlass jdk/internal/org/objectweb/asm/Symbol
instanceKlass jdk/internal/org/objectweb/asm/SymbolTable
instanceKlass jdk/internal/org/objectweb/asm/ClassVisitor
instanceKlass java/lang/invoke/LambdaFormBuffer
instanceKlass java/lang/invoke/LambdaFormEditor$TransformKey
instanceKlass java/lang/invoke/LambdaFormEditor
instanceKlass java/lang/invoke/Invokers$Holder
instanceKlass java/lang/invoke/DelegatingMethodHandle$Holder
instanceKlass java/lang/invoke/DirectMethodHandle$2
instanceKlass java/lang/invoke/ClassSpecializer$Factory
instanceKlass java/lang/invoke/ClassSpecializer$SpeciesData
instanceKlass java/lang/invoke/ClassSpecializer$1
instanceKlass java/lang/invoke/ClassSpecializer
instanceKlass java/lang/invoke/InvokerBytecodeGenerator$1
instanceKlass java/lang/invoke/InvokerBytecodeGenerator
instanceKlass java/lang/invoke/LambdaForm$Holder
instanceKlass java/lang/invoke/LambdaForm$Name
instanceKlass java/lang/reflect/Array
instanceKlass java/lang/invoke/Invokers
instanceKlass sun/invoke/util/ValueConversions
instanceKlass java/lang/invoke/DirectMethodHandle$Holder
instanceKlass java/lang/Void
instanceKlass sun/invoke/util/Wrapper$Format
instanceKlass java/lang/invoke/MethodHandleImpl$1
instanceKlass jdk/internal/access/JavaLangInvokeAccess
instanceKlass java/lang/invoke/LambdaForm$NamedFunction
instanceKlass java/lang/invoke/MethodHandleImpl
instanceKlass jdk/internal/reflect/MethodHandleAccessorFactory$LazyStaticHolder
instanceKlass java/lang/invoke/MethodTypeForm
instanceKlass java/lang/invoke/MethodType$ConcurrentWeakInternSet
instanceKlass sun/reflect/annotation/AnnotationParser
instanceKlass java/lang/Class$3
instanceKlass java/lang/PublicMethods$Key
instanceKlass java/lang/PublicMethods$MethodList
instanceKlass java/util/EnumMap$1
instanceKlass java/util/stream/StreamOpFlag$MaskBuilder
instanceKlass java/util/stream/Stream
instanceKlass java/util/stream/BaseStream
instanceKlass java/util/stream/PipelineHelper
instanceKlass java/util/stream/StreamSupport
instanceKlass java/util/Spliterators$IteratorSpliterator
instanceKlass java/util/Spliterator$OfDouble
instanceKlass java/util/Spliterator$OfLong
instanceKlass java/util/Spliterator$OfInt
instanceKlass java/util/Spliterator$OfPrimitive
instanceKlass java/util/Spliterator
instanceKlass java/util/Spliterators$EmptySpliterator
instanceKlass java/util/Spliterators
instanceKlass jdk/internal/module/DefaultRoots
instanceKlass jdk/internal/loader/BuiltinClassLoader$LoadedModule
instanceKlass jdk/internal/loader/AbstractClassLoaderValue
instanceKlass jdk/internal/module/ServicesCatalog
instanceKlass java/util/Deque
instanceKlass java/util/Queue
instanceKlass sun/net/util/IPAddressUtil$MASKS
instanceKlass sun/net/util/IPAddressUtil
instanceKlass java/net/URLStreamHandler
instanceKlass java/lang/StringUTF16
instanceKlass sun/net/www/ParseUtil
instanceKlass java/net/URL$3
instanceKlass jdk/internal/access/JavaNetURLAccess
instanceKlass java/net/URL$DefaultFactory
instanceKlass java/net/URLStreamHandlerFactory
instanceKlass jdk/internal/loader/URLClassPath
instanceKlass java/security/Principal
instanceKlass java/security/ProtectionDomain$Key
instanceKlass java/security/ProtectionDomain$JavaSecurityAccessImpl
instanceKlass jdk/internal/access/JavaSecurityAccess
instanceKlass java/lang/ClassLoader$ParallelLoaders
instanceKlass java/security/cert/Certificate
instanceKlass jdk/internal/loader/ArchivedClassLoaders
instanceKlass java/util/concurrent/ConcurrentHashMap$CollectionView
instanceKlass jdk/internal/loader/ClassLoaderHelper
instanceKlass jdk/internal/loader/NativeLibraries
instanceKlass java/lang/Module$EnableNativeAccess
instanceKlass jdk/internal/loader/BootLoader
instanceKlass java/util/Optional
instanceKlass jdk/internal/module/SystemModuleFinders$SystemModuleFinder
instanceKlass java/lang/module/ModuleFinder
instanceKlass jdk/internal/module/SystemModuleFinders$3
instanceKlass jdk/internal/module/ModuleHashes$HashSupplier
instanceKlass jdk/internal/module/SystemModuleFinders$2
instanceKlass java/util/function/Supplier
instanceKlass java/lang/module/ModuleReference
instanceKlass jdk/internal/module/ModuleResolution
instanceKlass java/util/Collections$UnmodifiableMap
instanceKlass jdk/internal/module/ModuleHashes$Builder
instanceKlass jdk/internal/module/ModuleHashes
instanceKlass jdk/internal/module/ModuleTarget
instanceKlass java/util/ImmutableCollections$Set12$1
instanceKlass java/lang/reflect/AccessFlag$18
instanceKlass java/lang/reflect/AccessFlag$17
instanceKlass java/lang/reflect/AccessFlag$16
instanceKlass java/lang/reflect/AccessFlag$15
instanceKlass java/lang/reflect/AccessFlag$14
instanceKlass java/lang/reflect/AccessFlag$13
instanceKlass java/lang/reflect/AccessFlag$12
instanceKlass java/lang/reflect/AccessFlag$11
instanceKlass java/lang/reflect/AccessFlag$10
instanceKlass java/lang/reflect/AccessFlag$9
instanceKlass java/lang/reflect/AccessFlag$8
instanceKlass java/lang/reflect/AccessFlag$7
instanceKlass java/lang/reflect/AccessFlag$6
instanceKlass java/lang/reflect/AccessFlag$5
instanceKlass java/lang/reflect/AccessFlag$4
instanceKlass java/lang/reflect/AccessFlag$3
instanceKlass java/lang/reflect/AccessFlag$2
instanceKlass java/lang/reflect/AccessFlag$1
instanceKlass java/lang/module/ModuleDescriptor$Version
instanceKlass java/lang/module/ModuleDescriptor$Provides
instanceKlass java/lang/module/ModuleDescriptor$Opens
instanceKlass java/util/ImmutableCollections$SetN$SetNIterator
instanceKlass java/lang/module/ModuleDescriptor$Exports
instanceKlass java/lang/module/ModuleDescriptor$Requires
instanceKlass jdk/internal/module/Builder
instanceKlass jdk/internal/module/SystemModules$all
instanceKlass jdk/internal/module/SystemModules
instanceKlass jdk/internal/module/SystemModulesMap
instanceKlass java/net/URI$1
instanceKlass jdk/internal/access/JavaNetUriAccess
instanceKlass java/net/URI
instanceKlass jdk/internal/module/SystemModuleFinders
instanceKlass jdk/internal/module/ArchivedModuleGraph
instanceKlass jdk/internal/module/ArchivedBootLayer
instanceKlass jdk/internal/module/ModuleBootstrap$Counters
instanceKlass jdk/internal/module/ModulePatcher
instanceKlass java/io/FileSystem
instanceKlass java/io/DefaultFileSystem
instanceKlass java/io/File
instanceKlass java/lang/module/ModuleDescriptor$1
instanceKlass jdk/internal/access/JavaLangModuleAccess
instanceKlass sun/invoke/util/VerifyAccess
instanceKlass java/util/KeyValueHolder
instanceKlass java/util/ImmutableCollections$MapN$MapNIterator
instanceKlass java/lang/StrictMath
instanceKlass java/lang/invoke/MethodHandles$Lookup
instanceKlass java/lang/invoke/MemberName$Factory
instanceKlass java/lang/invoke/MethodHandles
instanceKlass java/lang/module/ModuleDescriptor
instanceKlass jdk/internal/module/ModuleBootstrap
instanceKlass java/lang/Character$CharacterCache
instanceKlass java/util/HexFormat
instanceKlass jdk/internal/util/ClassFileDumper
instanceKlass sun/security/action/GetPropertyAction
instanceKlass java/lang/invoke/MethodHandleStatics
instanceKlass jdk/internal/misc/Blocker
instanceKlass java/util/concurrent/locks/AbstractQueuedSynchronizer$ConditionObject
instanceKlass java/util/concurrent/locks/Condition
instanceKlass java/util/Collections
instanceKlass java/lang/Thread$ThreadIdentifiers
instanceKlass sun/io/Win32ErrorMode
instanceKlass jdk/internal/misc/OSEnvironment
instanceKlass java/lang/Integer$IntegerCache
instanceKlass jdk/internal/misc/Signal$NativeHandler
instanceKlass java/util/Hashtable$Entry
instanceKlass jdk/internal/misc/Signal
instanceKlass java/lang/Terminator$1
instanceKlass jdk/internal/misc/Signal$Handler
instanceKlass java/lang/Terminator
instanceKlass java/nio/ByteOrder
instanceKlass java/nio/Buffer$2
instanceKlass jdk/internal/access/JavaNioAccess
instanceKlass java/nio/Buffer$1
instanceKlass jdk/internal/misc/ScopedMemoryAccess
instanceKlass java/nio/charset/CodingErrorAction
instanceKlass java/nio/charset/CharsetEncoder
instanceKlass java/io/Writer
instanceKlass java/io/PrintStream$1
instanceKlass jdk/internal/access/JavaIOPrintStreamAccess
instanceKlass jdk/internal/misc/InternalLock
instanceKlass java/io/OutputStream
instanceKlass java/io/Flushable
instanceKlass java/io/FileDescriptor$1
instanceKlass jdk/internal/access/JavaIOFileDescriptorAccess
instanceKlass java/io/FileDescriptor
instanceKlass jdk/internal/util/StaticProperty
instanceKlass jdk/internal/reflect/MethodHandleAccessorFactory
instanceKlass java/lang/reflect/Modifier
instanceKlass java/lang/Class$1
instanceKlass java/lang/Class$Atomic
instanceKlass java/lang/Class$ReflectionData
instanceKlass java/nio/charset/StandardCharsets
instanceKlass sun/nio/cs/HistoricallyNamedCharset
instanceKlass java/nio/charset/spi/CharsetProvider
instanceKlass java/nio/charset/Charset
instanceKlass java/util/HashMap$HashIterator
instanceKlass java/util/concurrent/locks/LockSupport
instanceKlass java/util/concurrent/ConcurrentHashMap$Node
instanceKlass java/util/concurrent/ConcurrentHashMap$CounterCell
instanceKlass java/util/concurrent/locks/ReentrantLock
instanceKlass java/util/concurrent/locks/Lock
instanceKlass java/lang/CharacterData
instanceKlass java/util/Arrays
instanceKlass jdk/internal/util/Preconditions$3
instanceKlass jdk/internal/util/Preconditions$2
instanceKlass jdk/internal/util/Preconditions$4
instanceKlass java/util/function/BiFunction
instanceKlass jdk/internal/util/Preconditions$1
instanceKlass java/util/function/Function
instanceKlass jdk/internal/util/Preconditions
instanceKlass java/lang/Runtime
instanceKlass java/lang/VersionProps
instanceKlass java/lang/StringConcatHelper
instanceKlass java/util/HashMap$Node
instanceKlass java/util/Map$Entry
instanceKlass jdk/internal/util/ArraysSupport
instanceKlass jdk/internal/util/SystemProps$Raw
instanceKlass jdk/internal/util/SystemProps
instanceKlass java/lang/System$2
instanceKlass jdk/internal/access/JavaLangAccess
instanceKlass java/lang/ref/NativeReferenceQueue$Lock
instanceKlass java/lang/ref/ReferenceQueue
instanceKlass java/lang/ref/Reference$1
instanceKlass jdk/internal/access/JavaLangRefAccess
instanceKlass jdk/internal/reflect/ReflectionFactory
instanceKlass java/lang/Math
instanceKlass java/lang/StringLatin1
instanceKlass jdk/internal/reflect/Reflection
instanceKlass jdk/internal/reflect/ReflectionFactory$GetReflectionFactoryAction
instanceKlass java/security/PrivilegedAction
instanceKlass jdk/internal/access/SharedSecrets
instanceKlass java/lang/reflect/ReflectAccess
instanceKlass jdk/internal/access/JavaLangReflectAccess
instanceKlass java/util/ImmutableCollections
instanceKlass java/util/Objects
instanceKlass java/util/Set
instanceKlass jdk/internal/misc/CDS
instanceKlass java/lang/Module$ArchivedData
instanceKlass jdk/internal/misc/VM
instanceKlass java/lang/String$CaseInsensitiveComparator
instanceKlass java/util/Comparator
instanceKlass java/io/ObjectStreamField
instanceKlass jdk/internal/vm/FillerObject
instanceKlass jdk/internal/vm/vector/VectorSupport$VectorPayload
instanceKlass jdk/internal/vm/vector/VectorSupport
instanceKlass java/lang/reflect/RecordComponent
instanceKlass java/util/Iterator
instanceKlass java/lang/Number
instanceKlass java/lang/Character
instanceKlass java/lang/Boolean
instanceKlass java/util/concurrent/locks/AbstractOwnableSynchronizer
instanceKlass java/lang/LiveStackFrame
instanceKlass java/lang/StackFrameInfo
instanceKlass java/lang/StackWalker$StackFrame
instanceKlass java/lang/StackStreamFactory$AbstractStackWalker
instanceKlass java/lang/StackWalker
instanceKlass java/nio/Buffer
instanceKlass java/lang/StackTraceElement
instanceKlass java/util/RandomAccess
instanceKlass java/util/List
instanceKlass java/util/SequencedCollection
instanceKlass java/util/AbstractCollection
instanceKlass java/util/Collection
instanceKlass java/lang/Iterable
instanceKlass java/util/concurrent/ConcurrentMap
instanceKlass java/util/AbstractMap
instanceKlass java/security/CodeSource
instanceKlass jdk/internal/loader/ClassLoaders
instanceKlass java/util/jar/Manifest
instanceKlass java/lang/Enum
instanceKlass java/net/URL
instanceKlass java/io/InputStream
instanceKlass java/io/Closeable
instanceKlass java/lang/AutoCloseable
instanceKlass jdk/internal/module/Modules
instanceKlass jdk/internal/misc/Unsafe
instanceKlass jdk/internal/misc/UnsafeConstants
instanceKlass java/lang/AbstractStringBuilder
instanceKlass java/lang/Appendable
instanceKlass java/lang/AssertionStatusDirectives
instanceKlass java/lang/invoke/MethodHandleNatives$CallSiteContext
instanceKlass jdk/internal/foreign/abi/ABIDescriptor
instanceKlass jdk/internal/foreign/abi/NativeEntryPoint
instanceKlass java/lang/invoke/CallSite
instanceKlass java/lang/invoke/MethodType
instanceKlass java/lang/invoke/TypeDescriptor$OfMethod
instanceKlass java/lang/invoke/LambdaForm
instanceKlass java/lang/invoke/MethodHandleNatives
instanceKlass java/lang/invoke/ResolvedMethodName
instanceKlass java/lang/invoke/MemberName
instanceKlass java/lang/invoke/VarHandle
instanceKlass java/lang/invoke/MethodHandle
instanceKlass jdk/internal/reflect/CallerSensitive
instanceKlass java/lang/annotation/Annotation
instanceKlass jdk/internal/reflect/FieldAccessor
instanceKlass jdk/internal/reflect/ConstantPool
instanceKlass jdk/internal/reflect/ConstructorAccessor
instanceKlass jdk/internal/reflect/MethodAccessor
instanceKlass jdk/internal/reflect/MagicAccessorImpl
instanceKlass jdk/internal/vm/StackChunk
instanceKlass jdk/internal/vm/Continuation
instanceKlass jdk/internal/vm/ContinuationScope
instanceKlass java/lang/reflect/Parameter
instanceKlass java/lang/reflect/Member
instanceKlass java/lang/reflect/AccessibleObject
instanceKlass java/lang/Module
instanceKlass java/util/Map
instanceKlass java/util/Dictionary
instanceKlass java/lang/ThreadGroup
instanceKlass java/lang/Thread$UncaughtExceptionHandler
instanceKlass java/lang/Thread$Constants
instanceKlass java/lang/Thread$FieldHolder
instanceKlass java/lang/Thread
instanceKlass java/lang/Runnable
instanceKlass java/lang/ref/Reference
instanceKlass java/lang/Record
instanceKlass java/security/AccessController
instanceKlass java/security/AccessControlContext
instanceKlass java/security/ProtectionDomain
instanceKlass java/lang/SecurityManager
instanceKlass java/lang/Throwable
instanceKlass java/lang/System
instanceKlass java/lang/ClassLoader
instanceKlass java/lang/Cloneable
instanceKlass java/lang/Class
instanceKlass java/lang/invoke/TypeDescriptor$OfField
instanceKlass java/lang/invoke/TypeDescriptor
instanceKlass java/lang/reflect/Type
instanceKlass java/lang/reflect/GenericDeclaration
instanceKlass java/lang/reflect/AnnotatedElement
instanceKlass java/lang/String
instanceKlass java/lang/constant/ConstantDesc
instanceKlass java/lang/constant/Constable
instanceKlass java/lang/CharSequence
instanceKlass java/lang/Comparable
instanceKlass java/io/Serializable
ciInstanceKlass java/lang/Object 1 1 124 7 1 10 12 1 1 10 7 12 1 1 1 10 7 12 1 1 1 10 12 1 1 8 1 10 12 1 1 10 7 12 1 1 1 10 12 1 10 12 1 1 10 7 12 1 1 1 10 12 1 10 12 1 7 1 10 7 12 1 1 1 10 12 1 1 10 12 1 100 1 8 1 10 12 1 3 8 1 7 1 5 0 1 1 1 1 1 1 1 1 1 1 1 1 1 1 1 1 100 1 1 1 1 1 1 1 1 1 1 7 1 1 1 1 1 1 1 1 1 1 3 1 1
ciInstanceKlass java/io/Serializable 1 0 7 100 1 100 1 1 1
ciInstanceKlass java/lang/System 1 1 834 10 7 12 1 1 1 9 7 12 1 1 1 10 12 1 10 12 1 1 10 12 1 1 10 12 1 9 12 1 1 10 7 12 1 1 1 11 100 12 1 1 1 10 100 12 1 1 1 10 12 1 1 10 12 1 1 100 1 8 1 10 12 1 10 7 12 1 1 1 10 7 12 1 1 1 18 12 1 1 10 7 12 1 1 1 7 1 10 12 1 1 10 7 12 1 1 1 10 12 1 10 7 12 1 1 1 9 100 12 1 1 1 10 7 12 1 1 1 11 7 12 1 1 1 10 12 1 1 10 7 12 1 1 1 7 1 10 10 12 1 1 8 1 10 12 1 8 1 10 12 1 9 12 1 1 8 1 10 7 12 1 1 1 10 12 1 1 100 1 8 1 10 9 12 1 1 8 1 10 12 1 1 10 100 12 1 1 1 8 1 10 12 1 7 1 10 12 1 8 1 10 12 1 10 12 1 1 100 1 10 12 10 12 1 9 12 1 1 9 12 1 1 10 7 12 1 1 1 10 7 12 1 1 1 10 12 1 1 10 12 1 10 12 1 10 7 12 1 1 1 10 12 1 100 1 100 1 8 1 10 12 1 10 12 1 1 7 1 10 12 1 100 1 8 1 10 10 12 1 100 1 8 1 10 8 1 10 7 12 1 1 8 1 10 12 100 1 8 1 10 10 12 1 1 10 7 12 1 1 1 100 1 18 12 1 100 1 9 100 12 1 1 1 10 12 1 100 1 10 12 1 1 10 12 1 1 10 7 12 1 1 1 10 12 1 1 10 12 1 10 12 1 10 12 1 1 10 12 1 7 1 10 12 1 9 7 12 1 1 1 10 7 12 1 1 1 10 12 1 10 12 1 10 7 12 1 1 1 7 1 8 1 10 9 12 1 9 12 1 10 12 1 10 7 12 1 1 10 12 1 10 12 1 1 8 1 10 12 1 1 8 1 11 12 1 10 12 11 12 1 1 11 7 12 1 1 1 11 7 12 1 1 11 12 1 1 7 1 11 12 1 10 12 1 8 1 10 12 1 1 8 1 8 1 8 1 8 1 11 12 1 10 12 1 10 12 1 10 12 1 8 1 10 12 1 1 8 1 9 12 1 8 1 10 7 12 1 1 8 1 7 1 9 7 12 1 1 1 10 12 1 7 1 9 12 10 9 12 7 1 10 12 9 12 1 1 8 1 10 12 1 1 8 1 10 7 12 1 1 10 12 1 10 12 1 1 11 7 12 1 1 10 12 10 7 12 1 1 1 9 12 1 1 7 1 8 1 10 12 1 1 10 7 12 1 1 1 7 1 10 12 1 1 10 12 1 8 1 8 1 10 8 1 8 1 8 1 8 1 10 10 7 12 1 1 10 12 1 10 12 1 1 10 12 1 1 10 12 1 10 100 12 1 1 1 10 7 1 8 1 10 10 10 12 1 1 10 12 1 1 8 1 10 12 1 8 1 8 1 10 12 1 10 7 12 1 1 1 10 12 1 1 7 1 10 10 12 1 10 12 1 9 12 1 1 3 1 3 1 1 1 1 1 1 1 1 1 1 1 1 100 1 1 100 1 1 1 1 1 1 1 1 1 1 1 100 1 7 1 1 1 1 1 1 1 1 1 1 1 1 1 1 1 1 1 1 1 1 1 1 1 1 1 1 1 1 1 1 1 1 1 1 1 1 1 1 1 1 1 1 1 1 1 1 1 1 1 1 1 1 1 1 1 1 1 1 100 1 1 1 1 1 1 1 1 1 1 1 1 1 1 1 1 1 1 1 1 1 1 1 1 1 1 1 1 1 1 1 1 1 100 1 1 16 15 10 12 1 1 16 15 10 12 16 1 15 10 100 12 1 1 1 1 1 1 1 1 1 100 1 100 1 1
staticfield java/lang/System in Ljava/io/InputStream; java/io/BufferedInputStream
staticfield java/lang/System out Ljava/io/PrintStream; java/io/PrintStream
staticfield java/lang/System err Ljava/io/PrintStream; java/io/PrintStream
instanceKlass org/bytedeco/javacpp/Loader$2
ciInstanceKlass java/lang/SecurityManager 1 1 576 10 7 12 1 1 1 9 7 12 1 1 1 10 7 12 1 1 1 100 1 8 1 10 12 1 10 12 1 1 10 7 12 1 1 1 10 7 1 10 100 1 10 9 100 12 1 1 1 10 7 12 1 1 1 10 12 1 1 10 7 12 1 1 100 1 8 1 10 9 12 1 1 9 12 1 8 1 9 12 1 7 1 10 8 1 10 12 1 1 10 12 1 10 12 1 1 100 1 10 10 12 1 1 100 1 8 1 10 12 1 8 1 8 1 8 1 8 1 8 1 8 1 10 12 1 8 1 8 1 8 1 8 1 8 1 10 7 12 1 1 1 10 12 1 1 8 1 100 1 8 1 10 8 1 8 1 8 1 8 1 8 1 10 100 12 1 1 8 1 100 1 8 1 8 1 10 8 1 10 12 1 100 1 8 1 10 10 12 1 1 10 12 1 10 12 1 10 12 1 10 7 12 1 1 1 10 12 1 10 7 12 1 1 11 7 12 1 1 1 18 12 1 1 11 7 12 1 1 1 18 12 1 1 11 12 1 1 18 18 11 12 1 18 12 1 11 12 1 1 9 12 1 1 9 12 1 9 12 1 9 12 1 7 1 10 7 12 1 1 10 12 1 10 12 1 18 12 1 18 10 7 12 1 1 1 18 12 1 10 12 1 18 18 8 1 10 12 1 9 12 1 1 11 7 12 1 1 1 8 1 100 1 10 12 1 10 12 1 1 10 12 1 1 9 12 1 1 10 12 1 10 12 1 1 8 1 100 1 10 9 12 1 8 1 10 12 1 8 1 100 1 10 10 7 12 1 1 10 7 1 9 7 12 1 1 1 11 12 1 1 10 12 1 11 12 1 10 12 1 7 1 10 10 12 1 1 10 12 1 1 1 1 1 1 1 1 1 1 1 7 1 1 1 1 1 1 1 1 1 1 1 1 1 1 1 1 1 1 1 1 1 1 1 1 1 1 1 1 1 1 1 1 1 1 1 1 1 1 1 1 1 1 1 1 1 1 1 1 1 1 1 1 1 1 1 1 3 1 1 1 1 1 1 1 1 1 1 100 1 1 1 1 1 1 1 1 1 1 1 1 1 1 1 1 1 1 1 1 1 1 1 1 1 1 1 1 1 1 1 1 1 1 1 1 1 1 16 15 10 7 12 1 1 1 16 1 16 15 10 12 16 1 15 10 12 16 15 11 7 1 16 1 16 1 15 10 12 16 15 10 12 16 15 10 12 1 16 1 15 11 12 1 15 10 12 16 15 10 16 1 15 10 7 12 1 1 1 1 1 1 100 1 100 1 1
staticfield java/lang/SecurityManager packageAccessLock Ljava/lang/Object; java/lang/Object
staticfield java/lang/SecurityManager packageDefinitionLock Ljava/lang/Object; java/lang/Object
staticfield java/lang/SecurityManager nonExportedPkgs Ljava/util/Map; java/util/concurrent/ConcurrentHashMap
ciInstanceKlass java/security/AccessController 1 1 295 10 7 12 1 1 1 10 7 12 1 1 1 10 7 12 1 1 1 10 12 1 1 10 12 1 1 10 7 12 1 1 1 10 12 1 1 10 12 1 10 12 1 1 10 12 1 100 1 8 1 10 12 1 10 12 1 10 12 1 1 10 12 1 7 1 7 1 10 12 1 1 10 12 1 10 12 1 10 12 1 1 10 7 12 1 1 1 10 12 1 1 9 100 12 1 1 1 10 7 12 1 1 1 10 12 1 10 12 1 9 100 12 1 1 1 10 12 1 10 12 1 1 9 12 1 1 10 100 1 10 11 7 12 1 1 1 10 7 12 1 1 11 7 1 7 1 10 12 1 10 12 1 10 12 1 8 1 10 12 1 1 8 1 10 100 12 1 1 1 8 1 7 1 10 10 12 1 1 10 12 1 10 7 12 1 1 1 10 12 1 8 1 10 7 12 1 1 8 1 8 1 10 12 1 8 1 10 12 1 10 12 1 1 10 12 1 1 1 1 1 1 1 1 1 1 1 1 1 1 1 1 1 1 1 1 1 1 1 1 1 1 1 1 100 1 1 1 1 1 1 1 1 1 1 1 1 1 1 1 1 1 1 1 1 1 1 1 1 1 1 1 1 1 1 1 1 1 1 100 1 100 1 1 1 1 1 1 1 1 1 3 1 1 1
staticfield java/security/AccessController $assertionsDisabled Z 1
ciInstanceKlass java/security/ProtectionDomain 1 1 348 10 7 12 1 1 1 9 7 12 1 1 1 7 1 10 9 12 1 1 9 12 1 1 9 12 1 1 10 7 12 1 1 7 1 9 12 1 9 12 1 1 7 1 9 12 1 1 9 12 1 10 100 12 1 1 10 100 12 1 1 1 10 12 1 1 10 12 1 9 12 1 9 100 12 1 1 10 12 1 1 10 100 1 10 12 1 1 8 1 7 1 8 1 10 12 1 10 11 10 7 12 1 1 1 10 12 1 1 8 1 11 8 1 10 12 1 8 1 8 1 10 12 1 1 10 12 1 10 12 1 1 10 12 1 8 1 10 12 1 8 1 8 1 10 7 12 1 1 1 9 100 12 1 1 1 10 12 1 1 9 100 12 1 1 1 10 7 12 1 1 1 100 1 18 12 1 1 10 7 12 1 1 1 10 7 1 10 12 1 10 12 1 1 11 100 12 1 1 11 12 1 100 1 11 7 12 1 1 1 10 12 1 10 11 12 1 1 11 12 1 1 10 12 1 10 7 12 1 1 10 100 12 1 1 11 12 1 10 12 10 12 1 8 1 8 1 10 7 12 1 1 1 7 1 10 10 7 12 1 1 1 1 1 1 1 1 1 1 7 1 1 7 1 1 1 1 1 1 1 1 1 1 1 1 1 1 1 1 1 1 1 1 1 1 1 1 1 1 1 1 1 1 1 1 1 1 1 1 1 1 1 1 1 1 1 1 7 1 1 1 1 1 1 100 1 1 16 15 10 12 16 15 10 100 12 1 1 1 1 1 1 1 100 1 100 1 1
staticfield java/security/ProtectionDomain filePermCompatInPD Z 0
ciInstanceKlass java/security/CodeSource 1 1 398 10 7 12 1 1 1 9 7 12 1 1 1 9 12 1 1 9 12 1 1 9 12 1 1 10 7 12 1 1 1 9 12 1 1 10 100 12 1 1 10 100 10 7 12 1 1 1 10 100 12 1 1 1 10 12 1 1 7 1 10 10 100 12 1 1 1 10 100 12 1 1 1 10 12 1 1 100 1 10 12 1 1 10 12 1 1 10 12 1 1 10 12 1 10 10 10 12 1 1 10 7 12 1 1 1 10 12 1 10 12 1 10 12 1 8 1 10 12 1 10 12 1 10 12 1 1 10 12 1 8 1 10 12 1 1 10 7 1 10 10 12 1 1 8 1 10 12 1 10 12 1 10 12 1 8 1 8 1 9 12 1 1 100 1 8 1 10 12 1 10 12 1 1 8 1 10 12 1 8 1 8 1 8 1 10 100 12 1 1 10 12 1 1 10 12 1 10 12 1 1 10 12 1 1 10 12 1 1 100 1 100 1 10 12 1 10 12 10 12 1 1 10 100 12 1 1 10 12 1 7 1 10 12 10 100 12 1 1 1 10 8 1 10 12 1 10 12 1 10 12 1 1 100 1 10 12 1 1 100 1 7 1 8 1 8 1 10 10 12 1 1 10 100 12 1 1 1 7 1 10 12 10 12 1 1 11 7 12 1 1 10 10 12 1 11 10 12 1 8 1 100 1 10 12 1 10 12 1 1 10 12 1 11 12 1 1 7 1 1 1 1 5 0 1 1 1 1 1 1 1 1 1 1 1 1 1 1 1 1 1 1 1 1 1 1 1 1 1 1 1 1 1 1 1 1 1 1 1 1 1 1 1 1 1 1 1 1 1 1 1 1 1 1 1 1 1 1 1 1 1 1 1 1 1 1 1 1 1 1 100 1 1 1 1 1 1 1
ciInstanceKlass java/lang/Boolean 1 1 152 10 7 12 1 1 1 9 7 12 1 1 1 10 12 1 1 10 12 1 8 1 10 7 12 1 1 9 12 1 1 9 12 1 10 12 1 1 10 12 1 1 10 12 1 1 10 7 12 1 1 1 100 1 100 1 10 12 1 1 9 100 12 1 1 9 12 10 100 12 1 1 1 10 12 1 1 8 1 10 7 12 1 1 1 9 12 1 1 7 1 7 1 7 1 1 1 1 1 1 5 0 1 1 1 1 1 1 1 1 1 1 3 1 1 1 1 1 1 1 1 1 1 1 1 1 1 1 1 1 1 7 1 1 1 1 1 1 1 1 1 1 100 1 1 1 1 1 1 1 1 1
staticfield java/lang/Boolean TRUE Ljava/lang/Boolean; java/lang/Boolean
staticfield java/lang/Boolean FALSE Ljava/lang/Boolean; java/lang/Boolean
staticfield java/lang/Boolean TYPE Ljava/lang/Class; java/lang/Class
ciInstanceKlass java/lang/Comparable 1 0 12 100 1 100 1 1 1 1 1 1 1 1
ciInstanceKlass java/lang/constant/Constable 1 0 11 100 1 100 1 1 1 1 1 1 1
ciInstanceKlass java/util/Map 1 1 263 11 7 12 1 1 1 11 12 1 1 10 7 12 1 1 11 12 1 1 11 7 12 1 1 1 11 100 12 1 1 1 11 12 1 1 7 1 11 12 1 11 12 1 100 1 100 1 10 12 1 1 11 100 12 1 1 1 11 100 12 1 1 1 11 12 1 11 12 1 10 12 1 1 11 12 1 11 7 12 1 9 7 12 1 1 1 7 1 10 12 7 1 7 1 10 12 1 7 1 10 7 1 11 12 1 11 12 1 1 11 12 1 1 7 1 11 12 1 1 1 1 1 1 1 1 1 1 1 1 1 1 1 1 1 1 1 1 1 1 1 1 1 1 1 1 1 1 1 1 1 1 1 1 1 1 1 1 1 1 1 1 1 1 1 1 1 1 1 1 1 1 1 1 1 1 1 1 1 1 1 1 1 1 1 1 1 1 1 1 1 1 1 1 1 1 1 1 1 1 1 1 1 1 1 1 1 1 1 1 1 1 1 1 1 1 1 1 1 1 1 1 1 1 1 1 1 1 1 1 1 1 1 1 1 1 1 1 1 1 1 1 1 1 100 1 1 1 1 1 1 1 1 1 1 1 1 1 1 1 1 1 1
ciInstanceKlass java/lang/Class 1 1 1698 10 7 12 1 1 1 9 7 12 1 1 1 9 12 1 1 10 12 1 1 8 1 10 12 1 8 1 8 1 10 12 1 1 10 7 12 1 1 1 10 12 1 7 1 10 10 12 1 10 12 1 1 10 12 1 1 10 12 1 1 10 7 12 1 1 10 12 1 10 12 1 10 12 1 8 1 10 12 1 8 1 10 12 1 8 1 8 1 10 12 1 1 10 7 12 1 1 1 18 12 1 1 11 7 12 1 1 1 8 1 8 1 8 1 10 7 12 1 1 1 11 12 1 1 8 1 10 12 1 10 11 100 12 1 1 1 11 7 12 1 1 1 11 8 1 18 8 1 10 12 1 10 7 12 1 1 10 12 1 1 10 7 12 1 1 1 10 12 1 1 10 12 1 1 10 7 12 1 1 1 10 12 9 7 12 1 1 1 10 7 12 1 1 1 10 12 1 10 7 12 1 1 1 10 12 1 1 18 12 1 1 10 7 12 1 1 1 10 7 12 1 10 12 1 1 10 7 1 7 1 10 12 1 1 9 12 1 1 100 1 8 1 10 12 1 10 12 1 1 10 12 1 1 10 7 12 1 1 1 7 1 10 12 1 7 1 100 1 10 10 12 1 1 10 12 1 1 100 1 10 7 12 1 1 1 10 12 1 1 10 12 1 1 9 12 1 1 10 12 1 10 12 1 1 9 12 1 1 9 12 1 1 10 12 1 1 10 100 1 10 12 1 10 12 1 10 12 1 1 10 9 12 1 10 12 1 8 1 10 12 1 1 10 12 1 1 10 12 1 10 12 1 1 10 12 1 1 10 12 1 1 9 7 12 1 1 1 10 7 12 1 1 10 12 10 12 1 10 12 1 10 12 1 10 12 1 9 100 12 1 1 1 9 12 1 10 12 1 10 100 12 1 1 1 10 12 1 1 10 100 12 1 1 10 12 1 10 12 1 1 10 100 12 1 1 1 10 12 1 10 12 1 1 10 12 1 10 12 1 10 12 1 1 10 7 1 10 10 10 12 1 1 10 12 1 1 10 12 10 10 12 1 1 7 1 8 1 10 10 12 1 1 10 12 1 100 1 11 12 1 10 100 12 1 1 10 12 1 10 12 1 10 100 12 1 1 10 10 12 1 1 8 1 10 12 1 10 12 1 1 8 1 10 12 1 9 12 1 10 12 1 10 12 1 10 12 1 10 12 7 1 9 12 1 10 12 1 9 12 1 10 12 1 10 12 1 10 12 1 10 10 12 1 10 12 1 10 7 12 1 1 10 12 1 10 12 1 10 12 1 1 10 12 1 10 12 1 10 12 1 100 1 10 12 1 10 12 1 1 10 12 1 1 10 12 1 1 10 12 1 1 10 12 1 1 10 12 1 1 100 1 10 10 12 1 1 10 12 1 1 10 12 1 1 10 10 12 1 10 12 1 1 10 12 1 1 10 12 1 1 10 12 1 1 7 1 10 10 12 11 7 12 1 1 10 12 1 10 12 1 10 7 12 1 1 1 10 12 1 1 10 10 12 1 1 7 1 10 10 12 1 1 10 7 12 1 1 1 100 1 100 1 10 12 1 1 10 12 1 10 10 12 1 1 10 12 1 10 12 1 10 12 1 10 100 12 1 1 1 11 7 12 1 1 10 12 1 10 12 1 9 12 1 10 12 1 1 10 12 1 9 12 1 1 7 1 10 9 12 1 1 10 12 7 1 10 12 1 9 12 1 10 100 12 1 1 1 10 12 1 10 12 1 10 100 12 1 1 1 10 12 1 10 12 10 12 1 1 100 1 10 8 1 10 12 1 11 11 12 1 1 11 7 12 1 1 11 12 1 8 1 10 12 1 10 12 1 1 9 12 1 9 12 1 1 10 7 12 1 1 9 12 1 10 12 1 1 10 10 12 1 10 7 12 1 1 1 10 100 12 1 1 10 100 12 1 1 9 12 1 1 10 12 1 9 12 1 10 12 1 10 12 1 1 9 12 1 1 9 12 1 10 12 1 10 12 1 1 9 12 1 100 1 10 10 12 1 1 7 1 10 12 1 1 100 11 7 1 9 12 1 1 9 12 1 7 1 10 12 1 9 12 1 1 9 12 1 10 12 1 10 12 1 1 9 12 1 7 1 10 10 12 1 1 10 10 12 1 10 12 10 10 12 1 9 12 1 10 12 1 1 10 7 12 1 1 1 10 12 1 1 10 12 1 8 10 100 8 1 18 8 1 8 1 10 12 1 9 12 1 9 12 1 1 10 12 1 7 1 7 1 10 12 1 9 12 1 1 7 1 10 10 12 1 10 7 1 9 12 1 8 1 10 12 1 7 1 10 12 1 10 12 1 1 100 1 7 1 9 12 1 100 1 8 1 10 10 7 12 1 1 1 10 12 11 7 12 1 1 1 10 12 1 10 12 1 1 10 8 1 8 1 10 12 1 1 9 7 12 1 1 11 12 7 1 11 7 12 1 1 9 12 1 10 100 12 1 1 1 10 7 12 1 1 10 12 1 1 9 12 1 9 10 12 1 1 10 12 1 1 10 12 1 1 10 12 1 1 10 12 1 1 11 12 1 7 1 11 12 1 10 7 12 1 1 1 10 12 1 11 12 1 10 100 12 1 1 1 10 12 1 10 100 12 1 1 1 11 12 1 11 12 1 1 10 12 1 10 12 1 1 9 12 1 1 9 100 12 1 1 10 12 1 10 100 12 1 1 1 10 12 1 1 10 12 1 10 12 1 10 12 1 10 7 12 1 1 1 10 12 1 8 1 10 12 1 10 12 1 10 12 1 100 1 10 12 10 100 12 1 1 1 11 100 12 1 1 1 10 12 1 1 10 12 1 18 12 1 1 11 12 1 1 18 11 12 1 18 12 1 11 12 1 10 12 1 1 10 12 1 10 12 1 10 12 1 10 12 1 10 12 10 12 1 8 1 10 12 1 7 1 9 12 1 1 7 1 7 1 7 1 7 1 1 1 3 1 3 1 3 1 1 1 1 1 1 1 5 0 1 1 1 1 1 1 1 1 1 1 1 1 1 1 1 1 1 1 1 1 1 1 1 1 100 1 1 1 1 1 1 1 100 1 1 1 1 1 7 1 1 1 1 1 1 1 1 1 1 1 1 1 1 1 1 1 1 1 1 1 1 1 1 1 1 1 1 1 1 1 1 1 1 1 1 1 1 1 1 1 1 100 1 1 1 1 1 1 1 1 1 1 1 1 1 1 1 1 1 1 1 1 1 1 1 1 1 1 1 1 1 1 1 100 1 1 1 1 1 1 1 1 1 1 1 1 1 1 1 1 1 1 1 1 3 1 1 1 1 1 1 1 1 1 1 1 1 1 1 1 1 1 1 1 1 1 1 1 1 1 1 1 1 1 1 1 1 1 1 1 7 1 7 1 1 1 1 1 1 1 1 1 1 1 1 1 1 1 1 1 1 1 1 1 1 1 1 1 1 1 1 1 1 1 1 1 1 1 1 1 1 1 1 1 1 1 1 1 1 1 1 1 1 1 1 1 1 1 1 1 1 1 1 1 1 1 1 1 1 1 1 1 1 1 1 1 1 1 1 1 1 1 1 1 1 1 1 1 1 1 1 1 1 1 1 1 1 1 1 1 1 1 1 1 1 1 1 1 1 1 1 1 1 1 1 1 1 1 1 1 1 1 1 1 1 1 1 1 1 1 1 1 1 1 1 16 15 10 12 16 15 11 12 16 1 16 15 16 15 10 12 16 16 15 10 12 16 15 16 1 15 10 12 16 15 10 7 12 1 1 1 1 1 1 1 1 1 1 1 1 7 1 1 100 1 100 1 1 100 1 100 1 1 100 1 100 1 1
staticfield java/lang/Class EMPTY_CLASS_ARRAY [Ljava/lang/Class; 0 [Ljava/lang/Class;
staticfield java/lang/Class serialPersistentFields [Ljava/io/ObjectStreamField; 0 [Ljava/io/ObjectStreamField;
ciInstanceKlass java/lang/reflect/AnnotatedElement 1 1 164 11 7 12 1 1 1 11 12 1 1 7 1 10 100 12 1 1 1 10 12 1 1 10 12 1 1 10 12 1 10 100 12 1 1 1 11 12 1 1 11 7 12 1 1 10 7 12 1 1 1 10 12 1 10 100 12 1 1 1 18 12 1 1 11 100 12 1 1 18 12 1 18 12 1 1 10 100 12 1 1 1 11 100 12 1 1 1 7 1 10 100 12 1 1 1 1 1 1 1 1 1 1 1 1 1 1 1 1 1 1 1 1 1 1 1 1 1 100 1 1 1 1 1 1 1 1 1 1 1 16 15 16 1 16 1 15 11 12 16 16 1 15 10 100 12 1 1 1 16 1 15 10 100 12 1 1 1 1 100 1 100 1 1
ciInstanceKlass java/lang/invoke/TypeDescriptor 1 0 17 100 1 100 1 1 1 1 1 1 100 1 100 1 1 1 1
ciInstanceKlass java/lang/reflect/GenericDeclaration 1 0 30 7 1 7 1 7 1 1 1 1 1 1 1 1 100 1 8 1 1 12 10 1 1 1 8 1 1 1 8 1
ciInstanceKlass java/lang/reflect/Type 1 1 17 11 100 12 1 1 1 100 1 1 1 1 1 1 1 1 1
ciInstanceKlass java/lang/invoke/TypeDescriptor$OfField 1 0 21 100 1 100 1 100 1 1 1 1 1 1 1 1 1 1 1 1 1 1 1
ciInstanceKlass java/lang/StringBuilder 1 1 422 10 7 12 1 1 1 10 12 1 10 12 1 10 12 1 1 10 7 12 1 1 1 10 7 12 1 1 1 10 12 1 10 12 1 10 12 1 10 12 1 10 12 1 10 12 1 10 12 1 10 12 1 10 12 1 10 12 1 10 12 1 10 12 1 10 12 1 10 12 1 1 10 12 1 10 12 1 1 10 12 1 1 10 12 1 10 12 1 10 12 1 10 12 1 10 12 1 10 12 1 10 12 1 10 12 10 12 1 10 12 1 10 12 1 10 12 1 1 10 12 1 10 12 1 10 12 10 12 1 1 10 12 1 10 12 1 10 12 1 10 100 12 1 1 1 9 12 1 1 10 12 1 10 12 1 1 10 12 1 1 9 12 1 1 10 100 12 1 1 1 10 100 1 10 12 1 1 10 100 12 1 1 10 12 1 10 12 1 1 100 1 100 1 8 1 10 10 12 1 1 10 12 1 10 12 1 10 12 1 1 10 12 1 10 12 1 10 12 1 10 12 1 10 12 1 10 12 10 12 1 10 12 1 10 12 1 10 12 1 10 12 1 10 12 1 10 12 1 10 12 1 10 12 1 1 10 12 1 1 10 12 1 10 12 1 10 12 1 10 12 10 12 10 12 1 10 12 1 10 12 1 10 12 10 12 1 10 12 1 10 12 1 10 12 1 10 12 1 10 12 1 10 12 1 10 12 1 10 12 1 1 10 12 1 10 12 1 1 10 12 1 10 12 1 1 10 12 1 10 12 1 1 10 12 1 10 12 1 10 12 1 10 10 12 1 10 12 1 7 1 7 1 7 1 7 1 1 1 1 5 0 1 1 1 1 1 1 1 1 1 1 1 1 1 1 1 1 1 1 1 1 1 1 1 1 1 1 1 1 1 1 1 1 1 1 1 1 1 1 1 1 1 1 1 1 100 1 1 1 7 1 1 1 1 1 1 1 1 1 1 1
instanceKlass java/lang/StringBuilder
instanceKlass java/lang/StringBuffer
ciInstanceKlass java/lang/AbstractStringBuilder 1 1 605 7 1 10 7 12 1 1 1 9 7 12 1 1 1 9 12 1 9 12 1 1 9 12 1 1 10 7 12 1 1 1 10 12 1 1 7 1 3 3 10 12 1 10 12 1 1 11 7 1 100 1 7 1 10 8 1 10 12 1 10 12 1 10 12 1 1 10 12 1 10 12 1 9 12 1 10 12 1 9 12 1 1 10 12 1 1 10 7 12 1 1 1 10 10 12 1 10 12 1 10 12 1 1 10 12 1 1 10 7 12 1 1 1 10 7 12 1 1 1 7 1 8 1 10 10 12 1 1 100 1 10 12 10 12 1 1 10 10 12 1 1 10 12 1 1 10 12 1 1 10 12 1 1 10 10 7 12 1 1 1 10 12 1 100 1 10 10 7 12 1 1 1 9 12 1 1 9 12 1 10 12 1 1 10 10 12 1 1 10 12 10 12 1 10 12 1 1 10 12 1 1 10 12 1 1 10 12 1 10 12 1 1 10 12 1 1 10 12 1 10 12 1 1 8 1 10 12 1 1 10 12 1 10 12 1 10 12 1 10 12 1 10 12 1 10 12 1 10 7 12 1 1 10 12 1 10 12 1 10 100 12 1 1 1 100 1 100 1 10 12 1 10 100 12 1 1 10 12 1 10 12 1 10 12 1 10 12 1 1 10 12 1 10 12 1 1 10 12 1 1 10 10 7 12 1 1 1 10 12 1 10 12 1 10 12 1 1 10 12 1 10 12 1 10 12 1 10 12 1 10 12 1 10 12 1 10 12 1 10 12 1 10 12 1 1 10 12 1 10 12 1 10 12 10 12 1 1 18 12 1 1 100 1 10 100 12 1 1 1 18 10 12 1 1 10 12 1 10 12 1 1 11 12 1 1 10 12 1 10 12 10 12 1 10 10 10 12 1 10 5 0 10 10 12 1 1 100 1 8 1 10 10 12 1 1 10 100 12 1 1 1 10 12 1 10 12 1 1 100 1 10 12 100 1 10 100 1 10 7 1 1 1 1 1 1 1 1 1 1 1 100 1 1 1 1 1 1 1 1 1 1 1 1 1 1 1 1 1 1 1 1 1 1 1 1 1 1 1 1 1 1 1 1 1 1 1 1 1 1 1 1 1 1 1 1 1 1 1 1 1 1 1 1 1 1 1 1 1 1 1 1 1 1 1 1 1 1 1 1 1 1 1 1 1 1 1 1 1 1 1 1 1 1 1 1 1 1 1 1 1 1 1 1 1 1 1 1 1 1 1 1 100 1 1 1 1 1 1 1 1 1 1 1 1 1 1 1 1 1 100 1 1 1 1 1 1 7 1 1 16 1 15 10 12 16 15 10 12 15 10 100 12 1 1 1 1 1 1 1 100 1 100 1 1
staticfield java/lang/AbstractStringBuilder EMPTYVALUE [B 0
ciInstanceKlass java/lang/Appendable 1 0 14 100 1 100 1 1 1 1 100 1 1 1 1 1
ciInstanceKlass java/lang/CharSequence 1 1 131 11 7 12 1 1 1 18 12 1 1 100 1 10 100 12 1 1 1 18 10 100 12 1 1 1 11 12 1 1 11 7 1 11 12 1 1 10 100 12 1 1 1 11 12 1 1 100 1 10 12 1 1 10 100 12 1 1 1 100 1 10 10 12 1 1 7 1 1 1 1 1 1 1 1 1 1 1 1 1 1 1 1 1 1 1 1 1 1 1 1 1 1 1 1 1 1 1 1 1 16 1 15 11 12 16 15 11 12 15 10 100 12 1 1 1 1 1 100 1 100 1 1 100 1 1 100 1 100 1 1
ciInstanceKlass java/lang/AutoCloseable 1 0 12 100 1 100 1 1 1 1 100 1 1 1
ciInstanceKlass java/io/Closeable 1 0 14 100 1 100 1 100 1 1 1 1 100 1 1 1
instanceKlass org/java_websocket/exceptions/IncompleteException
instanceKlass org/java_websocket/exceptions/InvalidDataException
instanceKlass javax/sound/sampled/LineUnavailableException
instanceKlass javax/swing/text/BadLocationException
instanceKlass javax/security/auth/callback/UnsupportedCallbackException
instanceKlass sun/security/ec/ECOperations$IntermediateValueException
instanceKlass sun/nio/fs/WindowsException
instanceKlass sun/security/pkcs11/wrapper/PKCS11Exception
instanceKlass java/security/GeneralSecurityException
instanceKlass java/net/URISyntaxException
instanceKlass javax/naming/NamingException
instanceKlass java/awt/FontFormatException
instanceKlass java/lang/InterruptedException
instanceKlass java/sql/SQLException
instanceKlass java/security/PrivilegedActionException
instanceKlass java/io/IOException
instanceKlass java/lang/ReflectiveOperationException
instanceKlass java/lang/RuntimeException
ciInstanceKlass java/lang/Exception 1 1 40 10 7 12 1 1 1 10 12 1 10 12 1 10 12 1 10 12 1 100 1 1 1 1 5 0 1 1 1 1 1 1 1 1 1 1 1 1 1 1
instanceKlass java/lang/Exception
instanceKlass java/lang/Error
ciInstanceKlass java/lang/Throwable 1 1 404 10 7 12 1 1 1 9 7 12 1 1 1 9 12 1 1 9 12 1 9 12 1 1 9 12 1 10 12 1 1 9 12 1 1 10 12 1 1 10 12 1 100 1 7 1 10 8 1 10 12 1 1 8 1 10 100 12 1 1 10 10 12 1 100 1 8 1 10 10 12 1 1 10 7 12 1 1 10 12 1 8 1 9 7 12 1 1 1 10 12 1 1 7 1 10 12 10 12 1 10 7 12 1 1 1 7 1 10 12 10 12 1 10 12 1 7 1 10 10 7 12 1 1 1 11 7 12 1 1 1 10 12 1 1 10 12 1 1 8 1 10 12 1 10 12 1 1 8 1 8 1 10 12 1 1 10 12 1 8 1 8 1 9 12 1 1 10 12 1 1 100 1 10 11 12 1 8 1 8 1 10 7 12 1 1 8 1 10 12 1 8 1 100 1 10 12 1 9 12 1 1 10 12 1 10 7 12 1 9 12 1 1 10 12 1 1 100 1 8 1 10 12 1 10 100 12 1 1 10 12 1 1 7 1 10 100 12 1 1 1 10 12 1 11 7 12 1 1 1 11 7 12 1 1 11 12 1 8 1 10 12 1 1 8 1 10 10 9 100 12 1 1 1 8 1 10 12 1 1 11 10 100 1 8 1 10 11 12 1 1 8 1 9 12 1 10 100 12 1 1 11 9 12 1 1 11 12 1 1 100 10 12 1 10 12 1 1 7 1 1 1 1 5 0 1 1 1 1 1 1 1 1 1 1 1 1 1 7 1 1 1 1 1 1 1 1 1 1 1 1 1 1 1 1 1 1 1 1 1 1 1 1 1 1 1 1 1 1 1 1 1 1 1 1 1 1 1 1 1 1 1 1 100 1 7 1 1 1 1 1 1 1 1 1 1 1 1 1 1 1 1 1 1
staticfield java/lang/Throwable UNASSIGNED_STACK [Ljava/lang/StackTraceElement; 0 [Ljava/lang/StackTraceElement;
staticfield java/lang/Throwable SUPPRESSED_SENTINEL Ljava/util/List; java/util/Collections$EmptyList
staticfield java/lang/Throwable EMPTY_THROWABLE_ARRAY [Ljava/lang/Throwable; 0 [Ljava/lang/Throwable;
staticfield java/lang/Throwable $assertionsDisabled Z 1
instanceKlass java/security/Provider
ciInstanceKlass java/util/Properties 1 1 690 10 7 12 1 1 1 100 1 10 7 12 1 1 7 1 10 12 1 9 12 1 1 9 12 1 1 9 12 1 1 10 7 12 1 1 1 10 12 1 1 8 1 10 7 12 1 1 1 7 1 10 12 1 10 12 1 1 8 1 10 12 1 7 1 10 12 10 12 1 1 9 12 1 1 10 12 1 1 7 1 10 12 1 10 12 1 10 12 1 1 100 1 8 1 10 12 1 10 12 1 10 12 1 1 10 12 1 7 1 3 10 10 7 12 1 1 1 10 12 1 10 12 1 1 8 1 10 12 1 10 12 1 1 8 1 10 7 12 1 1 10 12 1 1 10 12 1 10 12 1 1 100 1 10 12 1 10 12 1 1 7 1 9 7 12 1 1 1 10 12 1 10 12 1 1 10 12 1 1 10 12 1 1 7 1 9 12 1 1 7 1 7 1 10 12 1 7 1 11 7 12 1 1 1 11 12 1 1 11 7 12 1 1 1 11 7 12 1 1 1 11 12 1 1 11 12 1 11 12 1 10 12 1 1 8 1 10 12 1 10 7 12 1 1 10 12 1 7 1 10 10 12 1 10 12 1 100 1 10 10 12 1 1 10 7 12 1 1 9 100 12 1 1 10 12 1 1 10 100 12 1 1 1 100 1 100 1 100 1 10 8 1 8 1 10 12 1 10 12 1 10 12 1 1 10 10 12 1 1 10 12 1 1 7 1 10 10 12 1 11 7 12 1 1 10 7 12 1 1 1 8 1 10 100 12 1 1 11 11 7 1 8 1 10 100 1 11 10 12 1 10 10 12 1 10 12 1 1 10 12 1 1 10 12 1 1 10 12 1 10 12 1 10 10 12 1 10 12 1 10 12 1 10 10 12 1 1 10 12 1 1 10 10 12 1 10 12 1 10 12 1 10 12 1 10 12 1 1 10 12 1 1 10 12 1 10 12 1 10 12 1 1 10 12 10 12 1 1 10 12 1 1 10 12 1 10 12 1 1 10 12 1 1 10 12 10 11 12 1 4 11 10 12 1 1 10 100 12 1 1 11 12 1 10 12 1 1 10 100 12 1 1 10 12 1 100 1 8 1 10 12 1 10 10 100 12 1 1 1 100 1 6 0 10 12 1 1 11 100 12 1 1 1 10 12 1 10 12 1 1 1 1 1 5 0 1 1 1 1 1 1 1 1 1 1 1 1 1 1 1 1 1 1 1 1 1 1 1 1 1 1 1 1 1 1 1 1 1 1 1 1 1 1 1 100 1 1 1 1 1 1 1 1 1 1 1 1 1 1 1 1 1 1 1 1 100 1 1 1 1 1 1 1 1 1 1 1 1 7 1 7 1 1 1 1 1 100 1 1 1 1 1 1 1 1 1 1 1 1 1 1 1 1 1 1 1 1 1 1 1 1 1 1 1 1 1 1 1 1 1 1 1 1 1 1 1 1 1 1 1 1 1 1 1 1 1 1 1 1 1 1 1 1 1 1 1 1 1 1 1 1 1 1 1 1 1 1 1 1 1 1 1 1 1 7 1 1 1 1 1 1 1 1 1 1 1 100 1 1
staticfield java/util/Properties UNSAFE Ljdk/internal/misc/Unsafe; jdk/internal/misc/Unsafe
instanceKlass java/util/Hashtable
ciInstanceKlass java/util/Dictionary 1 1 36 10 7 12 1 1 1 100 1 1 1 1 1 1 1 1 1 1 1 1 1 1 1 1 1 1 1 1 1 1 1 1 1 1 1 1
instanceKlass javax/swing/UIDefaults
instanceKlass java/util/Properties
ciInstanceKlass java/util/Hashtable 1 1 516 7 1 10 7 12 1 1 1 9 7 12 1 1 1 100 1 7 1 10 8 1 10 12 1 1 10 12 1 10 12 1 1 10 12 1 10 7 12 1 1 1 8 1 10 12 1 9 12 1 1 7 1 9 12 1 1 4 10 7 12 1 1 1 9 12 1 4 10 12 1 11 7 12 1 1 1 10 12 1 1 10 12 1 1 9 12 1 10 12 1 1 100 1 10 9 12 1 1 10 7 12 1 1 1 9 12 1 1 10 12 1 10 12 1 3 9 12 1 9 12 1 3 10 12 1 10 12 1 10 12 1 1 11 12 1 1 11 100 12 1 1 1 11 7 12 1 1 1 11 12 1 100 1 11 12 1 11 12 1 10 12 1 1 10 12 1 1 10 12 1 9 12 1 1 9 12 9 12 1 1 10 100 1 7 1 10 12 1 10 8 1 10 10 12 1 8 1 10 8 1 10 7 12 1 1 1 7 1 10 12 1 10 12 1 100 1 10 12 1 10 12 1 1 100 1 10 100 1 10 10 12 1 1 11 12 1 1 11 12 1 7 1 10 10 10 100 12 1 1 11 100 12 1 1 1 100 1 10 11 100 12 1 1 11 100 12 1 10 12 1 10 12 1 1 10 100 12 1 1 10 12 1 1 10 12 1 1 10 12 1 1 10 100 12 1 1 1 8 10 100 12 1 1 100 1 8 1 10 4 4 10 12 1 1 10 12 1 8 1 4 10 12 10 100 12 1 1 1 100 1 11 100 12 1 1 1 10 100 12 1 1 1 10 12 1 10 12 1 1 10 7 1 7 1 1 1 1 1 1 5 0 1 1 1 1 1 3 1 3 1 3 1 1 1 1 1 1 1 1 1 1 1 1 1 1 1 1 1 1 1 1 1 1 1 1 1 100 1 1 1 1 1 1 1 1 1 1 1 1 1 1 1 1 1 1 1 1 1 1 1 1 1 1 1 1 1 7 1 1 1 1 1 1 1 1 1 1 1 1 1 1 7 1 1 1 1 1 1 1 1 1 1 1 1 1 1 1 1 1 1 1 1 1 1 1 1 1 1 1 1 1 1 1 1 1 1 1 1 1 1 1 1 1 1 1 1 100 1 1 1 7 1 1 1 1 1 7 1 1 1 1 1 1 1 1 1 1 1 1 1 1 1 1 1 1
ciInstanceKlass java/lang/String 1 1 1443 10 7 12 1 1 1 8 1 9 7 12 1 1 1 9 12 1 1 9 12 1 1 9 12 1 1 10 12 1 10 12 1 1 10 12 1 1 9 12 1 10 7 12 1 1 1 10 7 1 10 7 12 1 1 1 10 12 1 1 10 12 1 1 10 12 1 10 12 1 1 10 12 1 10 7 12 1 1 1 7 1 9 7 12 1 1 1 10 7 12 1 1 1 10 7 12 1 1 1 10 12 1 1 10 12 1 1 10 12 1 1 10 12 1 1 9 100 12 1 1 10 12 9 100 12 1 1 10 12 1 1 3 10 12 1 1 7 1 11 12 1 1 11 12 1 11 12 1 1 10 7 12 1 1 1 10 12 1 1 9 100 12 1 1 1 10 12 1 1 10 12 1 11 12 1 1 10 12 1 1 10 12 10 12 1 1 10 7 12 1 1 1 10 12 1 1 10 12 1 1 100 1 7 1 10 12 1 10 12 1 10 12 1 1 100 1 10 12 1 1 100 1 10 12 1 1 10 12 1 1 10 12 1 10 10 12 1 100 1 100 1 100 1 10 12 1 10 12 1 1 10 12 1 1 10 12 1 10 12 1 1 10 12 1 1 10 100 12 1 1 100 1 11 10 7 12 1 1 11 12 1 11 12 1 10 12 1 1 10 12 1 10 12 10 12 1 1 10 10 7 12 1 1 1 10 7 12 1 1 10 12 1 1 10 7 12 1 1 10 12 1 10 12 1 1 10 12 1 1 10 12 1 10 12 1 10 12 1 1 100 1 10 12 1 1 10 12 10 12 1 10 12 1 1 10 12 1 1 10 7 12 1 1 1 10 12 1 10 12 1 1 10 12 1 10 12 1 3 3 10 12 1 1 10 12 1 10 12 1 1 10 12 1 1 10 12 1 1 10 12 1 10 12 1 1 10 12 1 1 10 12 1 10 12 1 10 12 1 10 12 1 1 10 12 1 10 12 1 10 12 1 10 12 1 10 12 1 10 12 1 10 7 1 10 8 1 10 12 1 1 10 12 1 8 1 10 12 1 1 10 12 10 12 1 8 1 10 10 12 1 1 10 12 1 1 10 12 1 1 10 7 1 10 10 12 1 10 12 1 10 12 1 10 10 12 1 10 12 1 10 12 1 10 12 1 10 12 1 10 12 1 10 12 1 1 10 12 1 1 10 12 1 1 10 10 12 1 1 10 10 12 1 100 1 10 10 12 1 1 10 12 1 1 10 7 1 10 12 1 10 12 1 10 7 12 1 1 1 10 12 1 10 12 1 1 10 12 1 11 7 1 11 12 10 12 1 10 12 1 1 10 12 1 1 10 10 12 1 10 12 1 9 12 1 1 11 7 12 1 1 1 10 12 10 10 12 1 10 12 1 1 10 10 12 1 10 12 1 10 12 1 1 10 12 1 1 10 10 12 1 1 10 12 1 10 10 12 1 10 12 10 10 12 10 10 12 1 10 12 1 10 10 12 10 7 12 1 1 1 10 12 10 10 12 10 12 1 10 12 10 12 10 10 12 1 10 12 1 1 10 12 1 1 10 10 12 1 10 7 12 1 1 1 10 12 1 1 10 10 7 12 1 1 1 11 10 12 1 10 12 1 1 10 12 1 1 10 7 12 1 1 1 10 12 1 10 12 1 10 12 1 10 12 1 10 12 1 10 12 1 100 1 7 1 8 1 10 10 10 12 1 10 12 1 1 8 1 10 12 1 3 3 10 12 1 10 12 1 1 10 12 7 1 10 10 12 1 1 10 12 1 10 12 1 10 12 1 1 10 12 1 1 11 7 12 1 1 1 7 1 10 12 1 10 12 1 1 8 1 10 12 1 1 10 12 1 11 7 12 1 1 1 11 7 12 1 1 11 12 1 10 12 1 10 12 1 1 10 10 7 12 1 1 1 10 12 1 10 12 1 10 10 12 10 12 1 1 10 10 12 1 10 10 12 1 10 10 12 1 10 10 12 1 10 12 1 1 10 10 12 1 8 1 10 12 1 1 18 12 1 1 11 100 12 1 1 1 7 1 3 18 12 1 18 12 1 8 1 10 100 12 1 1 1 11 12 1 1 10 12 10 10 12 1 10 11 12 1 1 10 12 1 1 11 12 1 18 3 11 10 12 1 11 11 10 12 1 10 12 1 1 8 1 10 12 1 10 12 1 10 12 1 1 10 10 12 1 11 100 12 1 7 1 100 1 10 12 7 1 10 10 7 12 1 1 1 100 1 10 100 1 10 10 12 1 10 10 12 1 8 1 10 10 12 1 8 1 8 1 10 12 1 10 12 1 10 10 12 10 7 12 1 1 10 7 12 1 1 10 7 12 1 1 8 1 10 12 1 10 12 1 10 9 12 1 10 12 9 7 12 1 1 1 10 12 1 10 12 1 10 12 1 10 12 1 10 12 1 8 1 10 100 12 1 1 1 10 12 10 12 1 1 10 12 10 10 12 10 12 7 1 9 12 1 1 7 1 10 7 1 7 1 7 1 7 1 1 1 1 1 1 5 0 1 1 1 1 1 3 1 3 1 1 1 1 1 1 1 1 1 1 1 1 1 1 1 100 1 1 1 1 1 1 1 1 1 1 1 1 1 1 1 1 1 1 1 1 1 1 1 1 1 1 1 1 1 1 1 100 1 1 1 1 1 1 1 1 1 1 7 1 1 1 1 1 1 1 1 1 1 1 1 1 1 1 1 1 1 1 1 1 1 1 1 1 1 1 1 1 1 1 1 1 1 1 1 1 1 1 1 1 1 1 1 1 1 1 1 1 1 1 1 1 1 1 1 1 1 1 1 1 1 1 1 1 1 1 1 1 1 1 1 1 1 1 1 1 1 1 1 1 1 1 1 1 1 1 1 1 1 1 1 1 1 1 1 1 1 1 1 1 1 1 1 1 1 1 1 1 1 1 1 1 1 1 1 1 1 1 1 1 1 1 1 1 1 1 1 1 1 1 1 1 1 1 1 1 1 1 1 1 1 1 1 1 1 1 1 1 1 1 1 1 1 1 1 1 1 1 1 1 1 1 1 1 1 1 1 1 1 1 1 1 1 1 100 1 1 1 1 1 1 1 1 1 1 1 1 1 1 1 1 1 1 1 1 1 1 1 100 1 1 1 1 1 1 1 1 1 1 1 1 1 1 1 7 1 1 1 1 1 1 1 1 1 1 1 1 1 1 1 16 15 10 12 16 15 10 12 15 10 12 15 10 12 15 10 100 12 1 1 1 1 1 1 1 100 1 100 1 1 1
staticfield java/lang/String COMPACT_STRINGS Z 1
staticfield java/lang/String serialPersistentFields [Ljava/io/ObjectStreamField; 0 [Ljava/io/ObjectStreamField;
staticfield java/lang/String CASE_INSENSITIVE_ORDER Ljava/util/Comparator; java/lang/String$CaseInsensitiveComparator
ciInstanceKlass java/lang/constant/ConstantDesc 1 0 37 100 1 100 1 1 1 1 100 1 1 1 1 100 1 100 1 100 1 100 1 100 1 100 1 100 1 100 1 100 1 1 100 1 100 1 1
ciInstanceKlass java/lang/InternalError 1 1 34 10 7 12 1 1 1 10 12 1 10 12 1 10 12 1 100 1 1 1 1 5 0 1 1 1 1 1 1 1 1 1 1 1
instanceKlass java/lang/AssertionError
instanceKlass java/lang/VirtualMachineError
instanceKlass java/lang/LinkageError
ciInstanceKlass java/lang/Error 1 1 40 10 7 12 1 1 1 10 12 1 10 12 1 10 12 1 10 12 1 100 1 1 1 1 5 0 1 1 1 1 1 1 1 1 1 1 1 1 1 1
instanceKlass java/lang/StackOverflowError
instanceKlass java/lang/OutOfMemoryError
instanceKlass java/lang/InternalError
ciInstanceKlass java/lang/VirtualMachineError 1 1 34 10 7 12 1 1 1 10 12 1 10 12 1 10 12 1 100 1 1 1 1 5 0 1 1 1 1 1 1 1 1 1 1 1
ciInstanceKlass java/util/Iterator 1 1 53 100 1 8 1 10 12 1 1 10 7 12 1 1 1 11 7 12 1 1 1 11 12 1 1 11 7 12 1 1 1 7 1 1 1 1 1 1 1 1 1 1 1 1 1 1 1 1 1 1 1 1 1
instanceKlass sun/security/ssl/SSLSocketImpl$AppInputStream
instanceKlass sun/nio/ch/ChannelInputStream
instanceKlass com/mysql/cj/protocol/a/CompressedInputStream
instanceKlass com/mysql/cj/protocol/ReadAheadInputStream
instanceKlass sun/nio/ch/NioSocketImpl$1
instanceKlass java/net/Socket$SocketInputStream
instanceKlass java/util/zip/ZipFile$ZipFileInputStream
instanceKlass java/io/FilterInputStream
instanceKlass java/io/FileInputStream
instanceKlass java/io/ByteArrayInputStream
ciInstanceKlass java/io/InputStream 1 1 195 7 1 10 7 12 1 1 1 100 1 10 10 7 12 1 1 1 10 7 12 1 1 1 10 12 1 100 1 3 10 12 1 1 100 1 8 1 10 12 1 10 7 12 1 1 1 3 7 1 8 1 10 10 7 12 1 1 1 7 1 10 11 7 12 1 1 1 10 12 1 1 11 12 1 1 11 7 12 1 1 1 11 12 1 1 100 1 10 7 12 1 1 1 5 0 10 12 1 10 12 1 1 100 1 10 8 1 10 8 1 8 1 10 12 1 1 10 100 12 1 1 1 7 1 5 0 10 12 1 100 1 7 1 1 1 1 3 1 3 1 1 1 1 1 1 1 1 1 1 1 1 1 1 1 1 1 1 1 1 1 1 1 1 1 1 1 1 1 1 1 1 1 1 1 1 1 1 1 1 1 1 1 1 1 1 1 1 1 1 1 1 1 1 1
ciInstanceKlass jdk/internal/misc/Unsafe 1 1 1287 10 7 12 1 1 1 9 7 12 1 1 1 9 12 1 1 10 12 1 1 10 7 12 1 1 1 10 12 1 1 10 12 1 1 10 12 1 1 10 12 1 1 10 12 1 1 10 12 1 1 10 12 1 1 10 12 1 1 10 12 1 1 10 12 1 1 10 12 1 1 10 12 1 1 10 12 1 1 10 12 1 10 12 1 100 1 10 10 12 1 1 10 12 1 1 5 0 10 12 1 1 10 12 1 1 10 7 12 1 1 1 10 12 1 1 10 12 1 10 12 1 10 12 1 1 10 12 1 1 10 12 1 10 12 1 7 1 7 1 10 8 1 10 12 1 1 10 12 1 8 1 10 12 1 1 10 12 1 10 12 1 10 12 1 1 10 12 1 10 12 1 1 10 12 1 1 10 12 1 10 12 1 10 12 1 10 12 1 1 10 12 1 10 12 1 10 12 1 1 10 12 1 5 0 5 0 5 0 10 12 1 10 12 1 10 12 1 10 12 1 10 12 1 10 12 1 10 12 1 10 12 1 10 12 1 1 10 12 1 10 12 1 7 1 8 1 10 100 1 10 10 12 1 1 10 12 1 1 10 12 1 10 12 1 1 10 12 1 1 10 12 1 10 12 1 1 10 12 1 9 7 12 1 1 9 12 1 100 1 10 10 12 1 1 8 1 10 8 1 8 1 10 12 1 1 9 7 12 1 1 1 9 7 1 9 7 1 9 7 1 9 9 7 1 9 7 1 9 7 1 10 12 1 1 10 12 1 1 10 12 1 1 10 12 1 1 5 0 5 0 9 12 1 1 10 12 1 10 12 1 10 12 1 1 10 12 1 1 10 12 1 8 1 3 10 12 1 1 10 12 1 1 10 12 1 10 12 1 1 10 12 1 1 10 12 1 10 12 1 10 12 1 10 12 1 10 12 1 10 12 1 1 10 12 1 1 10 12 1 10 12 1 10 12 1 10 12 1 10 12 1 10 12 1 1 10 12 1 1 10 12 1 10 12 1 10 12 1 10 12 1 10 12 1 10 12 1 1 10 12 1 1 10 12 1 1 10 12 1 1 10 12 1 10 12 1 10 12 1 10 12 1 10 12 1 10 12 1 10 12 1 1 10 12 1 1 10 12 1 10 12 1 10 12 1 10 12 1 10 12 1 10 12 1 10 12 1 1 10 12 1 1 10 12 1 10 12 1 10 12 1 10 12 1 10 12 1 10 12 1 10 12 1 10 12 1 1 10 12 1 10 12 1 10 12 1 10 12 1 10 12 1 1 10 12 1 10 12 1 10 12 1 10 12 1 10 12 1 10 12 1 10 12 1 10 12 1 1 10 12 1 10 12 1 10 12 1 10 12 1 10 12 1 10 12 1 1 10 12 1 10 12 1 10 12 1 1 10 12 1 10 12 1 10 12 1 10 12 1 10 12 1 10 12 1 10 12 1 10 12 1 10 12 1 10 12 1 10 12 1 10 12 1 10 12 1 10 12 1 10 12 1 10 12 1 10 12 1 10 12 1 10 12 1 10 12 1 10 12 1 10 12 1 10 12 1 100 1 10 100 1 10 9 12 1 5 0 10 12 1 1 5 0 10 12 1 5 0 10 12 1 10 12 1 10 12 1 1 10 12 1 1 10 12 1 10 12 1 10 12 1 10 12 1 1 10 12 1 10 12 1 10 12 1 10 12 1 10 12 1 1 10 12 1 10 12 1 10 12 1 10 12 1 1 10 12 1 10 12 1 10 12 1 1 10 12 1 10 12 1 10 12 1 10 12 1 1 10 12 1 10 10 12 1 1 10 12 1 10 12 1 1 10 12 1 10 12 5 0 5 0 5 0 10 12 1 1 10 12 1 10 12 1 10 12 10 100 12 1 1 8 1 100 1 11 12 1 1 8 1 11 12 1 1 10 100 12 1 1 10 12 1 10 12 1 10 12 1 10 12 1 10 12 1 1 10 12 1 10 12 1 10 12 1 10 12 1 10 12 1 10 12 1 10 7 1 10 12 1 9 12 1 7 1 9 12 1 7 1 9 12 1 7 1 9 12 1 7 1 9 12 1 7 1 9 12 1 7 1 9 12 1 7 1 9 12 1 7 1 9 12 1 10 12 1 9 12 1 9 12 1 9 12 1 9 12 1 9 12 1 9 12 1 9 12 1 9 12 1 9 12 1 9 12 1 1 1 3 1 1 1 1 1 1 1 1 1 1 1 1 1 1 1 1 1 1 1 1 1 1 1 1 1 1 1 1 1 1 1 1 1 1 1 1 1 1 1 1 1 1 1 1 1 1 1 1 1 1 1 1 1 1 1 1 1 1 1 1 1 1 1 1 1 1 1 1 1 1 1 1 1 1 1 1 1 1 1 1 1 1 1 1 1 1 1 1 1 100 1 1 1 1 1 1 1 1 1 1 1 1 1 1 1 1 1 1 1 1 1 1 1 1 1 1 1 1 1 1 1 1 1 1 1 1 1 1 1 1 1 1 1 1 1 1 1 1 1 1 1 1 1 1 1 1 1 1 1 1 1 1 1 1 1 1 1 1 1 1 1 1 1 1 1 1 1 1 1 1 1 1 1 1 1 1 1 1 1 1 1 1 1 1 1 1 1 1 1 1 1 1 1 1 1 1 1 1 1 1 1 1 1 1 1 1 1 1 1 1 1 1 1 1 1 1 1 1 1 1 1 1 1 1 1 1 1 1 1 1 1 1 1 1 1 1 1 1 1 1 1 1 1 1 1 1 1 1 1 1 1 1 1 1 1 1 1 1 1 1 1 1 1 1 1 1 1 1 1 1 1 1 1 1 1 1 1 1 1 1 1 1 1 1 1 1 1 1 1 1 1 1 1 1 1 1 3 1 1 1 1 1 1 1 1 1 1 1 1 1 1 1 1 1 1 1 1 1
staticfield jdk/internal/misc/Unsafe theUnsafe Ljdk/internal/misc/Unsafe; jdk/internal/misc/Unsafe
staticfield jdk/internal/misc/Unsafe ARRAY_BOOLEAN_BASE_OFFSET I 16
staticfield jdk/internal/misc/Unsafe ARRAY_BYTE_BASE_OFFSET I 16
staticfield jdk/internal/misc/Unsafe ARRAY_SHORT_BASE_OFFSET I 16
staticfield jdk/internal/misc/Unsafe ARRAY_CHAR_BASE_OFFSET I 16
staticfield jdk/internal/misc/Unsafe ARRAY_INT_BASE_OFFSET I 16
staticfield jdk/internal/misc/Unsafe ARRAY_LONG_BASE_OFFSET I 16
staticfield jdk/internal/misc/Unsafe ARRAY_FLOAT_BASE_OFFSET I 16
staticfield jdk/internal/misc/Unsafe ARRAY_DOUBLE_BASE_OFFSET I 16
staticfield jdk/internal/misc/Unsafe ARRAY_OBJECT_BASE_OFFSET I 16
staticfield jdk/internal/misc/Unsafe ARRAY_BOOLEAN_INDEX_SCALE I 1
staticfield jdk/internal/misc/Unsafe ARRAY_BYTE_INDEX_SCALE I 1
staticfield jdk/internal/misc/Unsafe ARRAY_SHORT_INDEX_SCALE I 2
staticfield jdk/internal/misc/Unsafe ARRAY_CHAR_INDEX_SCALE I 2
staticfield jdk/internal/misc/Unsafe ARRAY_INT_INDEX_SCALE I 4
staticfield jdk/internal/misc/Unsafe ARRAY_LONG_INDEX_SCALE I 8
staticfield jdk/internal/misc/Unsafe ARRAY_FLOAT_INDEX_SCALE I 4
staticfield jdk/internal/misc/Unsafe ARRAY_DOUBLE_INDEX_SCALE I 8
staticfield jdk/internal/misc/Unsafe ARRAY_OBJECT_INDEX_SCALE I 4
staticfield jdk/internal/misc/Unsafe ADDRESS_SIZE I 8
instanceKlass jdk/internal/reflect/DelegatingClassLoader
instanceKlass java/security/SecureClassLoader
ciInstanceKlass java/lang/ClassLoader 1 1 1108 9 7 12 1 1 1 10 7 12 1 1 1 9 12 1 1 10 7 12 1 1 1 7 1 10 12 1 1 10 12 1 1 9 12 1 1 10 12 1 1 100 1 10 12 1 10 12 1 1 10 7 12 1 1 1 100 1 8 1 10 12 1 10 7 12 1 1 1 10 7 12 1 10 7 1 10 7 1 7 1 7 1 10 12 1 10 12 1 9 12 1 1 10 10 7 12 1 1 1 9 12 1 1 9 12 1 9 12 1 1 9 12 1 9 12 1 1 9 12 1 1 7 1 10 12 1 9 12 1 1 10 12 1 1 10 7 12 1 1 1 9 12 1 9 12 1 1 9 12 1 10 12 1 1 9 12 10 12 1 1 7 1 10 8 1 10 12 1 1 10 12 1 10 7 1 7 1 10 12 1 1 10 7 12 1 1 1 8 1 10 12 1 10 12 1 10 12 1 1 10 12 1 1 10 12 1 1 10 12 1 1 10 12 1 1 10 12 1 7 1 10 12 1 10 100 12 1 1 1 10 12 1 1 10 12 1 10 12 1 10 12 1 10 12 1 10 12 1 1 10 10 12 1 10 12 1 10 100 12 1 1 10 12 1 1 10 12 1 1 10 12 1 100 1 10 12 1 7 1 10 12 1 10 7 12 1 1 1 10 10 12 1 1 10 12 1 1 7 1 8 1 10 8 1 10 12 1 10 12 1 100 1 8 1 10 12 1 1 10 12 1 1 10 10 12 1 1 10 12 1 1 10 12 1 1 10 7 1 10 12 1 1 10 12 1 1 10 12 1 1 10 12 1 1 10 12 1 1 10 12 1 1 10 12 1 10 7 12 1 1 1 10 12 1 10 12 1 10 12 1 1 10 12 1 10 12 1 10 12 1 10 12 1 1 10 12 1 10 12 1 1 8 1 9 12 1 10 12 1 1 8 1 8 1 10 7 12 1 1 100 1 10 10 12 10 12 1 10 12 1 10 12 1 10 12 1 1 10 7 12 1 1 10 12 1 10 7 1 7 1 10 12 1 1 10 12 1 10 7 1 10 12 1 100 1 18 12 1 10 100 12 1 1 1 10 100 12 1 1 1 10 7 12 1 1 10 12 1 10 12 1 100 1 10 12 1 8 1 10 10 12 1 1 10 12 1 10 12 1 1 100 1 10 12 1 10 12 1 1 10 7 12 1 1 10 12 1 8 1 100 1 10 10 12 1 9 12 1 10 7 12 1 1 10 12 1 7 1 8 1 10 12 1 10 8 1 8 1 10 12 1 1 10 12 1 1 10 12 1 1 10 7 12 1 1 7 1 100 1 10 12 1 1 7 1 7 1 10 7 12 1 1 10 12 1 10 12 1 1 10 12 1 10 12 1 1 10 12 1 1 9 100 12 1 1 1 10 12 1 1 10 12 1 10 12 1 10 12 1 1 10 12 1 8 1 7 1 18 12 1 1 10 12 1 1 10 12 1 10 12 1 10 12 1 8 1 10 12 1 10 12 1 18 12 1 11 100 12 1 1 1 100 1 10 12 1 1 10 12 1 10 11 12 1 1 10 18 10 12 1 1 11 7 12 1 18 12 1 11 12 1 1 10 12 10 12 1 1 10 12 1 1 7 1 8 1 10 10 12 1 8 1 8 1 10 7 12 1 1 10 12 1 100 1 10 10 12 1 8 1 8 1 8 1 10 12 1 10 12 1 1 10 12 1 10 7 12 1 1 1 11 7 12 1 1 100 1 10 11 10 12 1 10 12 1 10 12 1 1 9 7 12 1 1 9 12 1 1 9 12 9 12 1 9 12 1 9 12 1 8 10 12 1 1 10 7 12 1 1 1 10 12 1 1 10 12 1 1 10 12 1 10 10 12 1 11 12 1 1 10 100 12 1 1 1 100 1 10 12 1 10 12 1 10 12 1 1 1 1 1 1 1 1 1 1 1 1 1 1 1 1 1 1 1 1 1 1 1 1 1 1 1 1 100 1 1 1 1 1 1 1 1 1 1 1 1 1 1 1 1 1 1 1 1 1 100 1 1 1 1 1 1 1 1 1 1 100 1 1 1 1 1 1 1 1 1 1 1 1 1 1 1 1 1 1 1 1 1 1 1 1 1 1 1 1 1 1 1 1 1 1 1 1 1 1 1 1 1 100 1 1 1 1 1 1 1 1 1 1 1 1 1 1 1 1 1 1 1 7 1 1 1 1 1 1 1 1 1 1 1 1 1 1 1 1 1 1 1 1 1 1 1 1 1 1 1 1 1 1 1 1 1 1 1 1 1 1 1 1 1 1 1 1 1 1 1 1 1 1 100 1 1 1 1 1 1 1 1 1 1 1 1 1 1 1 1 1 1 1 1 1 1 1 1 1 1 1 1 1 1 1 1 1 1 1 1 1 1 1 1 1 1 1 1 1 1 16 1 15 10 12 16 1 16 15 10 12 16 1 16 1 15 10 12 16 15 10 12 16 15 10 12 16 15 10 100 12 1 1 1 1 1 100 1 100 1 1
staticfield java/lang/ClassLoader nocerts [Ljava/security/cert/Certificate; 0 [Ljava/security/cert/Certificate;
staticfield java/lang/ClassLoader $assertionsDisabled Z 1
ciInstanceKlass java/lang/reflect/Constructor 1 1 439 10 100 12 1 1 1 10 100 12 1 1 9 7 12 1 1 1 10 12 1 1 10 12 1 1 10 100 12 1 1 9 12 1 1 10 7 12 1 1 1 9 12 1 1 9 12 1 1 9 12 1 9 12 1 1 9 12 1 9 12 1 1 9 12 1 1 9 12 1 100 1 8 1 10 12 1 10 12 1 9 12 1 1 10 7 12 1 1 10 7 12 1 1 1 10 12 1 1 10 12 1 1 10 12 1 7 1 100 1 8 1 10 10 12 1 10 12 1 10 12 1 1 10 12 1 1 9 100 12 1 1 1 10 7 12 1 1 10 12 1 1 10 12 1 10 12 1 1 10 7 12 1 1 1 10 100 12 1 1 10 12 1 1 10 12 1 10 7 12 1 1 1 8 1 10 10 12 1 100 1 8 1 10 12 1 10 12 1 1 10 12 1 1 10 12 1 10 12 1 10 12 1 1 10 12 1 1 9 12 1 1 10 12 1 1 10 12 1 1 10 12 1 1 11 7 12 1 1 1 10 12 1 1 10 12 1 10 12 1 10 12 1 8 1 9 12 1 1 10 7 12 1 1 1 10 7 12 1 1 10 12 1 1 10 12 1 1 10 12 1 1 10 12 1 1 10 12 1 9 7 12 1 1 10 12 1 10 12 1 10 12 1 100 1 8 1 10 10 12 1 1 10 12 1 10 10 12 1 1 10 12 1 1 10 100 12 1 1 1 11 100 12 1 1 1 10 12 1 1 9 100 12 1 1 1 10 100 12 1 1 1 10 12 1 1 1 1 1 1 1 1 1 1 1 1 1 1 1 1 1 1 1 1 1 1 1 1 1 1 1 1 1 1 1 1 1 1 1 1 1 1 1 1 1 1 1 1 1 1 1 1 1 1 1 1 100 1 100 1 100 1 100 1 1 1 1 1 1 1 1 1 1 1 1 1 1 1 1 1 1 1 1 1 1 1 1 1 1 1 1 1 1 1 1 1 100 1 1
instanceKlass java/lang/reflect/Executable
instanceKlass java/lang/reflect/Field
ciInstanceKlass java/lang/reflect/AccessibleObject 1 1 400 10 7 12 1 1 1 9 100 12 1 1 1 10 7 12 1 1 1 10 7 12 1 1 10 7 12 1 1 1 10 100 12 1 1 1 10 12 1 1 10 12 1 1 9 12 1 1 7 1 10 7 12 1 1 1 11 12 1 7 1 10 12 1 7 1 100 1 10 12 1 10 12 1 1 10 12 1 1 10 12 1 1 10 12 1 1 7 1 10 7 12 1 1 1 10 12 1 1 11 10 7 12 1 1 1 10 12 1 1 10 12 1 10 12 1 10 12 1 1 10 12 1 8 1 7 1 7 1 10 10 12 1 1 8 1 10 12 1 10 12 1 8 1 8 1 8 1 8 1 8 1 8 1 8 1 8 1 8 1 100 1 10 12 1 10 12 1 9 12 1 1 10 12 1 1 10 12 1 10 7 1 100 1 8 1 10 8 1 10 12 1 8 1 10 12 1 10 12 1 1 10 100 1 8 1 10 11 7 12 1 1 1 10 12 1 1 10 12 1 1 10 12 1 1 9 12 1 1 100 1 10 12 1 7 1 10 12 1 10 12 1 1 10 100 1 10 12 1 10 12 10 12 1 10 12 1 10 12 1 1 10 12 1 9 12 1 10 100 12 1 1 8 1 10 100 12 1 1 1 8 1 10 7 12 1 1 1 9 12 1 7 1 10 7 1 10 10 7 12 1 1 1 7 1 10 10 7 12 1 1 1 7 1 9 12 1 1 1 1 1 1 1 1 1 1 1 1 1 1 1 1 1 1 1 1 1 1 1 1 1 1 1 1 1 1 1 1 1 1 1 1 1 1 1 1 1 1 1 1 1 1 1 1 1 1 1 1 1 1 1 1 1 1 1 1 1 1 1 1 1 1 1 1 1 1 1 1 1 1 1 1 1 1 1 1 1 1 1 1
staticfield java/lang/reflect/AccessibleObject reflectionFactory Ljdk/internal/reflect/ReflectionFactory; jdk/internal/reflect/ReflectionFactory
instanceKlass java/lang/reflect/Constructor
instanceKlass java/lang/reflect/Method
ciInstanceKlass java/lang/reflect/Executable 1 1 577 10 7 12 1 1 1 10 7 12 1 1 1 10 7 12 1 1 1 11 7 12 1 1 1 10 7 12 1 1 1 10 12 1 1 10 7 12 1 1 1 10 7 12 1 1 1 10 12 1 8 1 10 10 12 1 1 10 12 1 1 10 100 12 1 1 1 18 12 1 1 11 100 12 1 1 1 8 1 8 1 8 1 10 100 12 1 1 1 11 12 1 1 7 1 8 1 8 1 10 12 1 7 1 8 1 10 12 1 8 1 11 100 12 1 1 1 7 1 11 7 12 1 1 1 11 12 1 8 1 18 8 1 10 12 1 10 12 1 1 18 8 1 10 12 1 100 1 10 12 1 10 12 1 11 12 1 10 12 1 1 8 1 8 1 10 12 1 1 10 12 1 1 10 10 12 1 9 100 12 1 1 1 10 100 12 1 1 1 10 12 1 10 12 1 1 10 100 12 1 1 10 12 1 10 12 1 10 12 1 10 12 1 1 10 7 12 1 1 10 12 1 10 12 1 1 9 100 12 1 1 1 10 100 12 1 1 10 12 1 8 1 10 12 1 10 12 1 3 100 1 8 1 10 12 1 10 12 1 10 10 12 1 10 12 1 1 8 1 8 1 8 1 9 12 1 1 9 12 1 10 12 1 100 1 8 1 10 12 1 10 12 1 10 12 1 1 10 12 1 1 10 12 1 10 12 10 12 1 100 1 10 12 1 10 12 1 1 100 1 10 7 12 1 1 1 7 1 10 7 12 1 1 1 10 12 1 1 11 7 12 1 1 10 7 12 1 1 10 100 12 1 1 1 10 12 1 1 9 12 1 10 12 1 1 10 12 1 10 12 1 1 9 100 12 1 1 1 10 100 12 1 1 1 10 12 1 10 12 1 1 9 12 1 10 10 10 10 100 12 1 1 1 10 12 1 9 12 1 10 12 1 1 9 12 1 7 1 7 1 1 1 1 1 1 1 1 1 1 1 1 1 1 1 1 1 1 1 1 1 1 1 1 1 1 1 1 1 1 1 1 1 1 1 1 100 1 1 1 1 1 1 1 1 100 1 1 1 1 1 1 1 1 1 1 1 1 100 1 1 1 1 1 1 1 1 1 1 1 1 1 1 1 1 1 1 1 1 1 1 1 1 1 1 1 1 1 1 1 1 1 1 1 1 1 1 1 1 1 1 1 7 1 1 1 1 1 1 1 1 1 1 1 1 1 1 1 1 1 1 1 1 1 1 7 1 7 1 1 16 15 16 1 16 1 15 10 12 16 15 10 100 12 1 1 1 1 1 1 100 1 1 100 1 100 1 1
ciInstanceKlass java/lang/reflect/Member 1 1 37 100 1 10 12 1 1 100 1 100 1 1 1 1 3 1 3 1 1 1 1 1 1 1 1 1 1 1 1 1 1 1 1 1 1 1 1
instanceKlass org/bytedeco/javacpp/Pointer$DeallocatorThread
instanceKlass java/awt/EventDispatchThread
instanceKlass sun/awt/image/ImageFetcher
instanceKlass com/intellij/rt/execution/application/AppMainV2$1
instanceKlass java/util/concurrent/ForkJoinWorkerThread
instanceKlass jdk/internal/misc/InnocuousThread
instanceKlass java/lang/ref/Finalizer$FinalizerThread
instanceKlass java/lang/ref/Reference$ReferenceHandler
instanceKlass java/lang/BaseVirtualThread
ciInstanceKlass java/lang/Thread 1 1 870 10 7 12 1 1 1 9 12 1 1 10 7 12 1 1 10 12 1 10 100 12 1 1 100 1 8 1 10 12 1 1 9 12 1 9 12 1 1 9 12 1 1 7 1 10 12 1 1 10 12 1 10 7 12 1 1 1 10 12 9 12 1 1 10 12 1 7 1 10 12 1 100 1 8 1 10 9 7 12 1 1 1 10 12 1 1 10 12 1 1 10 12 1 1 10 12 1 10 12 1 1 3 8 1 7 1 5 0 10 7 12 1 1 1 9 12 1 10 12 1 1 10 7 12 1 1 1 10 7 12 1 1 1 10 12 1 1 10 12 1 1 9 12 1 1 10 7 1 8 1 10 7 1 10 12 1 9 12 1 1 10 7 12 1 1 1 10 10 12 1 1 9 100 12 1 1 1 10 12 1 1 10 12 1 1 10 7 12 1 1 10 12 1 10 12 1 10 7 12 1 1 9 12 1 10 7 12 1 1 1 10 12 1 1 9 12 1 1 9 12 1 1 10 7 12 1 1 1 9 12 1 1 10 100 12 1 1 10 100 12 1 1 1 10 12 1 10 12 1 10 7 12 1 1 9 12 1 8 1 9 7 12 1 1 9 12 1 1 5 0 100 1 10 100 1 10 100 1 10 7 1 10 8 1 10 12 1 1 10 7 12 1 10 12 1 10 12 1 100 1 8 1 10 10 12 1 10 12 1 1 10 100 12 1 1 1 10 100 12 1 1 1 10 12 1 7 1 9 12 1 1 100 1 10 10 12 1 9 12 1 1 10 12 1 1 10 12 1 1 10 12 1 10 12 1 9 12 1 1 10 10 12 1 1 10 12 1 1 11 7 12 1 1 10 7 12 1 1 9 12 1 9 12 1 1 9 12 1 1 10 100 12 1 1 10 12 1 1 9 7 12 1 1 1 10 7 12 1 1 10 12 1 10 12 1 100 1 10 10 12 9 12 1 1 10 12 1 11 100 12 1 1 10 12 1 10 12 1 10 12 1 9 12 1 10 10 12 1 10 12 1 1 9 12 1 9 12 10 12 1 8 1 10 12 1 10 12 1 10 12 1 10 12 1 10 12 1 1 10 12 1 10 12 1 1 10 12 1 10 12 1 10 12 1 10 12 1 10 12 1 1 9 7 12 1 1 1 8 1 10 9 12 1 10 12 1 7 1 8 1 10 10 12 1 8 1 10 12 1 1 9 12 10 12 8 1 10 10 12 1 10 12 1 8 1 10 12 1 10 8 1 10 100 12 1 1 10 12 1 1 100 1 8 1 10 9 12 1 9 12 1 1 10 12 1 1 10 10 12 1 10 12 1 100 10 7 12 1 1 1 9 12 1 10 12 1 1 10 12 1 1 10 100 12 1 1 1 11 7 12 1 1 1 9 100 12 1 1 1 10 100 12 1 1 1 7 1 10 12 1 100 1 10 12 1 10 12 1 1 10 12 1 1 8 1 9 12 1 10 12 1 10 12 1 1 11 7 12 1 1 1 10 12 1 1 1 1 3 1 3 1 3 1 3 1 1 1 1 1 1 1 1 1 1 1 1 1 1 1 1 1 1 1 1 1 7 1 1 1 1 1 1 1 1 1 1 1 1 1 1 1 1 1 1 1 1 1 1 100 1 1 1 1 1 1 1 1 1 1 1 1 1 1 1 1 7 1 7 1 1 1 1 1 1 1 1 1 1 1 1 1 1 1 1 1 1 1 1 1 1 1 1 1 1 1 1 1 1 1 1 1 1 1 1 1 1 1 1 1 1 1 1 1 1 1 1 1 1 1 1 1 1 1 1 1 1 1 1 1 1 1 1 1 1 1 1 1 1 1 1 1 1 1 1 100 100 1 1 1 1 1 1 1 1 1 1 1 1 1 1 1 1 1 1 1 1 1 1 1 1 1 1 100 1 100 1 100 1 100 1 100 1 1 100 1 1 1 1 1 1 1 1 1 1 1 1 1 1 1
staticfield java/lang/Thread NEW_THREAD_BINDINGS Ljava/lang/Object; java/lang/Class
staticfield java/lang/Thread EMPTY_STACK_TRACE [Ljava/lang/StackTraceElement; 0 [Ljava/lang/StackTraceElement;
ciInstanceKlass java/lang/Runnable 1 0 11 100 1 100 1 1 1 1 1 1 1
ciInstanceKlass java/net/URL 1 1 771 10 7 12 1 1 1 10 12 1 10 7 12 1 1 9 12 1 1 9 12 1 10 7 12 1 1 1 10 12 1 1 10 12 1 1 9 12 1 1 10 7 12 1 1 1 8 1 10 12 1 1 7 1 10 10 12 1 1 8 1 10 12 1 1 9 12 1 100 1 8 1 10 12 1 10 12 1 8 1 9 12 1 10 12 1 1 9 12 1 10 12 1 10 12 1 9 12 1 9 12 1 8 1 9 12 1 10 12 1 1 8 1 9 12 1 1 10 12 1 1 10 7 12 1 1 1 8 1 10 12 1 7 1 10 12 1 10 12 1 10 12 1 10 12 1 1 10 12 1 1 8 1 10 12 1 1 10 12 1 8 1 9 12 1 8 1 10 12 1 10 7 12 1 1 1 7 1 10 12 1 10 12 1 1 10 7 12 1 1 1 100 1 8 1 10 10 12 1 8 1 10 12 1 1 10 12 1 10 12 1 10 12 1 10 12 1 10 12 1 10 12 1 8 1 10 12 1 8 1 10 10 100 1 10 10 12 1 8 1 10 7 12 1 1 1 10 12 1 9 100 12 1 1 1 10 7 12 1 1 1 9 12 1 1 10 12 1 10 100 12 1 1 1 100 1 100 1 10 12 1 10 12 1 10 12 1 10 12 1 10 12 1 10 12 10 10 12 1 10 12 1 10 12 1 1 8 1 9 100 12 1 1 1 10 100 12 1 1 1 10 12 1 1 9 100 12 1 1 1 10 12 1 1 100 1 10 12 1 10 12 1 10 10 12 1 1 10 12 1 1 10 12 1 10 12 1 10 12 1 10 7 12 1 1 1 10 12 1 1 10 12 1 9 12 1 1 9 12 1 1 7 1 8 1 10 10 12 1 9 12 1 1 10 7 12 1 1 8 1 10 7 12 1 1 8 1 10 12 1 1 10 12 1 8 1 8 1 10 7 12 1 1 1 7 1 10 7 12 1 1 1 10 12 1 10 12 1 7 1 10 9 7 12 1 1 1 10 7 12 1 1 10 12 1 1 10 12 1 8 1 7 1 10 10 7 12 1 1 1 10 12 1 8 9 100 12 1 1 1 10 12 1 1 10 12 1 10 12 1 1 10 7 12 1 1 11 7 12 1 1 10 12 1 10 12 1 9 12 1 10 12 1 1 10 100 12 1 1 10 100 12 1 1 1 8 10 100 12 1 1 100 1 10 8 8 10 12 1 8 8 8 100 1 10 12 1 9 12 1 1 10 12 1 10 12 1 1 10 12 1 10 12 10 12 1 1 10 12 1 1 10 10 10 12 1 10 12 1 10 12 1 10 12 1 10 12 1 10 10 12 1 100 1 8 1 10 10 10 12 1 1 10 12 1 10 12 1 1 8 1 7 1 10 10 7 1 10 12 1 9 7 12 1 1 1 9 12 1 1 7 1 10 10 7 12 1 1 1 7 1 1 1 1 1 5 0 1 1 1 1 1 1 1 1 1 1 1 1 1 1 1 1 1 1 1 1 1 1 1 1 1 1 1 1 1 1 1 1 1 1 1 1 1 1 1 1 1 1 1 1 1 1 1 1 7 1 1 1 1 1 1 1 1 1 1 1 1 1 1 1 1 1 1 1 1 1 1 1 1 1 1 1 1 1 1 1 1 1 1 1 1 1 100 1 1 1 1 1 1 1 1 1 1 1 1 1 1 1 1 1 100 1 1 1 1 1 1 1 1 1 1 1 1 1 1 1 1 1 1 1
staticfield java/net/URL defaultFactory Ljava/net/URLStreamHandlerFactory; java/net/URL$DefaultFactory
staticfield java/net/URL streamHandlerLock Ljava/lang/Object; java/lang/Object
staticfield java/net/URL serialPersistentFields [Ljava/io/ObjectStreamField; 7 [Ljava/io/ObjectStreamField;
ciInstanceKlass java/lang/Module 1 1 1070 10 7 12 1 1 1 9 7 12 1 1 1 10 7 12 1 1 1 9 12 1 9 12 1 1 9 12 1 1 10 12 1 1 10 12 1 10 12 1 1 10 7 12 1 1 1 7 1 10 7 12 1 1 1 10 12 1 1 11 7 12 1 1 1 10 12 1 1 10 7 12 1 1 1 10 12 1 1 10 7 12 1 1 1 9 100 12 1 1 1 10 7 12 1 1 1 10 12 1 8 1 10 7 12 1 1 1 10 7 12 1 1 1 10 7 12 1 1 1 10 12 1 10 12 1 9 12 1 1 10 100 12 1 1 100 1 7 1 10 8 1 10 12 1 1 10 12 1 10 12 10 12 1 10 7 12 1 1 8 1 8 1 10 8 1 8 1 9 12 1 1 8 1 10 100 12 1 1 1 10 12 1 9 12 1 1 11 12 1 9 7 12 1 1 10 7 12 1 1 1 10 7 12 1 1 1 10 12 1 1 8 1 10 12 1 1 10 12 1 10 12 1 1 9 7 12 1 1 1 10 12 1 1 10 12 1 1 9 12 1 10 12 1 10 12 1 9 12 1 1 11 7 12 1 1 10 12 1 1 9 12 1 9 12 1 10 12 1 10 12 1 100 1 8 1 10 10 12 1 1 10 12 1 8 1 10 12 1 1 8 1 8 1 10 12 1 1 10 12 1 10 12 1 1 18 12 1 1 10 12 1 1 11 12 1 9 12 1 11 12 10 100 12 1 1 100 1 8 1 10 11 12 1 1 10 7 12 1 1 1 10 12 1 10 12 1 1 11 12 1 1 11 7 12 1 1 11 12 1 1 9 12 1 11 12 1 10 12 1 1 10 12 1 1 9 12 1 10 12 10 7 12 1 1 10 7 1 18 12 1 1 11 100 12 1 1 1 18 12 1 11 12 1 1 10 100 12 1 1 1 11 12 1 1 10 7 12 1 1 7 1 11 12 1 7 1 7 1 10 12 1 10 7 12 1 1 1 10 11 7 12 1 8 1 10 10 12 1 1 10 7 12 1 1 10 12 1 10 12 1 7 1 10 12 1 10 11 12 1 1 10 12 10 12 1 1 9 12 1 1 100 1 10 10 12 1 1 11 7 1 10 12 1 1 11 12 1 10 10 12 1 11 10 12 1 1 10 12 1 1 10 12 1 1 10 7 12 1 1 10 12 1 10 12 1 1 10 10 12 1 1 10 12 1 18 12 1 11 12 1 18 12 1 10 12 1 10 12 1 10 12 7 1 10 12 1 10 12 1 10 12 1 9 12 1 7 1 10 10 10 10 12 1 10 12 1 10 12 1 10 12 1 1 10 12 1 1 10 12 1 9 12 1 18 12 1 1 10 7 12 1 1 1 100 1 8 1 10 12 1 1 10 12 1 1 10 7 12 1 1 7 1 10 12 1 1 7 1 8 1 10 12 1 1 100 1 11 12 1 1 10 100 12 1 1 1 18 12 1 1 11 100 12 1 1 1 100 1 10 12 1 10 12 1 1 7 1 7 1 10 12 8 1 10 12 1 1 10 12 1 1 10 7 12 1 1 10 12 1 1 10 12 1 10 12 10 12 1 1 7 1 10 10 12 1 1 10 7 12 1 1 1 100 1 10 12 1 1 10 7 12 1 1 8 1 18 12 1 1 100 1 100 1 9 12 1 1 9 12 1 9 12 1 11 100 12 1 1 1 100 1 11 12 1 1 100 1 10 12 1 8 1 10 12 1 10 12 10 12 1 8 1 10 10 100 12 1 1 7 1 10 10 12 1 10 7 12 1 1 9 12 1 9 12 1 9 12 1 9 12 1 10 12 11 12 1 10 12 1 7 1 1 1 1 1 1 1 1 1 1 1 1 1 1 1 1 1 1 1 100 1 1 1 1 1 1 1 1 1 1 1 1 1 1 1 1 1 1 1 1 1 1 1 1 1 1 1 1 1 1 1 1 1 1 1 1 1 1 1 1 1 1 1 1 1 1 1 1 1 1 1 1 1 1 1 1 1 1 1 1 1 1 1 1 1 1 1 1 1 1 1 1 1 1 1 1 1 1 1 1 1 1 1 1 1 1 1 1 1 1 1 1 1 1 1 100 100 1 1 1 1 1 1 1 1 1 1 1 1 1 1 1 1 1 1 1 1 1 1 1 1 1 1 1 100 1 100 1 1 1 1 1 1 1 1 1 1 1 1 1 1 1 1 1 1 1 1 100 1 1 1 1 1 1 1 1 1 1 1 1 1 1 1 1 1 1 1 1 1 1 1 16 15 10 12 16 16 15 10 12 16 16 15 10 16 1 15 10 12 16 1 15 10 12 16 1 16 15 10 12 16 16 1 15 10 12 16 15 10 7 12 1 1 1 15 10 100 12 1 1 1 1 1 1 1 1 1 1 1 100 1 100 1 1 100 1 100 1 1
staticfield java/lang/Module ALL_UNNAMED_MODULE Ljava/lang/Module; java/lang/Module
staticfield java/lang/Module ALL_UNNAMED_MODULE_SET Ljava/util/Set; java/util/ImmutableCollections$Set12
staticfield java/lang/Module EVERYONE_MODULE Ljava/lang/Module; java/lang/Module
staticfield java/lang/Module EVERYONE_SET Ljava/util/Set; java/util/ImmutableCollections$Set12
staticfield java/lang/Module $assertionsDisabled Z 1
ciInstanceKlass java/lang/Character 1 1 604 7 1 7 1 100 1 9 12 1 1 8 1 9 12 1 1 7 1 9 12 1 1 10 7 12 1 1 1 10 100 12 1 1 1 10 100 12 1 1 1 10 7 12 1 1 1 9 7 12 1 1 1 10 12 1 10 12 1 1 10 12 1 1 10 7 12 1 1 10 12 1 1 3 3 3 3 3 10 12 1 1 10 12 1 3 11 7 12 1 1 1 11 12 1 1 10 12 1 1 10 12 1 1 100 1 10 10 12 1 3 10 12 1 1 10 12 1 10 12 1 1 100 1 8 1 10 12 1 1 10 12 1 10 12 1 10 12 1 10 100 12 1 1 1 10 12 1 10 12 1 10 12 1 1 10 12 1 10 7 12 1 1 10 10 12 1 10 10 12 1 10 12 1 1 10 12 1 10 10 12 1 10 12 1 10 12 1 10 12 1 10 12 1 10 12 1 10 12 1 10 12 10 10 12 10 10 12 1 10 10 12 1 10 10 12 1 10 10 12 1 10 12 1 10 12 1 10 12 1 10 12 1 10 12 1 10 12 1 10 10 12 1 10 10 12 1 10 10 12 1 1 10 10 12 1 10 5 0 10 12 1 10 12 1 10 10 12 1 10 10 12 1 1 10 10 12 1 10 10 12 1 9 12 1 1 100 1 10 10 12 1 10 12 1 1 3 10 100 12 1 1 1 10 12 1 10 100 12 1 1 7 1 10 10 12 1 1 10 12 1 1 10 12 1 1 8 1 10 12 1 9 100 12 1 1 1 10 12 1 10 10 12 1 10 12 1 1 10 12 1 10 10 12 1 1 10 10 12 1 1 7 1 8 1 10 12 1 1 10 7 12 1 1 1 8 1 10 12 1 1 9 12 1 1 7 1 7 1 7 1 1 1 1 3 1 3 1 3 1 3 1 1 1 1 1 3 1 1 3 1 3 1 3 1 3 1 3 1 3 1 3 1 3 1 3 1 3 1 3 1 3 1 3 1 3 1 3 1 3 1 3 1 3 1 3 1 3 1 3 1 3 1 3 1 3 1 3 1 3 1 3 1 3 1 1 1 1 1 1 1 1 1 1 1 1 1 1 1 1 1 1 1 3 1 1 1 1 1 1 1 3 1 1 3 1 1 1 1 1 3 1 1 5 0 1 1 1 1 1 1 1 1 1 1 1 1 1 1 1 1 1 1 1 1 1 1 1 1 1 1 1 1 1 1 1 1 1 1 1 1 1 1 1 1 1 1 1 1 1 1 1 1 1 1 1 1 1 1 1 1 1 1 1 1 1 1 1 1 1 1 1 1 1 1 1 1 1 1 1 1 1 1 1 1 1 1 1 1 1 1 1 1 1 1 100 1 100 1 1 1 1 1 1
staticfield java/lang/Character TYPE Ljava/lang/Class; java/lang/Class
staticfield java/lang/Character $assertionsDisabled Z 1
ciInstanceKlass java/lang/OutOfMemoryError 1 1 26 10 100 12 1 1 1 10 12 1 100 1 1 1 1 5 0 1 1 1 1 1 1 1 1 1
ciInstanceKlass java/lang/Integer 1 1 453 7 1 7 1 7 1 7 1 10 12 1 1 9 12 1 1 9 12 1 1 10 100 12 1 1 1 10 12 1 1 10 100 12 1 1 1 10 10 12 1 1 10 7 12 1 1 1 10 12 1 10 12 1 1 10 7 12 1 1 1 10 12 1 1 10 12 1 1 10 12 1 10 12 1 10 12 1 1 10 10 12 1 9 12 1 1 9 12 1 100 1 8 1 10 12 1 7 1 10 12 1 8 1 10 12 1 1 10 12 1 8 1 10 12 1 8 1 10 12 1 1 3 10 12 1 1 3 10 12 1 1 10 12 1 1 10 7 12 1 1 1 11 7 1 10 12 1 1 11 10 12 1 1 8 1 10 12 1 1 8 1 7 1 10 12 1 1 10 12 1 1 5 0 8 1 10 12 1 10 12 1 10 12 1 10 12 1 1 7 1 9 12 1 1 9 12 1 1 10 12 1 10 7 1 9 12 1 10 12 1 10 12 1 10 12 1 1 10 7 12 1 1 1 100 1 100 1 10 12 1 1 10 12 1 1 8 1 8 1 10 12 1 1 8 1 8 1 8 1 8 1 8 1 8 1 10 12 1 10 12 1 5 0 3 3 3 3 10 12 1 10 12 1 3 10 12 1 10 100 12 1 1 1 10 12 1 1 10 12 1 1 8 1 10 7 12 1 1 1 9 12 1 1 7 1 7 1 7 1 1 1 1 3 1 1 1 3 1 3 1 1 5 0 1 1 1 1 1 1 1 1 1 100 1 1 1 1 1 1 1 1 1 1 1 1 1 1 1 1 1 1 1 1 1 1 1 1 1 1 1 1 1 1 1 1 1 1 1 1 1 1 1 1 3 1 1 1 1 1 1 1 1 1 1 1 1 1 1 1 1 7 1 1 1 1 1 1 1 1 1 1 1 1 1 1 1 1 1 1 1 1 1 1 1 1 1 1 1 1 1 1 1 1 1 1 1 1 1 1 1 1 1 1 1 1 1 1 7 1 1 1 1 1 1 1 1 1 100 1 100 1 1
staticfield java/lang/Integer TYPE Ljava/lang/Class; java/lang/Class
staticfield java/lang/Integer digits [C 36
staticfield java/lang/Integer DigitTens [B 100
staticfield java/lang/Integer DigitOnes [B 100
instanceKlass java/math/BigDecimal
instanceKlass java/math/BigInteger
instanceKlass java/util/concurrent/atomic/Striped64
instanceKlass java/util/concurrent/atomic/AtomicLong
instanceKlass java/util/concurrent/atomic/AtomicInteger
instanceKlass java/lang/Long
instanceKlass java/lang/Integer
instanceKlass java/lang/Short
instanceKlass java/lang/Byte
instanceKlass java/lang/Double
instanceKlass java/lang/Float
ciInstanceKlass java/lang/Number 1 1 37 10 7 12 1 1 1 10 100 12 1 1 1 100 1 1 1 1 5 0 1 1 1 1 1 1 1 1 1 1 1 1 1 1 1 1 1
ciInstanceKlass java/lang/Thread$FieldHolder 1 1 48 10 7 12 1 1 1 9 7 12 1 1 1 9 12 1 1 9 12 1 1 9 12 1 1 9 12 1 1 1 1 1 1 1 1 1 1 100 1 100 1 1 1 1 100 1 1 1
ciInstanceKlass java/lang/Thread$Constants 0 0 59 7 1 10 7 12 1 1 1 100 1 10 10 7 12 1 1 1 7 1 8 1 10 12 1 9 7 12 1 1 1 7 1 7 1 10 12 1 10 12 1 9 12 1 1 1 1 1 1 1 1 1 1 1 1 1 1 1 1
ciInstanceKlass java/lang/ThreadGroup 1 1 411 10 7 12 1 1 1 9 7 12 1 1 1 8 1 9 12 1 1 7 1 9 12 1 1 9 12 1 1 10 7 12 1 1 1 10 12 1 1 10 12 1 10 12 1 10 12 1 10 12 1 1 10 12 1 1 10 12 1 10 12 1 1 10 12 1 10 12 1 10 100 12 1 1 1 10 12 1 1 18 12 1 1 11 7 12 1 1 1 10 7 12 1 1 1 10 7 12 1 10 12 1 1 10 12 1 1 10 12 1 1 10 100 12 1 1 1 10 12 1 11 12 1 1 11 7 12 1 1 11 12 1 1 10 12 1 1 10 12 1 10 12 1 11 12 1 11 12 1 1 100 1 10 10 12 1 100 1 10 18 12 1 1 11 7 12 1 1 1 11 12 1 1 9 12 1 1 10 12 1 1 8 1 10 7 12 1 1 1 10 7 12 1 1 1 10 12 1 1 11 12 10 12 1 1 10 12 1 1 11 7 1 9 12 1 7 1 10 8 1 10 12 1 1 10 12 1 1 8 1 10 12 1 10 7 12 1 1 1 10 12 1 1 10 7 1 8 1 10 8 1 10 12 1 10 12 1 8 1 9 12 1 1 9 12 1 10 100 12 1 1 1 100 9 12 1 1 7 1 9 12 1 10 12 10 12 1 1 100 10 12 9 12 1 10 12 1 100 1 10 11 12 1 1 7 1 10 10 12 1 10 12 1 1 1 1 1 1 1 1 1 1 1 1 1 1 1 1 1 1 3 1 1 1 1 1 1 1 1 1 1 1 1 100 1 1 1 1 1 1 1 1 1 1 1 1 1 1 1 1 1 1 1 1 1 1 1 1 1 1 1 1 1 1 1 1 1 1 1 1 1 1 1 1 1 1 1 16 15 10 12 16 16 15 10 12 16 15 10 100 12 1 1 1 1 1 100 1 100 1 1
staticfield java/lang/ThreadGroup $assertionsDisabled Z 1
ciInstanceKlass java/lang/Thread$UncaughtExceptionHandler 1 0 16 100 1 100 1 1 1 1 1 1 1 1 100 1 1 1
ciInstanceKlass java/security/AccessControlContext 1 1 374 9 7 12 1 1 1 9 12 1 1 10 100 12 1 1 1 8 1 10 100 12 1 1 1 10 7 12 1 1 1 9 12 1 9 12 1 1 9 12 1 1 10 7 12 1 1 7 1 10 12 1 11 7 12 1 1 1 11 12 1 11 12 1 11 12 1 1 7 1 11 12 1 1 10 12 1 10 7 12 1 1 1 9 100 12 1 1 1 10 7 12 1 1 1 11 100 12 1 1 1 10 7 1 100 1 8 1 10 12 1 10 12 1 1 7 1 10 7 12 1 1 1 9 12 1 9 12 1 9 12 1 9 12 1 1 9 12 1 1 9 12 1 9 12 1 10 7 12 1 1 1 9 12 1 10 12 1 1 10 12 1 1 8 1 10 12 1 1 10 12 1 1 10 7 12 1 1 1 7 1 10 10 12 1 1 10 7 12 1 1 1 10 8 1 10 7 12 1 1 8 1 10 7 12 1 1 8 1 8 1 10 12 1 8 1 10 12 1 8 1 10 12 1 10 12 1 10 12 1 1 8 1 8 1 100 1 10 12 1 10 12 1 1 100 1 10 12 1 8 1 10 12 1 10 12 1 10 8 1 10 12 1 1 10 12 1 1 10 12 1 1 10 12 1 1 10 12 1 10 12 1 11 10 12 1 10 12 1 1 10 10 10 12 1 1 1 1 1 1 1 1 1 1 1 1 1 1 1 1 1 1 1 1 1 1 1 1 100 1 1 1 1 1 1 1 1 1 1 1 1 1 1 1 1 1 1 1 1 1 1 1 1 1 1 1 1 1 1 1 1 1 1 1 1 1 1 1 1 1 1 1 1 1 1 1 1 1 1 1 1 3 1 1
instanceKlass java/lang/ThreadBuilders$BoundVirtualThread
instanceKlass java/lang/VirtualThread
ciInstanceKlass java/lang/BaseVirtualThread 0 0 36 10 100 12 1 1 1 100 1 1 1 1 1 1 1 1 1 1 1 1 1 1 1 1 1 1 1 1 100 1 100 1 1 100 1 1
ciInstanceKlass java/lang/VirtualThread 0 0 895 7 1 9 12 1 1 10 7 12 1 1 1 10 100 12 1 1 1 10 7 12 1 1 1 9 12 1 1 9 12 1 1 100 1 10 12 1 9 12 1 1 18 12 1 1 9 12 1 1 10 12 1 1 100 1 10 12 1 10 12 1 1 10 12 1 1 10 12 1 1 10 12 1 10 7 12 1 10 12 1 10 12 1 10 12 1 11 100 12 1 1 1 100 1 10 12 1 1 10 100 12 1 1 1 10 100 12 1 1 1 10 12 1 100 1 10 10 12 1 10 12 1 1 9 12 1 1 10 12 1 1 9 12 1 1 10 12 1 9 12 1 1 9 12 1 100 1 10 10 12 1 10 12 1 10 100 12 1 1 10 9 10 10 12 1 1 10 12 1 1 10 100 12 1 1 10 100 1 10 9 10 10 12 1 10 12 1 10 12 1 1 7 1 10 12 1 1 10 12 1 10 12 1 1 9 12 1 10 12 1 10 12 1 9 12 1 1 10 12 1 10 12 1 9 12 1 1 10 12 1 10 12 1 11 100 12 1 1 10 12 1 1 10 12 1 10 12 1 1 9 12 1 10 100 1 10 12 1 1 10 12 1 1 10 12 1 10 12 1 10 12 1 10 12 1 9 12 1 1 10 100 12 1 1 10 12 1 10 12 1 1 10 100 12 1 1 10 12 1 100 1 8 1 10 12 1 10 12 1 1 10 12 1 10 12 1 10 100 12 1 1 10 12 1 10 12 1 1 10 12 1 10 12 1 1 10 7 12 1 1 18 10 12 1 1 10 12 1 1 7 1 5 0 100 1 10 10 12 1 7 1 9 12 1 1 10 7 12 1 1 10 9 12 1 1 9 100 12 1 1 1 11 100 12 1 1 1 11 100 1 11 12 10 12 1 10 12 1 1 10 12 1 100 1 10 10 12 1 10 12 1 1 10 12 1 1 10 12 1 10 12 1 10 12 1 9 12 1 1 11 100 12 1 1 10 12 9 100 12 1 1 1 9 12 1 10 12 1 1 9 12 1 9 12 1 7 1 10 10 12 1 1 10 12 1 10 12 10 12 1 7 1 7 1 8 1 10 10 12 1 1 10 12 1 10 7 12 1 1 8 1 10 12 1 8 1 10 12 1 9 100 12 1 1 1 10 12 1 1 10 12 1 10 10 10 10 12 9 12 1 10 12 1 1 9 12 1 10 12 1 1 9 12 1 10 12 1 1 18 12 1 1 18 12 1 10 7 12 1 1 1 8 1 10 100 12 1 1 1 10 7 12 1 1 1 18 12 1 10 100 12 1 1 1 100 1 10 12 1 8 1 10 12 1 8 1 10 12 1 1 8 1 8 1 10 100 12 1 1 8 1 10 12 1 8 1 8 1 10 100 12 1 1 1 10 12 1 10 12 1 1 10 12 1 18 12 1 1 18 12 1 1 5 0 9 12 1 10 12 1 18 12 1 100 1 10 12 10 7 12 1 1 10 12 1 1 7 1 8 1 10 10 12 1 10 12 1 1 10 12 1 9 12 1 8 10 12 1 1 8 8 9 12 1 8 10 12 1 1 3 1 3 3 1 3 1 3 1 3 1 3 1 3 3 1 3 1 3 1 3 1 1 1 1 1 1 1 1 1 1 1 1 1 1 7 1 1 1 1 1 1 1 1 1 1 1 1 7 1 1 1 1 1 1 1 1 1 1 1 1 1 7 1 1 1 1 1 1 1 1 1 1 1 1 1 1 1 1 1 1 1 1 1 1 1 1 1 1 1 1 1 1 1 1 1 1 1 1 1 1 1 100 1 1 1 1 1 1 1 1 1 1 1 1 1 1 1 1 1 1 1 1 1 1 1 1 1 1 1 1 1 1 1 1 1 100 1 1 1 1 1 1 1 1 1 1 1 1 1 1 100 1 1 16 15 10 12 15 16 15 10 12 16 15 10 12 16 16 15 10 12 16 15 10 12 16 15 10 12 16 15 10 12 16 1 15 10 100 12 1 1 1 1 1 1 1 7 1 1 100 1 100 1 1
ciInstanceKlass java/lang/ThreadBuilders$BoundVirtualThread 0 0 132 10 7 12 1 1 1 9 7 12 1 1 1 10 7 12 1 1 1 9 12 1 1 10 12 1 1 10 12 1 1 9 12 1 1 10 7 12 1 1 1 10 12 1 1 7 1 8 1 10 12 1 10 12 1 1 10 12 1 1 10 12 1 1 10 7 12 1 1 1 8 1 10 12 1 8 1 10 12 1 1 10 100 12 1 1 9 100 12 1 1 1 10 12 1 1 10 10 12 1 1 1 1 1 1 1 1 1 1 1 1 1 1 1 1 1 1 1 1 1 1 1 1 1 1 1 1 100 1 1 1 1
ciInstanceKlass jdk/internal/vm/ContinuationScope 0 0 50 10 100 12 1 1 1 10 100 12 1 1 1 100 1 9 100 12 1 1 1 10 12 1 1 10 100 12 1 1 1 10 12 1 1 10 12 1 1 1 1 1 1 1 1 1 1 1 1 1
ciInstanceKlass jdk/internal/vm/StackChunk 0 0 34 10 100 12 1 1 1 9 100 12 1 1 1 9 12 1 1 9 12 1 9 12 1 1 1 1 1 1 1 1 1 1 1 1
ciInstanceKlass java/lang/Float 1 1 279 7 1 7 1 10 100 12 1 1 1 10 100 12 1 1 1 4 7 1 10 12 1 1 10 12 1 1 8 1 8 1 10 7 12 1 1 1 10 12 1 1 10 12 1 1 10 100 1 4 10 7 12 1 1 9 12 1 1 10 12 1 1 10 12 1 10 10 12 1 1 10 12 1 10 12 1 3 3 100 1 4 4 4 3 10 12 1 1 9 12 1 1 100 1 10 3 3 4 4 10 12 1 3 3 3 10 12 1 1 10 12 1 1 10 12 1 10 100 12 1 1 1 10 12 1 1 10 12 1 1 10 7 12 1 1 1 8 1 10 12 1 1 9 12 1 1 7 1 7 1 7 1 1 1 1 4 1 4 1 1 1 4 1 1 3 1 3 1 3 1 3 1 3 1 1 1 1 5 0 1 1 1 1 1 1 1 1 1 1 100 1 1 1 1 1 1 1 1 1 1 1 1 1 3 1 1 1 1 1 1 1 1 1 1 1 1 1 1 1 1 1 1 1 1 1 1 1 1 1 1 1 1 1 1 1 1 1 1 1 1 1 1 1 1 1 1 1 1 1 1 1 1 1 1 1 1 1 1 1 1 1 1 1 1 1 7 1 1 1 1 1 1 1 100 1 100 1 1
staticfield java/lang/Float TYPE Ljava/lang/Class; java/lang/Class
staticfield java/lang/Float $assertionsDisabled Z 1
ciInstanceKlass java/lang/Double 1 1 290 7 1 7 1 10 7 12 1 1 1 10 12 1 1 10 7 1 10 12 1 1 10 7 12 1 1 1 6 0 8 1 10 12 1 1 8 1 10 12 1 1 8 1 6 0 10 12 1 1 100 1 5 0 5 0 8 1 8 1 10 7 12 1 1 1 10 7 12 1 1 1 8 1 10 12 1 1 8 1 8 1 8 1 10 12 1 1 10 12 1 10 12 1 1 10 12 1 10 12 1 10 12 1 1 10 12 1 10 7 1 6 0 10 7 12 1 1 9 12 1 1 10 12 1 10 12 1 10 12 1 10 12 1 10 12 1 5 0 10 12 1 1 10 12 1 10 12 1 10 100 12 1 1 1 10 12 1 1 10 12 1 1 8 1 10 7 12 1 1 1 9 12 1 1 7 1 7 1 7 1 1 1 6 0 1 6 0 1 6 0 1 1 1 6 0 1 1 3 1 3 1 3 1 3 1 3 1 1 1 1 5 0 1 1 1 1 1 1 1 1 1 1 1 1 1 1 1 1 100 1 1 1 1 1 1 1 1 1 1 1 1 3 1 1 1 1 1 1 1 1 1 1 1 1 1 1 1 1 1 1 1 1 1 1 1 1 1 1 1 1 1 1 1 1 1 1 7 1 1 1 1 1 1 1 100 1 100 1 1
staticfield java/lang/Double TYPE Ljava/lang/Class; java/lang/Class
ciInstanceKlass java/lang/Byte 1 1 213 7 1 100 1 10 7 12 1 1 1 9 12 1 1 8 1 9 12 1 1 7 1 10 12 1 1 10 12 1 1 10 100 12 1 1 1 10 100 12 1 1 1 9 7 12 1 1 1 10 12 1 1 100 1 7 1 10 12 1 1 8 1 10 12 1 1 8 1 10 12 1 10 12 1 10 12 1 10 12 1 1 10 12 1 10 12 1 10 12 1 1 10 8 1 8 1 10 7 1 9 12 1 1 10 12 1 1 10 12 1 1 10 12 1 1 10 12 1 5 0 10 12 1 1 8 1 10 7 12 1 1 1 9 12 1 1 7 1 7 1 1 1 3 1 3 1 1 1 1 3 1 3 1 1 5 0 1 1 1 1 1 1 1 1 1 1 1 1 1 1 1 1 1 1 1 1 1 1 1 1 1 1 1 1 1 1 1 1 1 1 1 1 1 1 1 1 1 1 1 1 1 1 1 1 1 1 1 1 1 1 1 1
staticfield java/lang/Byte TYPE Ljava/lang/Class; java/lang/Class
ciInstanceKlass java/lang/Short 1 1 222 7 1 7 1 100 1 10 7 12 1 1 1 10 12 1 1 100 1 7 1 10 12 1 1 8 1 10 12 1 1 8 1 10 12 1 10 12 1 10 12 1 10 12 1 1 10 12 1 1 10 12 1 9 12 1 1 8 1 9 12 1 1 7 1 10 12 1 1 10 12 1 10 100 12 1 1 1 10 100 12 1 1 1 9 7 12 1 1 1 10 12 1 10 12 1 1 10 8 1 8 1 10 7 1 9 12 1 1 10 12 1 1 10 12 1 1 10 12 1 1 10 12 1 3 3 5 0 10 12 1 1 8 1 10 7 12 1 1 1 9 12 1 1 7 1 7 1 1 1 3 1 3 1 1 1 1 3 1 3 1 1 5 0 1 1 1 1 1 1 1 1 1 1 1 1 1 1 1 1 1 1 1 1 1 1 1 1 1 1 1 3 1 1 1 1 1 1 1 1 1 1 1 1 1 1 1 1 1 1 1 1 1 1 1 1 1 1 1 1 1 1
staticfield java/lang/Short TYPE Ljava/lang/Class; java/lang/Class
ciInstanceKlass java/lang/Long 1 1 524 7 1 7 1 7 1 7 1 10 12 1 1 9 12 1 1 9 7 12 1 1 1 10 100 12 1 1 1 10 12 1 1 10 100 12 1 1 1 10 10 12 10 12 1 10 12 1 10 12 1 5 0 5 0 7 1 10 12 1 1 10 12 1 1 10 12 1 10 12 1 10 12 1 10 12 1 1 10 100 12 1 1 10 12 1 10 12 1 1 10 12 1 1 10 12 1 1 10 12 1 1 10 100 12 1 1 1 10 12 1 1 10 12 1 10 12 1 10 12 1 10 12 1 1 10 10 12 1 5 0 5 0 9 12 1 1 9 12 1 5 0 100 1 8 1 10 12 1 8 1 10 12 1 8 1 8 1 10 12 1 1 5 0 10 12 1 1 5 0 10 12 1 1 10 12 1 1 10 100 12 1 1 1 11 7 1 10 12 1 1 11 10 12 1 1 8 1 10 12 1 1 8 1 7 1 10 12 1 1 10 12 1 8 1 8 1 11 12 1 1 10 12 1 10 12 1 10 12 1 5 0 5 0 9 7 12 1 1 1 10 12 1 10 12 1 1 8 1 8 1 10 12 1 1 8 1 8 1 8 1 8 1 8 1 8 1 10 12 1 10 7 1 9 12 1 1 10 12 1 10 12 1 1 10 12 1 1 10 7 12 1 1 1 100 1 100 1 10 12 1 1 10 12 1 1 5 0 10 12 1 10 12 1 5 0 5 0 5 0 10 12 1 1 10 12 1 5 0 5 0 10 12 1 10 12 1 10 100 12 1 1 1 10 12 1 1 10 12 1 1 8 1 10 7 12 1 1 1 9 12 1 1 7 1 7 1 7 1 1 1 1 5 0 1 1 1 1 3 1 3 1 5 0 1 1 1 1 1 1 1 1 1 100 1 1 1 1 1 1 1 1 1 1 1 1 1 1 1 1 1 1 1 1 1 1 1 1 1 1 1 1 1 1 1 1 1 1 1 1 1 1 1 1 1 1 1 1 1 1 1 1 1 1 1 1 1 1 1 3 1 1 1 1 1 1 1 1 1 1 1 1 1 1 1 7 1 1 1 1 1 1 1 1 1 1 1 1 1 1 1 1 1 1 1 1 1 1 1 1 1 1 1 1 1 1 1 1 1 1 1 1 1 1 1 1 1 1 1 7 1 1 1 1 1 1 1 1 1 100 1 100 1 1
staticfield java/lang/Long TYPE Ljava/lang/Class; java/lang/Class
ciInstanceKlass jdk/internal/vm/vector/VectorSupport 0 0 573 100 1 10 100 12 1 1 1 9 12 1 1 10 12 1 1 100 1 10 12 1 11 100 12 1 1 1 11 100 12 1 1 1 11 100 12 1 1 11 100 12 1 1 11 100 12 1 1 1 11 100 12 1 1 11 100 12 1 1 11 100 12 1 1 11 100 12 1 1 11 100 12 1 1 11 100 12 1 1 11 100 12 1 1 1 11 100 12 1 1 11 100 12 1 1 1 11 100 12 1 1 1 11 100 12 1 1 11 100 12 1 1 1 11 100 12 1 1 100 1 10 12 1 1 11 100 12 1 1 11 100 12 1 1 11 100 12 1 1 11 100 12 1 1 11 100 12 1 1 11 100 12 1 1 9 12 1 1 10 100 12 1 1 11 100 12 1 1 10 12 1 1 10 100 12 1 1 1 10 12 1 10 12 1 1 10 12 1 1 1 1 1 3 1 3 1 3 1 3 1 3 1 3 1 3 1 3 1 3 1 3 1 3 1 3 1 3 1 3 1 3 1 3 1 3 1 3 1 3 1 3 1 3 1 3 1 3 1 3 1 3 1 3 1 3 1 3 1 3 1 3 1 3 1 3 1 3 1 3 1 3 1 3 1 3 1 3 1 3 1 3 1 3 1 3 1 3 1 3 1 3 1 3 1 3 1 3 1 3 1 3 1 3 1 3 1 3 1 1 1 1 1 1 1 1 1 1 1 1 1 1 1 1 1 1 1 1 1 1 1 1 1 1 1 1 1 1 1 1 1 1 1 1 1 1 1 1 1 1 1 1 1 1 1 1 1 1 1 1 1 1 1 1 1 1 1 1 1 1 1 1 1 1 1 1 1 1 1 1 1 1 1 1 1 1 1 1 1 1 1 1 1 1 1 1 1 1 1 1 1 1 1 1 1 1 1 1 1 1 1 1 1 1 1 1 1 1 1 1 1 1 1 1 1 1 1 1 1 1 1 1 1 1 1 1 1 1 1 1 1 1 1 1 1 1 1 1 1 1 1 1 1 1 1 1 1 1 1 1 1 1 1 1 1 1 1 1 1 1 1 1 1 1 1 1 1 1 1 1 1 1 1 1 1 1 1 1 1 1 1 1 1 1 1 1 1 1 1 1 1 1 1 1 1 1 1 1 1 1 1 1 1 1 1 1 1 1 1 1 1 1 1 1 1 1 1 1 1 1 1 1 1 1 1 1 1 1 1 1 1 1 1 100 1 100 1 100 1 100 1 100 1 1 1 1 1 1 1 1 1 1 1 1 1 1 1 1 1 1 1 1 1 1 1 1 1 1 1 1 1 1 1
instanceKlass jdk/internal/vm/vector/VectorSupport$VectorShuffle
instanceKlass jdk/internal/vm/vector/VectorSupport$VectorMask
instanceKlass jdk/internal/vm/vector/VectorSupport$Vector
ciInstanceKlass jdk/internal/vm/vector/VectorSupport$VectorPayload 0 0 32 10 100 12 1 1 1 9 100 12 1 1 1 10 100 12 1 1 1 1 1 1 1 1 1 1 1 1 1 1 1 1
ciInstanceKlass jdk/internal/vm/vector/VectorSupport$Vector 0 0 28 10 100 12 1 1 1 100 1 1 1 1 1 1 1 1 1 1 1 1 1 1 1 100 1 1 1 1
ciInstanceKlass jdk/internal/vm/vector/VectorSupport$VectorMask 0 0 28 10 100 12 1 1 1 100 1 1 1 1 1 1 1 1 1 1 1 1 1 1 1 100 1 1 1 1
ciInstanceKlass jdk/internal/vm/vector/VectorSupport$VectorShuffle 0 0 28 10 100 12 1 1 1 100 1 1 1 1 1 1 1 1 1 1 1 1 1 1 1 100 1 1 1 1
ciInstanceKlass jdk/internal/vm/FillerObject 0 0 16 10 100 12 1 1 1 100 1 1 1 1 1 1 1 1
instanceKlass java/lang/ref/PhantomReference
instanceKlass java/lang/ref/FinalReference
instanceKlass java/lang/ref/WeakReference
instanceKlass java/lang/ref/SoftReference
ciInstanceKlass java/lang/ref/Reference 1 1 190 9 7 12 1 1 1 9 7 12 1 1 10 12 1 1 10 12 1 1 9 12 1 1 10 12 1 1 9 12 1 1 9 12 1 1 7 1 10 12 1 10 7 12 1 1 10 12 1 10 12 1 1 10 12 1 7 1 8 1 10 12 1 1 7 1 10 12 1 1 10 12 1 1 10 12 1 9 12 1 10 12 1 1 10 12 1 10 12 1 9 12 1 7 1 100 1 10 12 9 12 1 9 12 1 100 1 10 10 12 1 10 10 7 12 1 1 7 1 10 10 7 12 1 1 1 1 1 1 1 1 1 1 1 1 1 1 1 1 1 1 1 7 1 1 1 100 1 1 1 1 1 1 1 1 1 1 1 1 1 1 1 1 1 1 1 1 1 1 1 1 1 1 1 1 1 1 1 1 1 1 1 7 1 7 1 7 1 1 1
staticfield java/lang/ref/Reference processPendingLock Ljava/lang/Object; java/lang/Object
staticfield java/lang/ref/Reference $assertionsDisabled Z 1
instanceKlass sun/security/util/MemoryCache$SoftCacheEntry
instanceKlass sun/font/FontDesignMetrics$KeyReference
instanceKlass sun/font/StrikeCache$SoftDisposerRef
instanceKlass sun/util/locale/provider/LocaleResources$ResourceReference
instanceKlass sun/util/resources/Bundles$BundleReference
instanceKlass sun/awt/SoftCache$ValueCell
instanceKlass java/util/ResourceBundle$BundleReference
instanceKlass sun/util/locale/LocaleObjectCache$CacheEntry
instanceKlass java/lang/invoke/LambdaFormEditor$Transform
ciInstanceKlass java/lang/ref/SoftReference 1 1 47 10 7 12 1 1 1 9 7 12 1 1 1 9 12 1 10 12 1 10 12 1 1 1 1 1 1 1 1 1 1 1 1 1 1 1 1 1 1 1 1 100 1 1 1 1 1
instanceKlass java/lang/WeakPairMap$WeakRefPeer
instanceKlass javax/swing/text/DefaultStyledDocument$AbstractChangeHandler$DocReference
instanceKlass javax/crypto/JceSecurity$WeakIdentityWrapper
instanceKlass com/sun/beans/util/Cache$Kind$Weak
instanceKlass sun/java2d/ReentrantContextProvider$HardReference
instanceKlass sun/awt/WeakIdentityHashMap$WeakKey
instanceKlass javax/swing/text/GapContent$MarkData
instanceKlass sun/awt/image/ImageWatched$AccWeakReference
instanceKlass javax/swing/plaf/metal/MetalLookAndFeel$AATextListener
instanceKlass java/util/ResourceBundle$KeyElementReference
instanceKlass java/lang/ClassValue$Entry
instanceKlass java/lang/ThreadLocal$ThreadLocalMap$Entry
instanceKlass java/lang/invoke/MethodType$ConcurrentWeakInternSet$WeakEntry
instanceKlass java/util/WeakHashMap$Entry
ciInstanceKlass java/lang/ref/WeakReference 1 1 31 10 7 12 1 1 1 10 12 1 100 1 1 1 1 1 1 1 1 1 1 1 1 1 1 1 1 1 1 1 1
instanceKlass java/lang/ref/Finalizer
ciInstanceKlass java/lang/ref/FinalReference 1 1 50 10 7 12 1 1 1 10 7 12 1 1 1 10 12 1 1 7 1 8 1 10 12 1 1 1 1 1 1 1 1 1 1 1 1 1 1 1 1 1 1 1 1 1 1 1 1 1 7 1
instanceKlass org/bytedeco/javacpp/Pointer$DeallocatorReference
instanceKlass com/mysql/cj/jdbc/AbandonedConnectionCleanupThread$ConnectionFinalizerPhantomReference
instanceKlass jdk/internal/ref/PhantomCleanable
instanceKlass jdk/internal/ref/Cleaner
ciInstanceKlass java/lang/ref/PhantomReference 1 1 39 10 100 12 1 1 1 10 7 12 1 1 1 1 1 1 1 1 1 1 1 1 1 1 1 1 1 1 1 1 1 1 1 1 1 1 1 1 1
ciInstanceKlass java/lang/ref/Finalizer 1 1 155 9 7 12 1 1 1 10 7 12 1 1 1 9 12 1 1 9 12 1 1 9 12 1 9 12 1 9 12 1 1 10 12 1 7 1 8 1 10 12 1 10 12 1 1 9 12 1 100 1 10 12 1 7 1 11 7 12 1 1 10 12 1 7 1 10 12 1 100 1 10 12 1 10 7 12 1 1 1 10 100 12 1 1 1 100 1 10 10 12 1 7 1 10 12 1 7 1 10 12 1 1 10 12 1 1 10 12 1 10 7 12 1 1 1 7 1 10 7 1 10 10 12 1 1 1 1 1 1 1 1 1 1 1 1 1 1 1 1 1 1 1 1 1 1 1 1 1 1 1 1 1 1 1 1
staticfield java/lang/ref/Finalizer lock Ljava/lang/Object; java/lang/Object
staticfield java/lang/ref/Finalizer ENABLED Z 1
staticfield java/lang/ref/Finalizer $assertionsDisabled Z 1
instanceKlass org/java_websocket/enums/Opcode
instanceKlass com/sun/imageio/plugins/jpeg/JPEGImageWriter$CallBackLock$State
instanceKlass java/lang/reflect/ProxyGenerator$PrimitiveTypeInfo
instanceKlass java/lang/annotation/RetentionPolicy
instanceKlass org/java_websocket/enums/HandshakeState
instanceKlass org/bytedeco/javacv/FrameGrabber$SampleMode
instanceKlass org/bytedeco/javacv/FrameGrabber$ImageMode
instanceKlass org/java_websocket/enums/Role
instanceKlass org/java_websocket/enums/ReadyState
instanceKlass org/slf4j/impl/OutputChoice$OutputChoiceType
instanceKlass javax/swing/LayoutStyle$ComponentPlacement
instanceKlass javax/swing/GroupLayout$Alignment
instanceKlass sun/security/ssl/Alert$Level
instanceKlass sun/security/ssl/Alert
instanceKlass com/mysql/cj/QueryReturnType
instanceKlass com/mysql/cj/Query$CancelStatus
instanceKlass com/mysql/cj/MysqlType
instanceKlass com/mysql/cj/protocol/a/authentication/CachingSha2PasswordPlugin$AuthStage
instanceKlass javax/net/ssl/SSLEngineResult$HandshakeStatus
instanceKlass sun/security/ssl/X509Authentication
instanceKlass sun/security/ssl/Finished$VerifyDataScheme
instanceKlass sun/security/rsa/RSAUtil$KeyType
instanceKlass sun/security/ssl/SSLTrafficKeyDerivation$KeySchedule
instanceKlass sun/security/ssl/SSLTrafficKeyDerivation
instanceKlass sun/security/ssl/SSLSecretDerivation$SecretSchedule
instanceKlass sun/security/ssl/ContentType
instanceKlass sun/security/ssl/SSLKeyExchange$T12KeyAgreement
instanceKlass sun/security/ssl/PskKeyExchangeModesExtension$PskKeyExchangeMode
instanceKlass sun/security/ssl/ECPointFormatsExtension$ECPointFormat
instanceKlass sun/security/ssl/CertStatusExtension$CertStatusRequestType
instanceKlass sun/security/ssl/SSLExtension
instanceKlass sun/security/ssl/SignatureScheme$SigAlgParamSpec
instanceKlass sun/security/ssl/SignatureScheme
instanceKlass sun/security/ssl/ClientAuthType
instanceKlass sun/security/ssl/SSLHandshake
instanceKlass java/security/DrbgParameters$Capability
instanceKlass sun/security/ssl/NamedGroup
instanceKlass sun/security/ssl/NamedGroup$NamedGroupSpec
instanceKlass sun/security/ssl/CipherSuite$KeyExchange
instanceKlass sun/security/ssl/CipherSuite$MacAlg
instanceKlass sun/security/ssl/CipherSuite$HashAlg
instanceKlass java/lang/StackWalker$Option
instanceKlass java/nio/file/AccessMode
instanceKlass sun/security/ssl/CipherType
instanceKlass sun/security/ssl/SSLCipher
instanceKlass sun/security/ssl/CipherSuite
instanceKlass java/security/CryptoPrimitive
instanceKlass sun/security/util/DisabledAlgorithmConstraints$Constraint$Operator
instanceKlass sun/security/ssl/ProtocolVersion
instanceKlass sun/security/util/KnownOIDs
instanceKlass com/mysql/cj/protocol/a/NativeConstants$StringSelfDataType
instanceKlass com/mysql/cj/protocol/a/NativeConstants$StringLengthDataType
instanceKlass com/mysql/cj/protocol/a/NativeConstants$IntegerDataType
instanceKlass com/mysql/cj/protocol/Resultset$Concurrency
instanceKlass com/mysql/cj/protocol/Resultset$Type
instanceKlass com/mysql/cj/conf/PropertyDefinitions$Compression
instanceKlass com/mysql/cj/conf/PropertyDefinitions$AuthMech
instanceKlass com/mysql/cj/conf/PropertyDefinitions$XdevapiSslMode
instanceKlass com/mysql/cj/conf/PropertyDefinitions$ZeroDatetimeBehavior
instanceKlass com/mysql/cj/conf/PropertyDefinitions$SslMode
instanceKlass com/mysql/cj/conf/PropertyDefinitions$DatabaseTerm
instanceKlass java/util/Locale$Category
instanceKlass com/mysql/cj/util/SearchMode
instanceKlass com/mysql/cj/conf/PropertyKey
instanceKlass com/mysql/cj/conf/ConnectionUrl$HostsCardinality
instanceKlass com/mysql/cj/conf/ConnectionUrl$Type
instanceKlass java/awt/event/FocusEvent$Cause
instanceKlass sun/java2d/marlin/DMarlinRenderingEngine$NormMode
instanceKlass java/awt/Dialog$ModalityType
instanceKlass java/time/temporal/ChronoUnit
instanceKlass java/time/temporal/ChronoField
instanceKlass sun/java2d/pipe/hw/ExtendedBufferCapabilities$VSyncType
instanceKlass java/awt/EventFilter$FilterAction
instanceKlass javax/swing/text/PlainView$FPMethodArgs
instanceKlass javax/swing/ClientPropertyKey
instanceKlass javax/swing/DropMode
instanceKlass com/sun/beans/util/Cache$Kind
instanceKlass java/math/RoundingMode
instanceKlass java/util/regex/Pattern$Qtype
instanceKlass sun/util/locale/provider/LocaleProviderAdapter$Type
instanceKlass java/awt/Component$BaselineResizeBehavior
instanceKlass java/awt/Dialog$ModalExclusionType
instanceKlass java/awt/desktop/UserSessionEvent$Reason
instanceKlass sun/awt/OSInfo$OSType
instanceKlass sun/java2d/StateTrackable$State
instanceKlass sun/awt/AppContext$State
instanceKlass java/awt/Window$Type
instanceKlass sun/font/EAttribute
instanceKlass jdk/internal/logger/BootstrapLogger$LoggingBackend
instanceKlass java/lang/System$Logger$Level
instanceKlass sun/util/logging/PlatformLogger$Level
instanceKlass java/net/Proxy$Type
instanceKlass java/net/StandardProtocolFamily
instanceKlass jdk/internal/util/OperatingSystem
instanceKlass java/util/zip/ZipCoder$Comparison
instanceKlass java/nio/file/LinkOption
instanceKlass sun/nio/fs/WindowsPathType
instanceKlass java/nio/file/StandardOpenOption
instanceKlass java/util/stream/Collector$Characteristics
instanceKlass java/util/concurrent/TimeUnit
instanceKlass java/util/stream/StreamShape
instanceKlass java/lang/invoke/MethodHandles$Lookup$ClassOption
instanceKlass java/lang/invoke/VarHandle$AccessType
instanceKlass java/lang/invoke/VarHandle$AccessMode
instanceKlass java/lang/invoke/MethodHandleImpl$Intrinsic
instanceKlass java/lang/invoke/LambdaForm$BasicType
instanceKlass java/lang/invoke/LambdaForm$Kind
instanceKlass sun/invoke/util/Wrapper
instanceKlass java/util/stream/StreamOpFlag$Type
instanceKlass java/util/stream/StreamOpFlag
instanceKlass java/io/File$PathStatus
instanceKlass java/lang/module/ModuleDescriptor$Requires$Modifier
instanceKlass java/lang/reflect/AccessFlag$Location
instanceKlass java/lang/reflect/AccessFlag
instanceKlass java/lang/module/ModuleDescriptor$Modifier
instanceKlass java/lang/reflect/ClassFileFormatVersion
instanceKlass java/lang/Thread$State
ciInstanceKlass java/lang/Enum 1 1 204 9 7 12 1 1 1 9 12 1 1 10 7 12 1 1 1 9 12 1 10 7 12 1 1 1 100 1 10 10 12 1 1 10 12 1 7 1 10 10 7 12 1 1 10 12 1 1 18 12 1 1 10 100 12 1 1 1 10 12 1 1 11 7 12 1 1 1 100 1 8 1 10 12 1 100 1 7 1 10 8 1 10 12 1 1 10 12 1 1 8 1 10 12 1 10 100 1 8 1 10 10 12 1 1 10 100 12 1 1 1 7 1 7 1 7 1 1 1 1 1 1 1 1 1 1 1 1 1 1 1 1 1 1 1 1 1 1 1 1 1 1 1 1 1 1 1 1 1 1 1 1 1 1 1 1 1 1 1 1 1 1 1 3 1 1 1 1 100 1 7 1 1 100 1 1 1 1 1 1 1 1 1 1 1 16 15 10 12 16 15 10 100 12 1 1 1 1 1 100 1 100 1 1
ciInstanceKlass java/lang/reflect/Method 1 1 472 9 7 12 1 1 1 10 100 12 1 1 1 10 100 12 1 1 9 12 1 1 10 12 1 1 10 12 1 1 10 100 12 1 1 10 7 12 1 1 1 9 12 1 1 9 12 1 9 12 1 1 9 12 1 9 12 1 9 12 1 1 9 12 1 9 12 1 1 9 12 1 9 12 1 9 12 1 1 100 1 8 1 10 12 1 10 12 1 9 12 1 1 8 1 10 7 12 1 1 10 7 12 1 1 1 10 12 1 1 10 12 1 1 10 12 1 10 12 1 1 10 12 1 1 9 100 12 1 1 1 10 12 1 1 10 12 10 7 12 1 1 10 12 1 1 10 12 1 10 12 1 10 12 1 10 7 12 1 1 1 10 12 1 1 10 7 1 10 7 12 1 1 1 10 7 12 1 1 10 12 1 1 10 12 1 1 10 12 1 10 7 12 1 1 1 10 12 1 10 8 1 10 12 1 10 12 1 7 1 8 1 8 1 8 1 10 12 1 10 12 1 1 10 12 1 1 10 10 12 1 1 10 12 1 11 7 1 10 12 1 9 12 1 1 10 12 1 1 10 12 1 10 12 1 1 10 12 1 1 11 7 12 1 1 1 11 12 1 9 12 1 1 10 12 1 10 12 1 10 12 1 10 12 1 10 12 1 10 12 1 9 12 1 1 10 7 12 1 1 1 10 7 12 1 1 10 12 1 1 10 7 12 1 1 1 10 7 12 1 1 1 10 7 12 1 1 1 11 7 12 1 1 1 10 7 12 1 1 1 7 1 100 1 100 1 10 12 1 10 12 1 1 10 12 1 100 1 8 1 10 12 1 10 10 12 1 1 10 12 1 1 10 12 1 1 10 12 1 1 8 1 10 12 1 1 1 1 1 1 1 1 1 1 1 1 1 1 1 1 1 1 1 1 1 1 1 1 1 1 1 1 1 1 1 1 1 1 1 1 1 1 1 1 1 1 1 1 1 1 1 1 1 1 1 1 1 100 1 100 1 100 1 1 1 1 1 1 1 1 1 1 1 1 1 1 1 1 1 1 1 1 1 1 1 1 1 1 1 1 1 1
ciInstanceKlass java/lang/reflect/Field 1 1 457 9 7 12 1 1 1 10 12 1 1 10 100 12 1 1 1 10 100 12 1 1 9 12 1 1 10 12 1 1 10 12 1 1 10 100 12 1 1 10 7 12 1 1 1 9 12 1 1 9 12 1 9 12 1 9 12 1 1 9 12 1 1 9 12 1 9 12 1 1 9 12 1 1 100 1 8 1 10 12 1 10 12 1 9 12 1 1 9 12 1 10 12 1 10 7 12 1 1 10 12 1 1 10 12 1 1 10 12 1 10 12 1 1 9 100 12 1 1 1 10 100 12 1 1 1 7 1 10 12 1 1 10 12 1 1 10 12 1 1 10 12 1 10 12 1 10 7 1 10 7 12 1 1 7 1 10 8 1 10 12 1 1 10 12 1 1 8 1 10 12 10 12 1 8 1 8 1 10 11 7 1 9 12 1 10 12 1 1 10 12 1 1 11 7 12 1 1 1 10 12 1 11 12 1 1 11 12 1 1 11 12 1 1 11 12 1 1 11 12 1 1 11 12 1 1 11 12 1 1 11 12 1 1 11 12 1 1 11 12 1 1 11 12 1 1 11 12 1 1 11 12 1 1 11 12 1 1 11 12 1 1 11 12 1 1 11 12 1 1 10 12 1 10 7 12 1 1 10 12 1 10 12 1 10 12 1 9 12 1 1 10 7 12 1 1 1 10 12 1 1 10 12 1 10 100 12 1 1 10 12 1 1 11 7 1 10 12 1 7 1 10 100 12 1 1 1 10 100 12 1 1 1 9 12 1 10 100 12 1 1 1 11 100 12 1 1 1 10 12 1 1 10 12 1 1 9 100 12 1 1 10 100 12 1 1 1 10 12 1 1 7 1 1 1 1 1 1 1 1 1 1 1 1 1 1 1 1 1 1 1 1 1 1 1 1 1 1 1 1 1 1 1 1 1 1 1 1 1 1 1 100 1 1 1 1 1 1 1 1 1 1 1 1 1 1 1 1 1 1 1 1 1 1 1 1 1 1 1 1 1 1 1 1 7 1 1 1 1 1 1 1 1 1 100 1 1
ciInstanceKlass java/lang/reflect/Parameter 0 0 243 10 7 12 1 1 1 9 7 12 1 1 1 9 12 1 1 9 12 1 1 9 12 1 10 12 1 1 10 12 1 1 10 7 12 1 1 1 7 1 10 10 12 1 1 11 7 12 1 1 1 10 12 1 10 100 12 1 1 1 10 12 1 1 10 12 1 10 12 1 8 1 8 1 10 7 12 1 1 1 10 12 1 10 12 9 100 12 1 1 1 10 100 12 1 1 1 10 12 1 8 1 10 12 1 9 12 1 1 10 12 1 1 9 12 1 1 10 12 1 1 10 12 1 1 10 12 1 1 10 12 1 10 10 12 1 10 100 12 1 1 1 10 12 1 1 11 7 12 1 1 10 7 12 1 1 7 1 10 100 12 1 1 1 10 12 1 1 10 12 1 1 10 12 1 1 10 12 1 1 9 12 1 100 1 10 11 12 1 1 11 12 1 1 7 1 1 1 1 1 1 1 1 1 1 1 1 1 1 1 1 1 1 1 1 1 1 1 1 1 1 1 1 1 1 1 1 1 1 1 1 1 1 1 1 1 100 1 1 1 1 1 1
ciInstanceKlass java/lang/reflect/RecordComponent 0 0 196 10 7 12 1 1 1 9 7 12 1 1 1 9 12 1 1 9 12 1 10 12 1 1 10 12 1 1 10 100 12 1 1 1 10 12 1 1 9 12 1 1 10 12 1 1 10 12 1 1 10 12 1 10 100 12 1 1 10 100 12 1 1 9 12 1 1 10 100 12 1 1 1 11 100 12 1 1 1 10 9 100 12 1 1 1 10 100 12 1 1 1 9 12 1 1 10 100 12 1 1 1 10 12 1 1 11 7 12 1 1 10 7 12 1 1 7 1 9 12 1 9 12 1 1 9 12 1 10 100 12 1 1 1 10 12 1 1 10 12 1 1 7 1 10 10 12 1 10 12 1 1 8 1 10 12 1 10 12 1 9 12 1 7 1 1 1 1 1 1 1 1 1 1 1 1 1 1 1 1 1 1 1 1 1 1 7 1 1 1 1 1 1 100 1 1
ciInstanceKlass java/lang/StringBuffer 1 1 483 10 7 12 1 1 1 10 12 1 10 12 1 10 12 1 1 9 7 12 1 1 1 10 12 1 1 10 12 1 10 12 1 1 9 12 1 1 10 12 1 10 12 1 1 10 12 1 1 10 12 1 10 12 1 1 10 12 1 10 12 1 1 10 12 1 1 10 7 12 1 1 1 10 12 1 1 10 12 1 10 12 1 10 12 1 10 12 1 10 12 1 10 12 1 10 12 1 10 12 1 10 12 1 10 12 1 10 12 1 10 12 1 10 12 1 10 12 1 1 10 12 1 10 12 1 1 10 12 1 1 10 10 12 1 1 10 12 1 10 12 1 10 12 1 10 12 1 10 12 1 10 12 1 10 12 10 12 1 10 12 1 10 12 1 10 12 1 1 10 12 1 10 12 1 10 10 12 1 1 10 12 1 10 12 1 10 12 1 10 10 100 12 1 1 1 10 10 12 1 1 9 12 1 1 10 100 12 1 1 10 100 1 8 10 100 12 1 1 1 8 10 12 1 8 1 10 12 1 10 12 1 10 100 12 1 1 1 10 100 12 1 1 1 7 1 10 12 100 1 8 1 10 10 12 1 1 10 12 1 1 10 12 1 10 12 1 10 12 1 1 10 12 1 10 12 1 10 12 1 10 12 1 10 12 1 10 12 10 12 1 10 12 1 10 12 1 10 12 1 10 12 1 10 12 1 10 12 1 10 12 1 10 12 1 10 12 1 10 12 10 12 10 12 1 10 12 1 10 12 1 10 12 10 12 1 10 12 1 10 12 1 10 12 1 10 12 1 10 12 1 10 12 1 10 12 1 10 12 1 10 12 1 10 12 1 7 1 10 12 1 9 7 12 1 1 1 9 7 1 9 12 1 1 7 1 7 1 7 1 7 1 1 1 1 5 0 1 1 1 1 1 1 1 1 1 1 1 1 1 1 1 1 1 1 1 1 1 1 1 1 1 1 1 1 1 1 1 1 1 1 1 1 1 1 1 1 1 1 1 1 1 1 1 1 1 1 1 1 1 1 1 1 1 1 1 1 1 100 1 1 1 1 1 7 1 1 1 1 1 1 1 1 1 1 1 1 1 1 1 1 1 1
staticfield java/lang/StringBuffer serialPersistentFields [Ljava/io/ObjectStreamField; 3 [Ljava/io/ObjectStreamField;
instanceKlass jdk/internal/loader/BuiltinClassLoader
instanceKlass java/net/URLClassLoader
ciInstanceKlass java/security/SecureClassLoader 1 1 102 10 7 12 1 1 1 7 1 10 12 1 9 7 12 1 1 1 10 12 1 10 12 1 10 12 1 1 10 12 1 1 10 12 1 7 1 10 7 1 10 12 1 7 1 10 12 1 11 7 12 1 1 1 7 1 11 12 1 10 12 1 1 1 1 1 1 1 1 1 1 1 1 1 1 1 1 1 1 1 1 1 1 1 1 1 1 1 1 1 1 1 1 1 1 1 1 100 1 1 1 1
ciInstanceKlass java/net/URLClassLoader 0 0 600 10 7 12 1 1 1 100 1 10 12 1 9 7 12 1 1 1 10 7 12 1 1 1 9 12 1 1 100 1 10 12 1 9 12 1 1 10 12 1 10 10 12 1 10 100 12 1 1 1 10 12 1 1 10 7 12 1 1 1 10 100 12 1 1 1 100 1 10 12 1 1 10 12 1 1 10 12 1 1 100 1 100 1 10 7 12 1 1 1 100 1 8 1 10 12 1 10 7 12 1 1 1 10 12 1 1 10 12 1 1 11 100 12 1 1 1 11 7 12 1 1 1 11 12 1 1 7 1 11 12 1 11 7 12 1 1 10 12 1 11 12 1 11 12 1 1 11 10 12 1 1 10 12 1 1 10 12 1 1 100 1 10 12 1 10 12 1 1 7 1 100 1 10 12 1 1 7 1 10 10 12 1 1 10 100 12 1 1 10 12 1 100 1 7 1 10 8 1 10 12 1 1 8 1 10 12 1 1 10 10 12 1 8 1 8 1 10 12 1 1 10 7 12 1 1 1 10 100 12 1 1 1 10 12 1 1 10 12 1 1 10 12 1 1 10 12 1 10 12 1 100 1 100 1 8 1 10 12 1 10 12 1 1 10 12 1 1 7 1 10 12 1 10 100 12 1 1 1 10 12 1 1 10 12 1 1 10 12 1 1 10 12 1 10 100 12 1 1 1 10 12 1 1 8 1 10 12 1 1 11 100 12 1 1 1 9 100 12 1 1 1 10 100 12 1 1 1 9 12 1 9 12 1 9 12 1 9 12 1 9 12 1 9 12 1 10 7 12 1 1 1 8 1 10 12 1 1 100 1 10 10 12 1 10 12 1 1 10 12 1 1 100 1 10 12 1 10 12 1 1 10 12 1 10 12 1 1 100 1 10 100 12 1 1 9 100 12 1 1 1 10 12 1 8 1 100 1 8 1 10 12 1 10 12 1 8 1 10 12 1 10 12 1 9 12 1 1 10 100 12 1 1 10 12 1 10 12 1 10 100 1 8 1 10 100 1 10 12 1 10 100 12 1 100 1 10 12 1 10 12 1 100 1 10 10 7 12 1 1 1 1 1 1 1 1 1 1 1 1 1 1 1 1 1 1 1 1 1 1 1 1 1 1 1 1 1 1 1 1 1 1 1 1 1 7 1 100 1 7 1 7 1 1 1 1 1 1 1 1 1 1 1 1 1 1 1 1 1 1 1 1 1 1 1 1 1 1 1 1 1 1 1 1 1 1 1 1 1 1 1 1 1 1 1 1 1 1 100 1 1 1 1 1 1 1 1 1 1 1 1 1 1 1 1 1 1 1 1 1 1 1 1 1 1 1 1 1 1 1 1 1 1 1 1 1 100 1 1 1
ciInstanceKlass java/util/jar/Manifest 1 1 339 10 7 12 1 1 1 7 1 10 9 7 12 1 1 1 7 1 10 9 12 1 1 9 12 1 1 10 12 1 10 12 1 1 10 12 1 1 10 12 1 1 10 12 1 1 11 7 1 11 12 1 1 10 12 1 1 10 100 12 1 1 1 100 1 7 1 10 8 1 10 12 1 1 10 12 1 1 10 12 1 10 12 1 11 100 1 10 12 1 10 12 1 1 11 12 1 1 10 12 1 11 12 1 1 11 100 12 1 1 1 11 7 12 1 1 11 12 1 1 100 1 10 12 1 8 1 11 12 1 7 1 10 12 1 1 11 12 1 10 12 1 10 12 1 10 7 12 1 1 1 8 1 10 12 1 1 10 9 100 12 1 1 1 10 12 1 1 10 100 12 1 10 12 1 10 12 1 9 100 12 1 1 1 8 1 10 12 1 8 1 8 1 7 1 10 12 1 10 12 1 10 12 1 1 100 1 8 1 10 12 1 1 8 1 10 10 12 1 1 8 1 10 12 1 1 10 7 12 1 1 1 10 12 1 10 11 12 1 1 10 12 1 10 100 12 1 1 1 10 12 1 1 10 12 1 10 12 1 1 11 10 12 1 11 10 12 1 7 1 1 1 1 1 1 1 1 1 1 1 1 1 1 1 1 1 1 1 1 1 1 1 1 1 1 1 1 1 1 1 1 1 1 1 1 1 1 1 1 1 1 1 100 1 1 1 1 1 1 1 1 1 1 1 1 1 1 7 1 1 1 1 1 1 1 1 1 1 1
ciInstanceKlass java/io/ByteArrayInputStream 1 1 96 10 7 12 1 1 1 9 7 12 1 1 1 9 12 1 1 9 12 1 9 12 1 10 7 12 1 1 1 10 7 12 1 1 1 10 7 12 1 1 1 10 100 12 1 1 1 10 12 1 1 10 100 12 1 1 1 1 1 1 1 1 1 1 1 1 1 1 1 1 1 1 1 1 1 1 1 1 1 1 1 100 1 1 1 1 1 1 1 1 1 1 1 1 1 1
instanceKlass java/nio/DoubleBuffer
instanceKlass java/nio/FloatBuffer
instanceKlass java/nio/ShortBuffer
instanceKlass java/nio/IntBuffer
instanceKlass java/nio/CharBuffer
instanceKlass java/nio/LongBuffer
instanceKlass java/nio/ByteBuffer
ciInstanceKlass java/nio/Buffer 1 1 256 100 1 10 7 12 1 1 1 9 7 12 1 1 1 9 12 1 9 12 1 1 9 12 1 9 12 1 1 10 12 1 1 10 12 1 1 10 12 100 1 7 1 10 8 1 10 12 1 1 10 12 1 8 1 8 1 10 12 1 1 10 12 1 8 1 9 12 1 1 100 1 8 1 10 12 1 8 1 8 1 9 12 10 12 1 8 1 8 1 8 1 10 12 1 8 1 8 1 8 1 100 1 10 100 1 10 100 1 10 9 12 1 1 10 7 12 1 1 1 100 1 10 12 1 1 10 12 1 10 100 12 1 1 10 7 12 1 1 1 10 7 12 1 1 1 9 12 1 1 10 7 12 1 1 1 9 12 1 1 7 1 10 10 12 1 1 7 1 10 10 7 12 1 1 1 1 1 3 1 1 1 1 1 1 1 1 1 1 1 1 1 1 100 1 1 1 1 1 1 1 7 1 1 1 1 1 1 1 1 1 1 1 1 1 1 1 1 1 1 1 1 1 1 1 1 1 1 1 1 1 1 1 1 1 1 1 1 1 1 1 100 1 100 1 100 1 100 1 100 1 100 1 100 1 1
staticfield java/nio/Buffer UNSAFE Ljdk/internal/misc/Unsafe; jdk/internal/misc/Unsafe
staticfield java/nio/Buffer SCOPED_MEMORY_ACCESS Ljdk/internal/misc/ScopedMemoryAccess; jdk/internal/misc/ScopedMemoryAccess
staticfield java/nio/Buffer IOOBE_FORMATTER Ljava/util/function/BiFunction; jdk/internal/util/Preconditions$4
staticfield java/nio/Buffer $assertionsDisabled Z 1
instanceKlass sun/security/jca/ProviderList$ServiceList
instanceKlass java/util/Collections$SingletonList
instanceKlass sun/security/jca/ProviderList$3
instanceKlass java/util/ArrayList$SubList
instanceKlass java/util/AbstractSequentialList
instanceKlass sun/awt/util/IdentityArrayList
instanceKlass java/util/Arrays$ArrayList
instanceKlass java/util/Vector
instanceKlass java/util/Collections$EmptyList
instanceKlass java/util/ArrayList
ciInstanceKlass java/util/AbstractList 1 1 218 10 7 12 1 1 1 9 7 12 1 1 1 10 12 1 1 10 12 1 1 100 1 10 10 12 1 1 11 100 12 1 1 1 11 12 1 1 11 12 1 10 7 12 1 1 1 10 12 1 11 12 1 11 12 1 11 12 1 10 12 1 1 10 12 1 1 11 7 12 1 1 1 11 7 1 11 7 1 10 12 1 100 1 10 12 1 10 12 1 1 7 1 100 1 10 12 1 100 1 10 100 1 7 1 10 8 1 10 12 1 1 10 12 1 10 12 1 1 10 12 1 8 1 100 1 8 1 8 1 8 1 10 7 1 11 10 10 12 1 11 12 1 10 12 1 1 8 1 8 1 1 1 1 1 1 1 1 1 1 1 1 1 1 1 1 1 1 1 1 1 1 1 1 1 1 1 1 1 1 1 1 1 1 1 1 1 1 1 1 1 1 1 1 1 1 1 1 1 1 1 1 1 1 1 1 1 1 100 1 100 1 1 1 1 1 1 1
ciInstanceKlass java/lang/Iterable 1 1 62 10 7 12 1 1 1 11 7 12 1 1 1 11 7 12 1 1 1 11 12 1 1 11 7 12 1 1 1 10 100 12 1 1 1 100 1 1 1 1 1 1 1 1 1 1 1 1 1 1 1 1 1 1 1 1 1 1 1 1 1 1
ciInstanceKlass java/util/Collection 1 1 115 11 100 12 1 1 1 100 1 11 7 12 1 1 1 10 100 12 1 1 1 11 12 1 1 11 100 12 1 1 1 11 12 1 1 11 100 12 1 1 1 11 12 1 1 10 100 12 1 1 1 11 12 1 10 7 12 1 1 1 100 1 100 1 1 1 1 1 1 1 1 1 1 1 1 1 1 1 1 1 1 1 1 1 1 1 1 1 1 1 1 1 1 1 1 1 1 1 1 1 1 1 1 1 1 1 1 1 1 1 1 1 1 1 1
ciInstanceKlass java/util/SequencedCollection 1 1 109 100 1 10 12 1 1 11 7 12 1 1 1 11 7 12 1 1 1 11 12 1 1 11 12 1 7 1 7 1 1 1 1 1 1 1 1 1 1 1 1 1 1 1 1 1 1 1 1 1 1 1 1 1 1 1 1 1 100 1 8 1 1 12 10 1 1 1 8 1 1 1 8 1 1 1 8 1 1 1 8 1 1 8 1 1 1 8 1 1 8 1 1 1 8 1 1 8 1 1 1 8 1 1 8 1 1 8 1
ciInstanceKlass java/util/List 1 1 251 10 100 12 1 1 1 11 100 12 1 1 1 11 100 12 1 1 1 11 12 1 1 11 100 12 1 1 11 12 1 1 11 12 1 1 10 100 12 1 1 1 100 1 100 1 10 12 1 1 100 1 10 100 12 1 1 1 11 12 1 1 11 12 1 11 12 1 100 1 10 12 1 11 12 1 1 11 12 1 1 11 12 1 10 100 12 1 1 1 9 7 12 1 1 1 7 1 10 12 10 12 1 7 1 10 12 1 1 10 12 1 10 12 1 1 11 12 1 1 100 1 1 1 1 1 1 1 1 1 1 1 1 1 1 1 1 1 1 1 1 1 1 1 1 1 1 1 1 1 1 1 1 1 1 1 1 1 1 1 1 1 1 1 1 100 1 100 1 1 1 1 1 1 1 1 1 1 1 1 1 1 1 1 1 1 1 1 1 1 1 1 1 1 1 1 1 1 1 1 1 1 1 1 1 1 1 1 1 1 1 1 1 1 1 1 1 1 1 1 1 1 1 1 1 1 1 1 1 1 1 1 1 1 1 1 1 1 1 1 1 1 1 1 100 1 1 100 1 1 1
instanceKlass java/util/LinkedHashMap$LinkedValues
instanceKlass java/util/IdentityHashMap$Values
instanceKlass java/util/concurrent/ConcurrentLinkedDeque
instanceKlass java/util/AbstractQueue
instanceKlass java/util/HashMap$Values
instanceKlass java/util/ArrayDeque
instanceKlass java/util/AbstractSet
instanceKlass java/util/ImmutableCollections$AbstractImmutableCollection
instanceKlass java/util/AbstractList
ciInstanceKlass java/util/AbstractCollection 1 1 160 10 7 12 1 1 1 10 7 12 1 1 1 10 12 1 1 11 7 12 1 1 1 11 12 1 1 10 12 1 1 10 100 12 1 1 1 10 12 1 1 10 12 1 1 10 7 12 1 1 10 7 12 1 1 1 7 1 10 7 12 1 1 1 10 100 12 1 1 1 100 1 10 11 12 1 11 7 1 10 12 1 10 12 1 10 100 12 1 1 1 11 8 1 7 1 10 10 12 1 1 8 1 10 12 1 10 12 1 1 1 1 1 1 1 1 1 1 1 1 1 1 1 1 1 1 1 1 1 1 1 1 1 1 1 1 1 1 1 1 1 1 1 1 1 1 1 1 1 1 1 1 1 1 1 1 1 1 1 1
ciInstanceKlass java/lang/AssertionStatusDirectives 0 0 24 10 100 12 1 1 1 100 1 1 1 1 1 1 1 1 1 1 1 1 1 1 1 1
instanceKlass java/lang/reflect/UndeclaredThrowableException
instanceKlass org/java_websocket/exceptions/WebsocketNotConnectedException
instanceKlass org/java_websocket/exceptions/NotSendableException
instanceKlass org/java_websocket/exceptions/IncompleteHandshakeException
instanceKlass java/time/DateTimeException
instanceKlass java/util/NoSuchElementException
instanceKlass java/security/ProviderException
instanceKlass java/lang/UnsupportedOperationException
instanceKlass java/lang/IndexOutOfBoundsException
instanceKlass java/util/MissingResourceException
instanceKlass com/mysql/cj/exceptions/CJException
instanceKlass java/lang/SecurityException
instanceKlass java/lang/IllegalStateException
instanceKlass java/lang/IllegalArgumentException
instanceKlass java/lang/ArithmeticException
instanceKlass java/lang/NullPointerException
instanceKlass java/lang/IllegalMonitorStateException
instanceKlass java/lang/ArrayStoreException
instanceKlass java/lang/ClassCastException
ciInstanceKlass java/lang/RuntimeException 1 1 40 10 7 12 1 1 1 10 12 1 10 12 1 10 12 1 10 12 1 100 1 1 1 1 5 0 1 1 1 1 1 1 1 1 1 1 1 1 1 1
instanceKlass java/lang/reflect/Proxy$ProxyBuilder$ProxyClassContext
instanceKlass jdk/internal/misc/ThreadTracker$ThreadRef
instanceKlass jdk/net/UnixDomainPrincipal
instanceKlass java/security/SecureClassLoader$CodeSourceKey
instanceKlass jdk/internal/module/ModuleReferenceImpl$CachedHash
instanceKlass java/util/stream/Collectors$CollectorImpl
instanceKlass jdk/internal/reflect/ReflectionFactory$Config
instanceKlass jdk/internal/foreign/abi/UpcallLinker$CallRegs
instanceKlass jdk/internal/foreign/abi/VMStorage
ciInstanceKlass java/lang/Record 1 1 22 10 7 12 1 1 1 100 1 1 1 1 1 1 1 1 1 1 1 1 1 1
ciInstanceKlass java/lang/invoke/MethodType 1 1 780 7 1 10 7 12 1 1 1 9 12 1 1 9 12 1 1 9 12 1 1 10 7 12 1 1 1 9 7 12 1 1 8 1 10 100 12 1 1 1 9 7 1 9 7 1 10 12 1 1 7 1 10 8 1 10 12 1 1 10 12 1 10 12 1 1 7 1 8 1 10 12 1 100 1 10 10 12 1 10 12 1 1 10 12 1 1 11 7 12 1 1 1 9 12 1 11 12 1 1 7 10 12 1 1 10 12 1 1 7 1 7 1 10 7 12 1 1 1 10 12 1 10 12 1 9 12 1 1 10 7 12 1 1 10 12 1 1 10 7 12 1 1 1 10 7 12 1 1 1 10 12 1 9 12 1 1 10 12 1 1 10 12 1 1 10 12 1 1 10 12 1 1 10 12 1 1 10 12 1 10 12 1 10 12 1 1 10 12 1 8 1 8 1 10 12 1 1 9 12 1 1 100 1 10 10 12 1 1 10 12 1 10 12 1 1 10 12 1 1 10 12 1 10 12 1 10 12 1 8 1 10 12 1 1 10 100 12 1 1 1 10 12 1 10 12 1 1 10 12 1 10 12 1 10 12 1 1 10 12 1 10 12 1 9 12 1 10 12 1 10 10 12 1 1 10 12 1 9 12 1 1 10 12 1 1 11 12 1 1 10 12 1 1 7 1 10 12 10 12 1 10 12 1 100 1 8 1 8 1 8 1 10 12 1 10 12 1 10 12 1 10 10 12 1 11 12 1 1 11 12 1 10 100 12 1 1 1 9 12 1 10 12 1 10 12 1 1 10 12 1 1 10 12 1 10 12 1 10 100 12 1 1 1 10 12 1 1 10 12 1 10 12 1 10 12 1 10 9 12 1 1 7 1 10 12 1 10 12 1 1 9 100 12 1 1 1 10 7 12 1 1 1 10 7 12 1 1 1 10 12 1 1 10 7 12 1 1 1 10 12 1 1 8 1 10 7 12 1 1 1 11 12 1 1 9 12 1 1 10 12 1 1 10 12 1 10 12 1 1 10 12 1 1 10 100 12 1 1 100 1 10 12 1 1 11 100 12 1 1 18 12 1 1 11 12 1 1 18 12 1 11 12 1 100 1 11 100 12 1 1 10 12 1 100 1 10 12 1 10 100 12 1 1 10 12 1 1 9 12 1 1 9 100 12 1 1 1 10 7 12 1 1 1 9 12 1 10 100 12 1 1 10 12 1 100 10 12 1 1 10 12 1 10 7 1 7 1 9 12 1 1 7 1 7 1 7 1 1 1 5 0 1 1 1 1 1 1 1 3 1 3 1 3 1 1 1 1 1 1 1 1 1 1 1 1 1 1 1 1 1 1 1 1 1 1 1 1 1 1 1 1 1 1 1 1 1 1 1 1 1 1 1 1 1 1 1 1 1 1 1 1 1 1 1 1 1 1 1 1 1 1 1 1 1 1 1 1 1 1 1 1 1 1 1 1 1 1 1 1 1 1 1 1 1 1 1 1 1 1 1 1 1 1 1 1 1 1 1 1 1 1 1 1 1 1 1 1 1 1 1 1 1 1 1 1 1 1 1 1 1 1 1 1 1 1 1 1 1 1 1 1 1 1 1 100 1 100 1 1 1 1 1 1 1 1 1 1 1 1 1 100 1 1 1 7 1 1 1 1 1 1 1 1 1 1 1 1 1 1 1 1 1 1 1 1 1 1 16 15 10 12 16 16 15 10 12 16 15 10 100 12 1 1 1 1 1 1 1 7 1 1 7 1 1 100 1 100 1 1
staticfield java/lang/invoke/MethodType internTable Ljava/lang/invoke/MethodType$ConcurrentWeakInternSet; java/lang/invoke/MethodType$ConcurrentWeakInternSet
staticfield java/lang/invoke/MethodType NO_PTYPES [Ljava/lang/Class; 0 [Ljava/lang/Class;
staticfield java/lang/invoke/MethodType objectOnlyTypes [Ljava/lang/invoke/MethodType; 20 [Ljava/lang/invoke/MethodType;
staticfield java/lang/invoke/MethodType METHOD_HANDLE_ARRAY [Ljava/lang/Class; 1 [Ljava/lang/Class;
staticfield java/lang/invoke/MethodType serialPersistentFields [Ljava/io/ObjectStreamField; 0 [Ljava/io/ObjectStreamField;
staticfield java/lang/invoke/MethodType $assertionsDisabled Z 1
ciInstanceKlass java/lang/invoke/TypeDescriptor$OfMethod 1 0 43 100 1 100 1 100 1 1 1 1 1 1 1 1 1 1 1 1 1 1 1 1 1 1 1 1 1 1 1 1 1 1 1 1 1 1 1 1 1 1 100 1 1
instanceKlass java/lang/InstantiationException
instanceKlass java/lang/IllegalAccessException
instanceKlass java/lang/reflect/InvocationTargetException
instanceKlass java/lang/NoSuchFieldException
instanceKlass java/lang/NoSuchMethodException
instanceKlass java/lang/ClassNotFoundException
ciInstanceKlass java/lang/ReflectiveOperationException 1 1 34 10 7 12 1 1 1 10 12 1 10 12 1 10 12 1 100 1 1 1 1 5 0 1 1 1 1 1 1 1 1 1 1 1
instanceKlass java/lang/invoke/DelegatingMethodHandle
instanceKlass java/lang/invoke/BoundMethodHandle
instanceKlass java/lang/invoke/DirectMethodHandle
ciInstanceKlass java/lang/invoke/MethodHandle 1 1 737 100 1 9 7 12 1 1 1 10 7 12 1 1 1 10 7 12 1 1 1 7 1 7 1 10 12 1 1 9 12 1 1 10 12 1 10 12 1 1 10 12 1 1 10 100 12 1 1 1 10 12 1 1 10 12 1 1 11 7 12 1 1 1 10 12 1 1 10 12 1 10 12 1 10 12 1 1 9 12 1 1 9 12 1 1 10 7 12 1 1 1 10 12 1 1 10 12 1 10 12 1 100 1 7 1 10 8 1 10 12 1 1 10 12 1 8 1 10 12 1 1 10 12 1 10 7 12 1 1 1 10 12 1 1 10 12 1 1 10 12 1 1 10 7 12 1 1 1 10 12 1 1 10 12 1 1 10 12 1 10 12 1 1 10 7 12 1 1 10 7 12 1 1 10 12 1 10 12 1 10 12 1 1 10 12 1 1 10 12 1 1 10 12 1 1 10 7 12 1 1 1 10 100 12 1 1 1 10 12 1 1 10 12 1 1 10 12 1 1 8 1 10 7 12 1 1 1 8 1 10 12 1 10 12 1 1 10 12 1 1 10 12 1 8 1 10 12 1 1 8 1 10 12 1 8 1 10 7 12 1 1 1 9 12 1 1 100 1 10 9 7 12 1 1 1 9 7 1 8 1 10 12 1 1 10 12 1 10 12 1 1 10 12 1 10 12 1 1 10 12 1 10 12 1 1 10 12 1 10 12 1 1 10 12 1 1 8 1 10 12 1 1 8 1 10 12 1 10 12 1 1 10 12 1 10 12 1 10 12 1 1 9 100 12 1 1 1 10 12 1 1 11 12 1 10 12 1 10 12 1 1 10 100 12 1 1 100 1 11 12 1 10 100 1 11 12 1 7 1 10 12 1 11 12 1 9 100 12 1 1 1 11 12 1 1 11 100 12 1 1 1 10 12 1 1 9 12 1 11 12 1 9 12 1 9 12 1 9 12 1 11 12 1 1 9 12 1 9 12 1 9 12 1 9 12 1 9 12 1 9 12 1 9 12 1 8 1 10 12 1 10 12 1 8 1 10 12 1 10 12 1 10 12 1 1 10 10 10 7 12 1 1 10 12 1 1 100 1 8 1 10 12 1 1 10 12 1 1 10 12 1 10 12 1 7 1 10 100 12 1 1 1 10 9 7 12 1 1 1 10 12 1 1 10 12 1 1 8 1 8 1 10 7 12 1 1 9 12 1 9 12 1 1 9 12 1 1 10 12 1 7 1 10 12 1 10 12 1 1 9 12 1 1 9 12 1 1 10 7 12 1 1 1 11 7 12 1 1 9 12 1 10 12 1 1 10 12 1 9 12 1 10 12 1 8 10 12 1 1 8 1 1 1 1 1 1 1 1 7 1 1 1 1 1 1 1 1 1 1 1 1 1 1 1 1 1 1 1 1 1 1 1 1 1 1 1 1 1 1 100 1 1 1 1 1 1 1 1 1 1 1 1 1 1 1 1 1 1 1 1 1 1 1 1 1 1 1 1 1 1 1 1 1 1 1 1 1 1 1 1 1 1 1 1 1 1 1 1 1 1 1 1 1 1 1 1 1 1 1 100 1 1 1 1 1 1 1 1 1 1 1 1 1 1 1 1 1 1 1 1 1 1 1 1 1 1 1 1 100 1 1 100 1 7 1 100 1 1 100 1 1 100 1 1 1 1
staticfield java/lang/invoke/MethodHandle FORM_OFFSET J 20
staticfield java/lang/invoke/MethodHandle UPDATE_OFFSET J 13
staticfield java/lang/invoke/MethodHandle $assertionsDisabled Z 1
ciInstanceKlass java/util/concurrent/ConcurrentHashMap 1 1 1210 7 1 7 1 3 10 12 1 1 3 7 1 10 7 12 1 1 1 7 1 10 7 12 1 1 1 100 1 11 12 1 1 11 12 1 11 12 1 1 9 12 1 1 9 12 1 1 9 12 1 10 7 12 1 1 1 7 1 10 12 1 1 10 12 1 1 10 7 12 1 1 1 4 10 12 1 9 12 1 10 12 1 1 100 1 10 5 0 10 12 1 10 12 1 1 5 0 10 12 1 1 10 12 1 9 12 1 1 10 12 1 1 9 12 1 9 12 1 1 10 12 1 1 9 12 1 10 12 1 1 9 12 1 1 10 12 1 1 100 1 10 100 1 10 12 1 10 12 1 1 10 12 1 1 10 12 1 1 10 12 1 10 12 1 1 10 12 1 1 100 1 10 12 1 1 7 1 100 1 8 1 10 12 1 10 12 1 1 10 12 1 1 11 7 12 1 1 10 12 1 1 11 12 1 1 11 7 12 1 1 1 11 7 12 1 1 1 11 12 1 7 1 11 12 1 11 12 1 10 12 1 1 10 12 1 1 9 12 1 1 10 100 12 1 1 1 9 10 12 1 1 9 12 1 10 12 1 1 5 0 9 12 1 1 7 1 10 12 1 9 12 1 1 7 1 10 12 1 9 12 1 7 1 10 7 1 10 10 12 1 1 8 1 10 12 1 10 12 1 1 11 100 1 10 12 1 10 100 12 1 1 1 8 1 10 100 12 1 1 1 8 1 10 12 1 8 1 10 12 1 10 12 1 1 10 100 12 1 1 10 12 1 10 12 1 10 12 1 9 12 1 9 10 12 1 9 12 1 1 11 100 12 1 1 1 11 7 12 1 1 1 100 1 10 12 11 100 12 1 1 10 11 7 12 1 10 12 1 100 1 10 12 1 100 1 10 10 9 7 12 1 1 1 10 12 3 10 7 12 1 1 9 12 1 10 12 1 1 9 12 1 1 9 12 1 10 12 1 1 10 100 12 1 1 9 12 1 9 7 12 1 1 10 12 1 1 10 12 1 3 9 12 1 9 12 1 10 12 1 1 7 1 9 3 9 12 1 7 1 10 12 1 9 12 1 10 12 1 9 12 1 10 12 1 9 12 1 10 100 12 1 1 1 100 10 12 1 7 1 5 0 10 100 12 1 1 100 1 10 12 1 1 10 12 1 10 12 1 100 1 10 12 1 10 100 1 100 1 10 10 12 1 10 100 1 10 12 1 10 100 1 10 12 1 10 7 1 10 12 1 1 100 1 10 12 1 10 10 12 1 100 1 10 12 1 10 10 12 1 100 1 10 12 1 10 100 1 10 12 1 10 100 1 10 12 1 10 100 1 10 12 1 10 100 1 10 12 1 10 100 1 10 12 1 10 100 1 10 12 1 10 100 1 10 12 1 10 100 1 10 10 100 1 10 10 100 1 10 10 100 1 10 12 1 10 100 1 10 12 1 10 100 1 10 12 1 10 100 1 10 12 1 10 100 1 10 12 1 10 100 1 10 10 100 1 10 10 100 1 10 10 100 1 10 12 1 10 100 1 10 12 1 10 100 1 10 12 1 10 100 1 10 12 1 10 100 1 10 12 1 10 10 12 1 10 7 12 1 1 1 10 12 1 7 1 7 1 10 12 1 9 12 1 1 9 12 1 1 10 12 1 1 8 10 12 1 1 8 8 8 8 7 10 12 1 1 10 12 1 100 1 8 1 10 7 1 7 1 7 1 1 1 5 0 1 1 3 1 3 1 1 1 1 3 1 3 1 3 1 1 1 1 1 3 1 3 1 3 1 1 1 1 1 1 1 1 1 1 1 1 1 1 1 1 1 1 1 1 1 1 1 1 1 100 1 1 1 1 1 1 1 1 1 1 1 1 1 1 1 1 1 1 1 1 1 1 1 1 1 1 1 1 1 1 1 1 1 1 1 1 1 1 1 1 1 1 1 1 1 1 1 1 1 1 1 1 1 1 1 1 1 1 1 1 1 1 1 1 1 1 1 1 1 1 1 1 1 1 1 1 1 1 1 1 1 1 1 1 100 1 1 1 1 1 1 1 1 1 1 1 7 1 1 1 1 1 1 1 1 1 1 1 1 1 1 1 1 1 1 1 1 1 1 1 1 1 1 1 1 1 1 1 1 1 1 1 1 1 1 1 1 1 1 1 1 1 1 1 1 1 1 1 1 1 1 1 1 1 1 1 1 1 1 1 1 1 1 1 1 1 1 1 1 1 1 1 1 1 1 1 1 1 1 1 1 1 1 1 1 1 1 1 1 1 1 1 1 1 1 1 1 1 1 1 1 1 1 1 1 1 1 1 1 1 1 1 1 1 1 1 1 1 1 1 1 1 1 1 1 1 1 1 1 1 1 1 1 1 1 1 1 1 1 1 1 1 1 1 1 1 1 1 1 1 1 1 1 1 1 1 1 1 1 1 1 1 1 1 1 1 1 1 1 1 1 1 1 1 1 1 1 1 1 1 1 1 1 1 1 1 1 1 1 1 1 1 1 1 1 1 1 1 1 1 1 1 1 1 1 1 1 1 1 1 1 1 1 1 1 1 1 1 1 1 100 1 100 1 100 1 100 1 100 1 100 1 100 1 100 1 100 1 1 1 1 1 1 1 1 1 1 1 1 1 1 1 1 1 1 1 1 1 1 1 1 1 1 1 1 1 1 1 1 1 1 1 1 1 1 1 1 1 1 1 1 1 1 1 1 1 1 1 1 1 1 1 1 1 1
staticfield java/util/concurrent/ConcurrentHashMap NCPU I 16
staticfield java/util/concurrent/ConcurrentHashMap serialPersistentFields [Ljava/io/ObjectStreamField; 3 [Ljava/io/ObjectStreamField;
staticfield java/util/concurrent/ConcurrentHashMap U Ljdk/internal/misc/Unsafe; jdk/internal/misc/Unsafe
staticfield java/util/concurrent/ConcurrentHashMap SIZECTL J 20
staticfield java/util/concurrent/ConcurrentHashMap TRANSFERINDEX J 32
staticfield java/util/concurrent/ConcurrentHashMap BASECOUNT J 24
staticfield java/util/concurrent/ConcurrentHashMap CELLSBUSY J 36
staticfield java/util/concurrent/ConcurrentHashMap CELLVALUE J 144
staticfield java/util/concurrent/ConcurrentHashMap ABASE I 16
staticfield java/util/concurrent/ConcurrentHashMap ASHIFT I 2
ciInstanceKlass java/util/concurrent/ConcurrentMap 1 1 208 11 7 12 1 1 1 10 100 12 1 1 11 12 1 1 11 100 12 1 1 1 11 7 12 1 1 1 11 12 1 1 100 1 11 12 1 11 12 1 100 1 11 100 12 1 1 1 18 12 1 11 12 1 1 11 100 12 1 1 11 12 1 1 11 100 12 1 11 12 1 1 11 12 1 1 7 1 7 1 1 1 1 1 1 1 1 1 1 1 1 1 1 1 1 1 1 1 1 1 1 1 1 1 1 1 1 1 1 1 1 1 1 1 1 1 1 1 1 1 1 1 1 1 1 1 1 1 1 1 1 1 1 1 1 1 1 1 1 16 15 11 12 15 10 100 12 1 1 1 1 1 100 1 100 1 1 1 100 1 8 1 1 12 10 1 1 1 8 1 1 1 8 1 1 8 1 1 1 8 1 1 1 8 1 1 1 8 1 1 1 8 1 1 1 8 1 1 1 8 1 1 1 8 1 1 8 1
instanceKlass sun/font/AttributeMap
instanceKlass java/text/AttributedString$AttributeMap
instanceKlass sun/awt/SoftCache
instanceKlass java/util/concurrent/ConcurrentSkipListMap
instanceKlass java/util/TreeMap
instanceKlass java/util/IdentityHashMap
instanceKlass java/util/EnumMap
instanceKlass java/util/WeakHashMap
instanceKlass java/util/Collections$EmptyMap
instanceKlass sun/util/PreHashedMap
instanceKlass java/util/HashMap
instanceKlass java/util/ImmutableCollections$AbstractImmutableMap
instanceKlass java/util/concurrent/ConcurrentHashMap
ciInstanceKlass java/util/AbstractMap 1 1 196 10 7 12 1 1 1 10 7 12 1 1 1 11 7 12 1 1 1 10 11 12 1 1 11 7 12 1 1 1 11 12 1 1 7 1 11 12 1 10 12 1 1 11 12 1 100 1 10 11 12 1 11 7 1 10 12 1 1 11 12 1 9 12 1 1 100 1 10 12 1 9 12 1 1 100 1 10 11 11 12 1 1 11 12 1 7 1 100 1 11 12 1 8 1 7 1 10 10 12 1 1 8 1 10 12 1 10 12 1 1 10 12 1 1 1 1 1 1 1 1 1 1 1 1 1 1 1 1 1 1 1 1 1 1 1 1 1 1 1 1 1 1 1 1 1 1 1 1 1 1 1 1 7 1 1 1 1 1 1 1 7 1 1 1 1 1 1 1 1 1 100 1 1 1 1 1 1 1 1 1 100 1 100 1 100 1 100 1 100 1 1 1 1 1 1
ciInstanceKlass jdk/internal/loader/ClassLoaders 1 1 183 10 7 12 1 1 1 10 7 12 1 1 1 10 12 1 1 10 100 12 1 1 1 9 7 12 1 1 1 9 12 1 1 9 12 1 1 7 1 11 100 12 1 1 1 100 1 11 12 1 1 11 12 1 1 10 100 12 1 1 1 10 100 12 1 1 1 100 1 100 1 10 7 12 1 1 1 9 12 1 1 10 12 1 1 7 1 10 12 1 1 10 12 1 7 1 8 1 10 7 12 1 1 1 10 12 1 1 7 1 10 12 1 10 12 1 10 12 1 8 1 10 7 12 1 1 8 1 8 1 10 12 1 7 1 10 12 1 10 12 1 10 12 1 1 1 1 1 1 1 1 1 1 1 1 1 1 1 1 1 1 1 1 7 1 1 1 1 1 1 1 1 1 1 1 1 1 1 1 1 1 1 1
staticfield jdk/internal/loader/ClassLoaders JLA Ljdk/internal/access/JavaLangAccess; java/lang/System$2
staticfield jdk/internal/loader/ClassLoaders BOOT_LOADER Ljdk/internal/loader/ClassLoaders$BootClassLoader; jdk/internal/loader/ClassLoaders$BootClassLoader
staticfield jdk/internal/loader/ClassLoaders PLATFORM_LOADER Ljdk/internal/loader/ClassLoaders$PlatformClassLoader; jdk/internal/loader/ClassLoaders$PlatformClassLoader
staticfield jdk/internal/loader/ClassLoaders APP_LOADER Ljdk/internal/loader/ClassLoaders$AppClassLoader; jdk/internal/loader/ClassLoaders$AppClassLoader
instanceKlass jdk/internal/loader/ClassLoaders$BootClassLoader
instanceKlass jdk/internal/loader/ClassLoaders$PlatformClassLoader
instanceKlass jdk/internal/loader/ClassLoaders$AppClassLoader
ciInstanceKlass jdk/internal/loader/BuiltinClassLoader 1 1 737 9 7 12 1 1 1 10 7 12 1 1 1 10 7 12 1 1 1 9 12 1 1 9 12 1 1 7 1 10 12 1 9 12 1 10 12 1 9 12 1 10 7 12 1 1 1 10 7 12 1 1 1 10 7 12 1 1 1 11 7 12 1 1 1 7 1 7 1 10 10 12 1 1 8 1 10 12 1 10 12 7 1 10 12 1 10 12 1 1 11 7 12 1 1 1 11 7 12 1 1 1 11 12 1 1 7 1 8 1 8 1 10 9 12 1 1 10 7 12 1 1 11 12 1 1 10 12 1 1 10 12 1 1 10 12 1 1 10 7 12 1 1 1 10 12 1 10 7 12 1 1 1 10 12 1 1 11 7 12 1 1 1 10 7 12 1 1 7 1 10 7 12 1 1 1 10 12 1 100 1 8 1 10 12 1 1 10 8 1 10 12 1 1 10 12 1 1 10 12 1 1 11 7 12 1 1 11 12 1 7 1 10 11 12 1 1 11 10 12 1 1 7 1 10 12 1 10 7 12 1 10 12 1 7 1 10 12 1 10 7 12 1 1 1 100 1 10 12 1 1 11 12 1 100 1 100 1 10 12 1 10 12 1 1 100 1 100 1 10 12 1 10 12 1 18 12 1 1 10 12 1 10 12 1 1 18 100 1 10 7 12 1 1 1 7 1 10 10 12 1 1 10 12 1 1 10 12 1 1 10 12 1 9 12 1 1 100 1 10 10 12 1 1 10 12 1 1 10 12 1 10 12 10 12 1 1 10 12 1 1 10 12 1 1 10 12 1 10 12 1 1 18 12 1 7 1 10 12 1 1 10 12 1 10 12 1 1 10 12 1 100 1 10 12 1 7 1 10 12 1 10 7 12 1 1 1 10 12 1 11 12 1 7 1 10 12 1 7 1 100 1 10 12 1 10 12 1 11 12 1 1 10 12 1 1 10 12 1 1 10 12 1 1 10 12 1 1 10 12 1 10 12 1 10 12 1 10 12 1 8 1 10 12 1 1 10 7 12 1 1 10 12 1 100 1 8 1 8 1 10 10 12 1 8 1 8 1 10 7 12 1 1 1 11 7 12 1 1 1 9 7 12 1 1 1 10 7 12 1 1 1 9 12 1 9 12 1 9 12 1 9 12 1 9 12 1 9 12 1 10 7 12 1 1 1 8 1 10 12 1 7 1 10 12 1 1 10 12 1 7 1 10 11 12 1 1 10 12 10 12 1 10 12 1 100 1 10 12 1 10 12 1 10 10 12 1 10 7 12 1 1 8 1 10 7 12 1 1 10 12 1 1 1 1 1 1 1 1 1 1 1 1 1 1 1 1 1 1 1 1 1 1 1 1 1 1 1 1 1 1 1 1 1 1 1 1 1 1 1 1 1 1 1 1 1 1 1 1 1 1 1 1 1 1 1 1 7 1 1 1 1 1 1 1 1 1 1 1 1 1 1 1 1 1 1 7 1 7 1 1 1 1 1 1 1 1 1 1 1 1 1 1 1 1 1 1 1 1 1 1 1 1 1 1 1 1 1 1 1 1 1 1 1 1 1 1 1 1 1 1 1 1 1 1 1 1 1 1 1 100 1 1 16 15 10 12 16 15 10 12 16 15 10 12 16 1 15 10 100 12 1 1 1 1 1 100 1 1 1 1 1 100 1 100 1 1
staticfield jdk/internal/loader/BuiltinClassLoader packageToModule Ljava/util/Map; java/util/concurrent/ConcurrentHashMap
staticfield jdk/internal/loader/BuiltinClassLoader $assertionsDisabled Z 1
ciInstanceKlass jdk/internal/loader/ClassLoaders$AppClassLoader 1 1 119 8 1 10 7 12 1 1 1 10 7 12 1 1 1 10 7 12 1 1 1 10 12 1 1 10 7 12 1 1 1 10 12 1 1 10 12 1 1 7 1 8 1 10 12 10 7 12 1 1 1 10 7 12 1 1 10 12 1 1 10 12 1 1 10 7 12 1 1 1 7 1 10 12 1 1 1 1 1 1 1 1 1 1 1 1 1 1 1 1 1 1 1 1 1 7 1 1 1 1 1 1 1 1 1 1 1 1 1 1 1 1 1 1 1 7 1 1 1
ciInstanceKlass jdk/internal/loader/ClassLoaders$PlatformClassLoader 1 1 42 8 1 10 7 12 1 1 1 10 7 12 1 1 1 7 1 10 12 1 7 1 1 1 1 1 1 1 1 1 1 1 1 1 1 7 1 1 1 100 1 1
ciInstanceKlass java/lang/ArithmeticException 1 1 26 10 100 12 1 1 1 10 12 1 100 1 1 1 1 5 0 1 1 1 1 1 1 1 1 1
ciInstanceKlass java/lang/ArrayStoreException 1 1 26 10 100 12 1 1 1 10 12 1 100 1 1 1 1 5 0 1 1 1 1 1 1 1 1 1
ciInstanceKlass java/lang/ClassCastException 1 1 26 10 100 12 1 1 1 10 12 1 100 1 1 1 1 5 0 1 1 1 1 1 1 1 1 1
ciInstanceKlass java/lang/ClassNotFoundException 1 1 96 7 1 10 7 12 1 1 1 10 12 1 10 12 1 1 10 100 12 1 1 1 8 1 10 100 12 1 1 1 10 7 12 1 1 10 100 12 1 1 1 10 100 12 1 1 1 10 12 1 1 7 1 10 12 1 9 12 1 1 1 1 1 5 0 1 1 1 1 1 1 1 1 1 1 1 1 1 1 1 1 1 1 100 1 1 1 1 1 1 1 1 1 1 1 1
staticfield java/lang/ClassNotFoundException serialPersistentFields [Ljava/io/ObjectStreamField; 1 [Ljava/io/ObjectStreamField;
ciInstanceKlass java/lang/IllegalMonitorStateException 1 1 26 10 100 12 1 1 1 10 12 1 100 1 1 1 1 5 0 1 1 1 1 1 1 1 1 1
ciInstanceKlass java/lang/BootstrapMethodError 0 0 45 10 100 12 1 1 1 10 12 1 10 12 1 10 100 12 1 1 1 10 100 12 1 1 1 1 1 1 5 0 1 1 1 1 1 1 1 1 1 1 1 100 1 1 1
instanceKlass java/lang/UnsatisfiedLinkError
instanceKlass java/lang/IncompatibleClassChangeError
instanceKlass java/lang/BootstrapMethodError
instanceKlass java/lang/NoClassDefFoundError
ciInstanceKlass java/lang/LinkageError 1 1 31 10 7 12 1 1 1 10 12 1 10 12 1 100 1 1 1 1 5 0 1 1 1 1 1 1 1 1 1 1 1
ciInstanceKlass java/lang/NullPointerException 1 1 52 10 7 12 1 1 1 10 12 1 9 7 12 1 1 1 10 12 1 1 9 12 1 1 10 12 1 1 10 12 1 1 1 1 5 0 1 1 1 1 1 1 1 1 100 1 100 1 100 1 1 1
ciInstanceKlass java/lang/NoClassDefFoundError 0 0 26 10 100 12 1 1 1 10 12 1 100 1 1 1 1 5 0 1 1 1 1 1 1 1 1 1
ciInstanceKlass java/lang/StackOverflowError 1 1 26 10 100 12 1 1 1 10 12 1 100 1 1 1 1 5 0 1 1 1 1 1 1 1 1 1
ciInstanceKlass java/lang/StackTraceElement 1 1 235 10 7 12 1 1 1 10 7 12 1 1 9 12 1 1 9 12 1 1 9 12 1 9 12 1 8 1 10 100 12 1 1 1 7 1 9 12 1 8 1 9 12 1 9 12 1 9 12 1 1 10 12 1 1 10 12 1 8 1 10 7 12 1 1 1 7 1 10 12 1 10 12 1 1 10 12 1 10 12 1 1 10 12 1 10 12 1 10 10 12 1 8 1 10 12 1 10 12 1 1 10 12 1 1 10 12 1 10 12 1 10 12 1 9 12 1 1 10 7 12 1 1 1 10 12 1 1 7 1 10 12 1 1 10 7 12 1 1 10 7 12 1 1 1 10 7 12 1 1 10 7 12 1 1 10 10 12 1 1 10 12 1 1 10 12 1 1 10 12 1 7 1 1 1 1 1 1 1 3 1 3 1 1 5 0 1 1 1 1 1 1 1 1 1 1 1 1 1 1 1 1 1 1 1 1 1 1 1 1 1 1 1 1 1 7 1 7 1 1 1 1 1 1 1 100 1 1 1 1 1 1 1 1 1
instanceKlass java/util/concurrent/locks/AbstractQueuedSynchronizer
ciInstanceKlass java/util/concurrent/locks/AbstractOwnableSynchronizer 1 1 32 10 7 12 1 1 1 9 7 12 1 1 1 100 1 1 1 1 5 0 1 1 1 1 1 1 1 1 1 1 1 1
ciInstanceKlass jdk/internal/vm/Continuation 0 0 549 9 100 12 1 1 1 9 12 1 9 12 1 100 1 7 1 10 12 1 1 8 1 10 12 1 1 10 12 1 10 12 1 1 10 12 1 9 7 12 1 1 1 11 100 12 1 1 1 10 7 1 9 12 1 1 9 12 1 1 10 8 1 10 12 1 9 12 1 1 10 11 12 1 1 100 1 10 100 12 1 1 1 10 12 1 1 10 12 1 10 12 1 1 11 12 1 1 9 12 1 1 10 12 1 1 18 12 1 1 10 7 12 1 1 1 100 1 10 12 1 11 100 12 1 1 1 10 12 1 9 12 1 10 12 1 1 100 1 8 1 10 12 1 10 12 1 1 9 12 1 1 11 12 1 1 9 12 1 1 8 1 10 11 12 1 1 11 12 1 1 10 12 1 1 10 12 1 1 9 12 1 10 12 1 10 10 12 1 8 1 10 12 1 8 1 8 1 10 7 12 1 1 1 10 7 12 1 1 1 10 12 1 9 12 1 11 12 1 7 1 10 12 1 10 12 1 1 9 12 1 1 7 1 10 12 1 1 9 12 1 1 10 12 1 10 12 1 11 7 12 1 1 10 7 1 10 12 1 8 1 9 12 1 10 12 1 1 9 12 1 1 10 7 12 1 1 8 1 8 1 8 1 8 1 10 12 1 1 10 12 1 10 12 1 10 12 1 10 12 1 1 10 12 1 1 8 1 10 12 1 1 9 12 1 1 10 12 1 1 9 12 1 8 1 10 7 12 1 1 1 10 12 1 8 1 100 1 8 1 10 9 12 1 1 8 1 10 7 12 1 1 10 100 12 1 1 8 1 8 1 10 12 10 100 12 1 1 1 10 7 1 10 7 12 1 1 1 18 11 100 12 1 1 1 18 12 1 11 12 1 1 7 1 10 7 12 1 1 10 12 1 1 8 10 12 1 1 10 100 12 1 1 1 10 100 12 1 1 10 12 1 8 1 10 12 1 7 1 7 1 10 12 1 1 1 1 1 1 1 1 1 1 1 1 1 1 1 1 1 1 1 1 1 1 1 1 1 1 1 1 1 1 1 1 1 1 1 1 1 1 1 1 1 1 1 1 1 1 1 1 1 1 1 1 1 1 1 1 1 1 1 1 1 1 1 1 1 1 1 1 1 1 1 1 1 1 1 100 1 1 16 1 15 10 12 16 15 11 7 12 1 1 1 16 1 16 1 15 10 12 16 15 10 100 12 1 1 1 1 1 1 1 1 100 1 100 1 1
ciInstanceKlass jdk/internal/misc/UnsafeConstants 1 1 34 10 100 12 1 1 1 9 7 12 1 1 1 9 12 1 9 12 1 1 9 12 1 9 12 1 1 1 1 1 1 1 1 1
staticfield jdk/internal/misc/UnsafeConstants ADDRESS_SIZE0 I 8
staticfield jdk/internal/misc/UnsafeConstants PAGE_SIZE I 4096
staticfield jdk/internal/misc/UnsafeConstants BIG_ENDIAN Z 0
staticfield jdk/internal/misc/UnsafeConstants UNALIGNED_ACCESS Z 1
staticfield jdk/internal/misc/UnsafeConstants DATA_CACHE_LINE_FLUSH_SIZE I 0
ciInstanceKlass java/lang/invoke/LambdaForm 1 1 1059 7 1 100 1 10 7 12 1 1 1 9 12 1 1 9 12 1 9 12 1 9 12 1 1 9 12 1 1 9 12 1 1 9 12 1 1 9 12 1 1 9 12 1 10 7 12 1 1 9 12 1 10 12 1 1 100 1 10 10 12 1 1 10 12 1 10 12 1 10 12 1 1 10 12 1 9 12 1 9 12 1 10 12 1 1 10 7 12 1 1 1 10 12 1 1 9 100 12 1 1 1 10 12 1 1 9 7 12 1 1 10 12 1 10 12 1 1 10 12 1 1 10 12 1 1 7 1 10 7 12 1 1 1 10 12 1 1 10 12 1 10 12 1 1 9 12 1 1 9 12 1 9 12 1 1 10 12 1 9 12 1 10 100 12 1 1 1 10 12 1 1 7 1 10 12 1 9 12 1 1 10 7 12 1 1 1 10 12 1 10 12 1 7 1 10 12 1 10 12 1 10 12 1 1 10 12 1 1 10 12 1 10 12 1 10 12 1 10 12 1 1 8 1 10 12 1 10 12 1 10 10 12 1 8 1 8 1 9 12 1 9 12 1 1 10 12 1 1 10 12 1 9 12 1 10 12 1 1 10 7 12 1 1 1 10 12 1 1 10 12 1 10 12 1 10 100 12 1 1 1 9 12 1 10 12 1 8 1 8 1 8 1 8 1 8 1 8 1 8 1 8 1 10 12 1 9 12 1 7 1 10 12 1 1 9 12 1 10 12 1 10 12 1 1 10 12 10 12 1 10 12 1 1 10 12 1 1 10 10 12 1 1 10 12 1 1 7 1 8 1 10 12 1 1 10 12 1 10 12 1 1 10 8 1 10 12 1 1 8 1 8 1 8 1 10 12 1 10 12 1 10 12 1 1 100 1 10 12 1 1 10 12 1 1 10 7 12 1 1 1 10 12 1 1 9 12 1 1 8 1 10 100 12 1 1 1 10 7 12 1 1 10 12 10 12 1 1 10 12 1 1 9 12 1 8 10 12 1 1 100 1 10 12 1 1 10 12 1 9 7 12 1 1 9 7 12 1 1 1 8 1 10 100 12 1 1 10 12 1 1 7 1 7 1 10 10 12 1 1 10 12 1 1 8 1 8 1 7 1 8 1 10 12 10 12 1 10 12 1 10 12 1 1 8 1 8 1 10 12 1 10 12 1 1 8 1 8 1 8 1 7 1 8 1 7 1 8 1 7 1 8 1 10 12 1 8 1 9 10 7 12 1 1 1 10 12 1 9 12 1 1 10 12 1 10 10 12 1 10 12 1 10 12 1 10 12 1 1 10 12 1 10 12 1 1 10 12 1 1 10 12 1 1 10 12 1 1 8 1 100 10 12 1 10 12 1 9 12 1 1 10 7 12 1 1 8 1 8 1 7 1 8 1 8 1 8 1 8 1 8 1 8 1 8 1 8 1 10 12 1 1 10 12 1 1 10 12 1 10 12 1 10 12 1 10 12 1 8 1 8 1 8 1 10 12 1 8 1 10 12 1 8 1 8 1 8 1 8 1 8 1 10 12 1 10 12 1 10 12 1 1 10 7 12 1 1 1 10 12 1 10 12 1 10 12 1 10 12 1 10 12 1 10 12 1 10 12 1 9 12 1 1 8 1 10 12 1 1 9 12 1 1 10 12 1 1 9 12 1 9 12 1 1 9 12 1 9 12 1 1 7 1 10 7 12 1 1 1 9 12 1 10 12 1 10 12 1 8 1 10 12 1 9 12 1 1 7 1 10 7 12 1 1 1 8 1 100 1 10 12 1 9 12 1 9 12 1 10 12 1 10 12 1 10 7 12 1 1 1 10 12 1 9 7 12 1 1 10 12 1 1 10 12 1 10 12 1 10 12 1 9 12 10 12 1 10 10 12 1 9 12 1 9 9 12 1 7 9 12 1 1 10 12 1 1 9 12 1 10 12 1 10 7 1 9 1 1 1 1 3 1 3 1 1 3 1 3 1 1 1 1 1 1 1 1 1 1 1 1 1 1 1 1 1 1 1 1 1 1 1 1 1 1 1 1 1 1 1 1 1 1 1 1 1 1 1 1 1 1 1 1 1 1 1 1 1 1 1 100 1 1 1 1 1 1 1 1 1 1 1 1 1 1 1 1 1 1 1 1 1 1 1 1 1 1 1 1 1 1 1 1 1 1 1 1 1 1 1 1 1 1 1 1 1 1 1 1 1 1 1 1 1 1 1 1 1 1 1 1 1 1 100 1 1 1 1 1 1 1 1 1 1 1 1 1 1 1 1 1 1 1 1 1 1 1 1 1 1 1 1 1 1 1 1 1 1 7 1 1 1 1 1 1 1 1 1 1 1 1 1 1 1 1 1 1 1 1 1 1 100 1 1 1 100 1 1 7 1 1 1 1 1 1 1 1 1 1 1
staticfield java/lang/invoke/LambdaForm DEFAULT_CUSTOMIZED Ljava/lang/invoke/MethodHandle; null
staticfield java/lang/invoke/LambdaForm DEFAULT_KIND Ljava/lang/invoke/LambdaForm$Kind; java/lang/invoke/LambdaForm$Kind
staticfield java/lang/invoke/LambdaForm COMPILE_THRESHOLD I 0
staticfield java/lang/invoke/LambdaForm INTERNED_ARGUMENTS [[Ljava/lang/invoke/LambdaForm$Name; 5 [[Ljava/lang/invoke/LambdaForm$Name;
staticfield java/lang/invoke/LambdaForm IMPL_NAMES Ljava/lang/invoke/MemberName$Factory; java/lang/invoke/MemberName$Factory
staticfield java/lang/invoke/LambdaForm LF_identity [Ljava/lang/invoke/LambdaForm; 6 [Ljava/lang/invoke/LambdaForm;
staticfield java/lang/invoke/LambdaForm LF_zero [Ljava/lang/invoke/LambdaForm; 6 [Ljava/lang/invoke/LambdaForm;
staticfield java/lang/invoke/LambdaForm NF_identity [Ljava/lang/invoke/LambdaForm$NamedFunction; 6 [Ljava/lang/invoke/LambdaForm$NamedFunction;
staticfield java/lang/invoke/LambdaForm NF_zero [Ljava/lang/invoke/LambdaForm$NamedFunction; 6 [Ljava/lang/invoke/LambdaForm$NamedFunction;
staticfield java/lang/invoke/LambdaForm createFormsLock Ljava/lang/Object; java/lang/Object
staticfield java/lang/invoke/LambdaForm DEBUG_NAME_COUNTERS Ljava/util/HashMap; null
staticfield java/lang/invoke/LambdaForm DEBUG_NAMES Ljava/util/HashMap; null
staticfield java/lang/invoke/LambdaForm TRACE_INTERPRETER Z 0
staticfield java/lang/invoke/LambdaForm $assertionsDisabled Z 1
ciInstanceKlass java/lang/invoke/MemberName 1 1 724 7 1 7 1 100 1 9 12 1 1 10 7 12 1 1 1 9 12 1 1 10 12 1 1 10 12 1 1 10 12 1 1 10 12 1 10 12 1 1 10 7 12 1 1 1 10 12 1 9 7 12 1 1 10 12 1 7 1 7 1 10 12 1 8 1 10 12 1 1 10 12 1 10 12 1 1 10 12 1 9 12 1 1 8 1 10 100 12 1 1 1 7 1 10 10 12 1 1 7 1 7 1 10 12 1 9 12 1 1 100 1 8 1 10 12 1 10 12 1 10 12 1 10 12 1 10 12 1 1 10 12 1 10 12 1 10 12 1 1 8 1 8 1 10 12 1 8 1 9 12 1 1 3 10 12 1 10 12 1 10 12 1 10 10 7 12 1 1 1 10 12 1 10 12 1 10 12 1 10 12 1 7 1 8 10 12 1 1 10 12 1 1 8 1 9 7 1 8 9 7 1 10 12 1 1 10 12 1 10 12 1 8 1 10 12 1 1 10 12 1 10 12 1 10 12 1 10 12 1 1 7 1 10 12 1 1 10 12 1 8 1 10 12 1 10 12 1 8 1 10 12 1 1 10 12 1 1 7 1 10 12 1 1 10 12 8 1 8 1 7 1 10 12 1 10 100 12 1 1 1 100 1 10 12 10 12 1 10 12 1 10 12 1 10 12 1 10 10 12 1 10 12 1 10 12 1 3 10 12 1 3 10 12 1 3 3 3 3 3 3 10 12 1 3 9 12 1 10 12 1 1 3 10 12 1 10 10 7 12 1 1 1 10 12 1 1 10 7 12 1 1 10 10 12 1 10 12 1 1 10 12 1 10 10 12 1 1 10 12 1 10 12 1 10 12 1 7 1 10 10 10 12 100 1 10 10 10 12 1 1 10 12 1 1 10 10 12 1 8 10 7 1 10 12 1 10 7 1 10 12 1 10 12 1 10 12 1 10 10 12 1 10 12 1 1 10 12 1 1 10 12 1 10 12 1 10 12 1 100 1 10 12 1 1 100 1 8 1 10 7 1 10 12 1 10 12 10 12 1 1 10 12 1 10 12 1 8 1 8 1 8 1 8 1 10 12 1 10 12 1 10 7 12 1 1 1 8 1 8 1 10 12 1 8 1 10 10 10 12 1 10 12 1 8 1 8 1 10 10 12 1 8 1 10 100 12 1 1 1 8 1 100 1 10 12 1 10 12 1 1 10 12 1 8 1 8 1 8 1 8 1 100 1 10 8 1 8 1 8 1 8 1 10 12 1 100 1 100 1 100 1 10 100 1 10 7 1 10 7 12 1 1 1 9 7 12 1 1 1 7 1 7 1 1 1 1 1 1 1 3 1 3 1 3 1 3 1 3 1 3 1 1 1 1 1 1 1 1 3 1 3 1 1 1 1 1 1 1 1 1 1 1 1 1 1 1 1 1 1 1 1 1 1 1 1 1 1 1 1 1 1 1 1 1 1 1 1 1 1 1 1 1 1 1 1 1 1 1 1 1 1 1 1 1 1 1 1 1 1 1 1 1 1 1 1 1 1 1 1 1 1 1 1 1 1 1 1 1 1 1 1 1 1 1 1 1 1 1 1 1 1 1 1 1 1 1 1 7 1 1 1 1 1 1 1 1 1 1 1 1 1 1 1
staticfield java/lang/invoke/MemberName $assertionsDisabled Z 1
instanceKlass java/lang/invoke/VarHandleLongs$FieldInstanceReadOnly
instanceKlass java/lang/invoke/VarHandleReferences$FieldStaticReadOnly
instanceKlass java/lang/invoke/VarHandleByteArrayAsDoubles$ByteArrayViewVarHandle
instanceKlass java/lang/invoke/VarHandleByteArrayAsLongs$ByteArrayViewVarHandle
instanceKlass java/lang/invoke/VarHandleByteArrayAsFloats$ByteArrayViewVarHandle
instanceKlass java/lang/invoke/VarHandleByteArrayAsInts$ByteArrayViewVarHandle
instanceKlass java/lang/invoke/VarHandleByteArrayAsChars$ByteArrayViewVarHandle
instanceKlass java/lang/invoke/VarHandleByteArrayAsShorts$ByteArrayViewVarHandle
instanceKlass java/lang/invoke/VarHandleBooleans$FieldInstanceReadOnly
instanceKlass java/lang/invoke/VarHandleReferences$FieldInstanceReadOnly
instanceKlass java/lang/invoke/VarHandleInts$FieldInstanceReadOnly
ciInstanceKlass java/lang/invoke/VarHandle 1 1 473 10 7 12 1 1 1 10 7 12 1 1 9 12 1 1 9 12 1 1 100 1 10 8 1 10 12 1 1 10 7 12 1 1 1 10 12 1 1 10 7 12 1 1 1 9 100 12 1 1 1 10 12 1 1 10 7 12 1 1 1 10 12 1 1 9 12 1 10 12 1 9 12 1 1 10 100 12 1 1 10 12 1 9 100 12 1 1 1 9 12 1 1 10 12 1 1 100 1 7 1 10 8 1 10 12 1 1 10 12 1 8 1 10 12 1 10 12 1 9 12 1 1 9 12 1 10 12 1 10 12 1 1 10 12 1 10 10 100 12 1 1 1 10 12 1 1 10 12 1 1 10 7 12 1 1 1 10 100 12 1 1 1 10 100 12 1 1 1 9 12 1 1 9 10 12 1 10 12 1 10 12 1 1 10 12 1 10 7 12 1 1 1 9 12 1 1 10 12 1 1 9 12 1 10 12 1 10 12 1 10 7 12 1 1 100 1 10 9 7 12 1 1 1 9 12 1 1 10 7 12 1 1 1 10 12 1 10 12 1 10 12 1 10 12 1 10 12 1 10 12 1 1 8 10 12 1 1 7 1 10 12 1 1 7 1 1 1 1 1 1 1 1 1 1 1 1 1 1 1 1 1 1 1 1 1 1 1 1 1 1 1 1 1 1 1 1 1 1 1 1 1 1 1 1 1 1 1 1 1 1 1 1 1 1 1 1 1 1 1 1 1 1 1 1 1 1 1 1 1 1 1 1 100 1 1 1 1 1 1 1 1 100 1 1 1 1 1 1 1 1 1 1 1 1 100 1 100 1 1 100 1 100 1 100 1 100 1 100 1 100 1 100 1 100 1 100 1 100 1 100 1 100 1 100 1 100 1 100 1 100 1 100 1 100 1 100 1 100 1 100 1 100 1 100 1 100 1 100 1 100 1 100 1 100 1 100 1 100 1 100 1 100 1 100 1 100 1 100 1 1 1 1 1 1 100 1 1 1 100 1 1 100 1 100 1 100 1 100 1 100 1 100 1 1 1 1 100 1 100 1 100 1 100 1 100 1 100 1 100 1 100 1
staticfield java/lang/invoke/VarHandle VFORM_OFFSET J 16
staticfield java/lang/invoke/VarHandle $assertionsDisabled Z 1
instanceKlass jdk/internal/reflect/FieldAccessorImpl
instanceKlass jdk/internal/reflect/ConstructorAccessorImpl
instanceKlass jdk/internal/reflect/MethodAccessorImpl
ciInstanceKlass jdk/internal/reflect/MagicAccessorImpl 1 1 16 10 7 12 1 1 1 100 1 1 1 1 1 1 1 1
instanceKlass jdk/internal/reflect/DirectMethodHandleAccessor
ciInstanceKlass jdk/internal/reflect/MethodAccessorImpl 1 1 38 10 7 12 1 1 1 10 100 12 1 1 1 100 1 1 1 1 1 1 1 100 1 100 1 1 1 1 1 1 1 1 1 1 1 1 1 1
ciInstanceKlass jdk/internal/reflect/MethodAccessor 1 0 17 100 1 100 1 1 1 1 100 1 100 1 1 1 1 1 1
instanceKlass jdk/internal/reflect/DirectConstructorHandleAccessor$NativeAccessor
instanceKlass jdk/internal/reflect/DirectConstructorHandleAccessor
instanceKlass jdk/internal/reflect/NativeConstructorAccessorImpl
ciInstanceKlass jdk/internal/reflect/ConstructorAccessorImpl 1 1 27 10 7 12 1 1 1 100 1 100 1 1 1 1 1 1 1 1 1 100 1 100 1 100 1 1 1
ciInstanceKlass jdk/internal/reflect/ConstructorAccessor 1 0 16 100 1 100 1 1 1 1 100 1 100 1 100 1 1 1
ciInstanceKlass jdk/internal/reflect/DelegatingClassLoader 0 0 18 10 100 12 1 1 1 100 1 1 1 1 1 1 1 1 1 1
ciInstanceKlass jdk/internal/reflect/CallerSensitive 0 0 17 100 1 100 1 100 1 1 1 1 1 1 1 1 1 1 1
ciInstanceKlass jdk/internal/reflect/NativeConstructorAccessorImpl 0 0 125 10 7 12 1 1 1 9 7 12 1 1 1 100 1 10 12 1 9 12 1 1 9 12 1 1 10 100 12 1 1 1 10 7 12 1 1 1 10 7 12 1 1 1 9 12 1 9 12 1 1 9 12 1 1 10 7 12 1 1 1 100 1 10 10 12 1 1 10 12 1 10 12 1 1 10 12 1 7 1 10 12 1 1 10 12 1 1 8 10 12 1 1 1 1 1 1 1 1 1 1 1 1 1 1 1 1 1 1 1 1 1 1 100 1 100 1 100 1 1 1 1 1 1 1
ciInstanceKlass jdk/internal/reflect/ConstantPool 1 1 142 10 7 12 1 1 1 9 7 12 1 1 1 10 12 1 1 10 12 1 1 10 12 1 10 12 1 1 10 12 1 1 10 12 1 10 12 1 1 10 12 1 10 12 1 1 10 12 1 10 12 1 10 12 1 10 12 1 1 10 12 1 1 10 12 1 1 10 12 1 1 10 12 1 10 12 1 1 10 100 12 1 1 1 8 11 7 12 1 1 1 10 7 12 1 1 1 1 1 1 1 1 1 1 1 1 1 1 1 1 1 1 1 1 1 1 1 1 1 1 1 1 1 1 1 1 1 1 1 1 1 1 1 1 1 1 1 1 1 1 1 1
ciInstanceKlass jdk/internal/reflect/UnsafeStaticFieldAccessorImpl 0 0 47 10 7 12 1 1 1 9 7 12 1 1 1 10 7 12 1 1 1 9 12 1 1 8 11 100 12 1 1 1 10 100 12 1 1 1 1 1 1 1 1 1 1 1 1 1 1
ciInstanceKlass jdk/internal/reflect/FieldAccessor 1 0 48 100 1 100 1 1 1 1 100 1 1 1 1 1 1 1 1 1 1 1 1 1 1 1 1 1 1 1 100 1 1 1 1 1 1 1 1 1 1 1 1 1 1 1 1 1 1 1
instanceKlass jdk/internal/reflect/MethodHandleFieldAccessorImpl
instanceKlass jdk/internal/reflect/UnsafeFieldAccessorImpl
ciInstanceKlass jdk/internal/reflect/FieldAccessorImpl 1 1 269 10 7 12 1 1 1 9 7 12 1 1 1 10 7 12 1 1 1 10 7 12 1 1 10 7 12 1 1 1 10 12 1 1 7 1 10 10 12 1 1 10 12 1 1 8 1 10 10 12 1 100 1 8 1 10 12 1 8 1 10 12 1 8 1 10 12 1 100 1 10 12 1 1 10 8 1 10 12 1 1 8 1 10 7 12 1 1 8 1 10 7 12 1 1 8 1 10 7 12 1 1 8 1 10 7 12 1 1 8 1 10 7 12 1 1 8 1 10 7 12 1 1 8 1 10 7 12 1 1 8 1 10 7 12 1 1 10 12 1 1 8 1 10 12 1 1 10 100 12 1 1 1 8 1 10 12 1 8 1 8 1 8 1 8 1 10 7 12 1 1 1 8 1 8 1 8 1 10 12 7 1 1 1 1 1 1 1 1 1 1 1 1 1 1 1 1 1 1 1 1 1 1 1 1 1 1 1 1 1 1 1 1 1 1 1 1 1 1 1 1 1 1 1 1 1 1 1 1 1 1 1 1 1 1 1 1 1 1 1 1 1 1 1 1 1 1 1 1 1 1 1 1 1 1 1 1 1 1 1 1 1 1 1 1 1 1 1 1
instanceKlass jdk/internal/reflect/UnsafeStaticFieldAccessorImpl
ciInstanceKlass jdk/internal/reflect/UnsafeFieldAccessorImpl 0 0 62 10 100 12 1 1 1 10 100 12 1 1 1 10 100 12 1 1 1 9 100 12 1 1 10 12 1 9 12 1 1 10 100 12 1 1 1 9 12 1 1 10 12 1 10 12 1 1 1 1 1 1 1 1 1 1 1 1 1 1 1 1
instanceKlass java/lang/invoke/VolatileCallSite
instanceKlass java/lang/invoke/MutableCallSite
instanceKlass java/lang/invoke/ConstantCallSite
ciInstanceKlass java/lang/invoke/CallSite 1 1 307 10 7 12 1 1 1 10 7 12 1 1 1 9 7 12 1 1 1 10 12 1 1 9 12 1 1 10 7 12 1 1 1 10 12 1 7 1 10 12 1 1 10 12 1 1 9 100 12 1 1 1 10 7 12 1 1 10 12 1 1 100 1 7 1 10 10 7 12 1 1 1 10 12 1 1 8 1 10 12 1 10 12 1 1 10 12 1 10 12 1 1 10 12 1 1 10 10 100 12 1 1 10 12 1 1 9 12 1 9 100 12 1 1 1 8 1 10 7 12 1 1 1 10 12 1 1 7 1 10 12 1 1 9 12 1 8 1 100 1 10 12 1 10 12 1 100 1 8 1 10 10 12 1 10 12 1 1 100 1 10 12 1 1 10 12 1 10 12 1 10 12 1 1 10 12 1 1 9 12 1 1 8 10 12 1 1 9 12 1 1 100 1 10 10 12 1 10 7 12 1 1 1 10 12 1 1 10 12 1 1 10 12 1 10 7 12 1 1 1 7 1 8 1 10 10 12 10 12 1 1 7 1 7 1 7 1 8 1 10 12 1 10 7 12 1 1 1 1 1 1 1 1 1 1 1 1 1 1 1 1 1 1 1 1 1 1 1 1 1 1 1 1 1 1 1 1 1 1 1 1 1 1 1 1 1 1 1 1 1 1 1 1 1 1 1 1 1 1 1 7 1 7 1 1 1 1
staticfield java/lang/invoke/CallSite $assertionsDisabled Z 1
ciInstanceKlass java/lang/invoke/ConstantCallSite 1 1 65 10 7 12 1 1 1 9 7 12 1 1 1 9 12 1 1 10 7 12 1 1 1 10 12 1 100 1 10 12 9 12 1 1 100 1 10 10 12 1 1 10 12 1 1 1 1 1 1 1 1 1 1 1 1 1 100 1 1 1 1 1 1 1 1
staticfield java/lang/invoke/ConstantCallSite UNSAFE Ljdk/internal/misc/Unsafe; jdk/internal/misc/Unsafe
instanceKlass java/lang/invoke/DirectMethodHandle$Special
instanceKlass java/lang/invoke/DirectMethodHandle$StaticAccessor
instanceKlass java/lang/invoke/DirectMethodHandle$Interface
instanceKlass java/lang/invoke/DirectMethodHandle$Constructor
instanceKlass java/lang/invoke/DirectMethodHandle$Accessor
ciInstanceKlass java/lang/invoke/DirectMethodHandle 1 1 923 7 1 7 1 100 1 7 1 7 1 10 7 12 1 1 1 10 7 12 1 1 1 7 1 10 12 1 10 12 1 1 10 7 12 1 1 10 12 1 1 10 12 1 10 12 1 7 1 10 12 1 1 10 12 1 1 10 12 1 10 12 1 1 10 7 12 1 1 1 10 12 1 9 12 1 1 100 1 10 9 12 1 1 9 12 1 10 12 1 10 12 1 10 12 1 1 10 12 1 10 12 1 10 12 1 10 7 12 1 1 1 10 12 1 10 12 1 1 8 1 10 12 1 1 7 1 10 12 1 7 1 10 10 12 1 10 12 1 10 12 1 10 7 12 1 1 1 10 12 1 1 7 1 10 12 1 10 12 1 7 1 10 12 1 10 12 1 1 10 12 1 1 10 12 1 8 10 7 12 1 1 1 10 12 1 10 12 1 10 12 1 1 10 12 1 9 7 12 1 1 1 7 1 10 12 1 10 7 12 1 1 1 10 12 1 10 12 1 1 9 12 1 1 7 1 10 8 1 10 12 1 1 10 12 1 1 8 1 10 12 1 10 12 1 10 10 12 1 10 12 1 10 12 1 10 12 1 10 12 1 1 10 12 1 10 12 1 1 10 12 1 10 12 1 1 10 10 7 12 1 1 1 10 12 1 10 12 1 1 10 12 1 10 12 1 1 8 1 9 7 12 1 1 1 8 1 9 12 1 9 12 1 8 1 9 12 1 9 12 1 8 1 9 12 1 9 12 1 8 1 10 12 1 10 12 1 1 9 12 1 1 7 1 10 12 1 1 7 1 10 7 12 1 1 1 10 12 1 1 10 12 1 10 12 1 1 7 1 10 12 1 1 10 12 1 10 12 1 1 7 1 10 12 1 1 10 12 1 10 7 12 1 1 1 10 12 1 10 12 1 1 10 12 1 9 12 1 1 10 7 1 9 12 9 12 1 10 7 12 1 1 1 10 12 1 7 1 7 1 7 1 9 12 1 1 10 7 12 1 1 1 10 12 10 12 1 100 1 10 12 1 10 12 1 1 8 1 9 12 1 9 12 1 10 12 1 1 9 12 1 1 10 100 12 1 1 1 9 12 1 1 9 12 1 1 10 12 1 10 12 1 10 12 1 10 12 1 1 10 12 1 9 12 1 10 12 1 10 12 1 10 12 1 10 12 1 1 10 12 1 1 9 12 1 1 10 12 1 1 9 7 12 1 1 1 9 12 1 9 12 1 9 12 1 9 12 1 9 12 1 9 12 1 9 12 1 9 12 1 9 12 1 9 12 1 9 12 1 9 12 1 9 12 1 9 12 1 9 12 1 9 12 1 9 12 1 9 12 1 9 12 1 9 12 1 9 12 1 9 12 1 9 12 1 9 12 1 9 12 1 9 12 1 9 12 1 9 12 1 9 12 1 9 12 1 9 12 1 9 12 1 9 12 1 9 12 1 9 12 1 9 12 1 8 1 9 12 1 1 9 12 1 1 10 12 1 10 12 1 1 9 7 1 10 12 1 9 12 1 1 10 12 10 12 1 10 12 1 10 12 1 10 12 1 10 8 1 8 1 8 1 8 1 10 12 1 1 9 12 1 1 10 12 1 10 100 12 1 1 1 8 9 12 1 1 10 12 1 1 8 1 8 8 9 12 1 8 1 8 8 8 8 8 1 8 10 12 1 7 1 10 12 1 8 1 8 1 10 12 1 10 12 1 10 12 1 10 12 1 1 7 1 1 1 1 3 1 3 1 3 1 3 1 3 1 3 1 3 1 3 1 3 1 3 1 1 1 1 1 1 1 1 1 1 3 1 3 1 1 1 1 3 1 1 1 1 1 1 1 1 1 1 1 1 1 1 1 1 1 1 1 1 1 1 1 1 1 1 1 1 1 1 1 1 1 1 1 1 1 1 1 1 1 1 1 1 1 1 1 1 1 1 1 1 1 1 1 1 1 100 1 1 1 1 1 1 1 1 1 100 1 1 1 1 1 1 1 1 1 1 1 1 1 1 1 1 1 1 1 1 1 1 1 1 1 1 1 1 1 1 1 1 1 1 1 1 1 1 1 1 1 1 1 1 1 1 1 1 1 1 1 1
staticfield java/lang/invoke/DirectMethodHandle IMPL_NAMES Ljava/lang/invoke/MemberName$Factory; java/lang/invoke/MemberName$Factory
staticfield java/lang/invoke/DirectMethodHandle FT_UNCHECKED_REF I 8
staticfield java/lang/invoke/DirectMethodHandle ACCESSOR_FORMS [Ljava/lang/invoke/LambdaForm; 132 [Ljava/lang/invoke/LambdaForm;
staticfield java/lang/invoke/DirectMethodHandle ALL_WRAPPERS [Lsun/invoke/util/Wrapper; 10 [Lsun/invoke/util/Wrapper;
staticfield java/lang/invoke/DirectMethodHandle NFS [Ljava/lang/invoke/LambdaForm$NamedFunction; 12 [Ljava/lang/invoke/LambdaForm$NamedFunction;
staticfield java/lang/invoke/DirectMethodHandle OBJ_OBJ_TYPE Ljava/lang/invoke/MethodType; java/lang/invoke/MethodType
staticfield java/lang/invoke/DirectMethodHandle LONG_OBJ_TYPE Ljava/lang/invoke/MethodType; java/lang/invoke/MethodType
staticfield java/lang/invoke/DirectMethodHandle $assertionsDisabled Z 1
ciInstanceKlass java/lang/invoke/MutableCallSite 0 0 63 10 100 12 1 1 1 10 12 1 9 100 12 1 1 1 10 12 1 10 12 1 1 9 12 1 1 10 100 12 1 1 1 10 100 12 1 1 1 10 12 1 1 1 1 1 1 1 1 1 1 1 1 1 1 1 1 1 1 100 1 1 1
ciInstanceKlass java/lang/invoke/VolatileCallSite 0 0 37 10 100 12 1 1 1 10 12 1 10 100 12 1 1 1 10 12 1 10 12 1 1 1 1 1 1 1 1 1 1 1 1 1 1 1 1
ciInstanceKlass java/lang/invoke/ResolvedMethodName 1 1 16 10 100 12 1 1 1 100 1 1 1 1 1 1 1 1
ciInstanceKlass java/lang/invoke/MethodHandleNatives 1 1 690 100 1 10 7 12 1 1 1 9 7 12 1 1 1 10 12 1 1 100 1 10 10 12 1 1 10 12 1 10 12 1 8 1 8 1 8 1 8 1 8 1 8 1 8 1 8 1 8 1 8 1 10 12 1 1 7 1 10 7 12 1 1 1 10 7 12 1 1 1 7 1 10 10 12 1 1 8 1 10 12 1 8 1 10 12 1 1 8 1 10 12 1 1 9 7 12 1 1 1 8 1 10 100 12 1 1 1 7 1 10 12 100 1 100 1 8 1 7 1 10 10 12 1 7 1 9 7 12 1 1 10 12 1 1 10 12 1 10 7 12 1 1 1 10 12 1 1 9 12 1 8 1 10 12 1 1 10 12 1 8 1 10 12 1 1 7 1 10 12 1 10 7 12 1 1 1 10 12 1 10 12 1 1 10 12 1 1 8 1 10 12 1 1 8 1 10 12 1 8 1 8 1 8 1 7 1 10 12 1 8 1 10 7 12 1 1 1 10 12 1 1 10 7 12 1 1 10 10 12 1 1 10 12 1 10 100 12 1 1 1 100 1 8 1 10 100 12 1 1 1 7 1 8 1 10 12 1 8 1 8 1 8 1 8 1 8 1 10 12 1 1 10 12 1 1 10 12 1 10 12 1 1 10 12 1 1 7 1 10 12 1 7 1 7 1 10 12 1 10 12 1 8 1 8 1 10 10 12 1 1 10 12 1 1 8 1 10 7 12 1 1 8 1 8 1 10 12 1 1 10 7 12 1 1 1 100 1 10 12 1 1 7 1 9 12 1 1 10 7 12 1 1 1 10 10 12 1 9 12 1 10 12 1 9 12 1 9 12 1 10 12 1 1 10 12 1 10 12 1 1 7 1 7 1 10 12 1 1 10 12 1 10 12 1 1 10 7 12 1 1 1 10 12 1 8 1 10 12 1 10 12 1 10 12 1 1 10 12 1 10 7 12 1 1 1 10 12 1 1 100 1 8 1 10 9 7 12 1 1 1 10 12 1 1 10 12 1 1 7 1 10 12 1 1 10 12 1 1 100 1 100 1 10 10 100 1 100 1 10 100 1 10 10 12 1 1 10 7 1 10 12 1 10 12 1 1 10 12 1 1 10 12 1 1 10 12 1 10 12 1 1 10 8 1 10 12 1 10 12 1 10 12 1 10 12 1 10 12 1 1 10 12 1 10 12 1 10 12 1 10 10 7 12 1 1 10 12 1 1 1 1 1 1 1 1 1 1 1 1 1 7 1 1 1 1 1 1 1 1 1 1 1 1 1 1 1 1 1 1 1 1 1 1 1 1 1 1 1 1 1 1 1 1 1 1 1 1 1 1 1 1 1 1 1 1 1 1 1 1 1 1 1 1 1 1 1 1 1 1 1 1 1 1 1 1 1 100 1 1 1 1 1 1 1 1 1 1 1 1 1 1 1 1 1 1 1 1 1 1 1 1 1 1 1 1 1 1 1 1 1 100 1 1 1 1 1 1 1 1 1 1 1 1 1 1 1 1 1 1 1 1 1 1 1 1 1 1 7 1 1 1 1 1 1 1 100 1 1 1
staticfield java/lang/invoke/MethodHandleNatives $assertionsDisabled Z 1
ciInstanceKlass java/lang/invoke/MethodHandleNatives$CallSiteContext 1 1 49 10 7 12 1 1 1 7 1 10 10 7 12 1 1 1 10 7 12 1 1 1 10 7 12 1 1 1 100 1 1 1 1 1 1 1 1 1 1 1 1 1 1 1 1 1 100 1 1
ciInstanceKlass jdk/internal/foreign/abi/NativeEntryPoint 0 0 194 10 7 12 1 1 1 9 7 12 1 1 1 9 12 1 1 100 1 8 1 10 12 1 10 12 1 1 100 1 10 100 12 1 1 1 10 12 1 9 12 1 1 18 12 1 1 10 100 12 1 1 1 10 7 12 1 1 1 9 7 12 1 1 1 7 1 10 8 1 10 12 1 1 10 12 1 10 12 1 1 8 1 10 12 1 1 7 1 8 1 10 12 1 10 12 1 1 10 12 1 9 12 1 1 18 12 1 1 10 100 12 1 1 1 10 12 1 1 10 12 1 10 100 12 1 1 1 10 1 1 1 1 1 1 1 1 1 1 1 1 1 1 1 1 1 1 1 1 1 1 1 1 1 1 1 1 1 1 1 1 1 1 1 1 1 16 1 15 10 12 16 1 16 15 10 12 15 10 100 12 1 1 1 1 1 100 1 1 100 1 100 1 1
ciInstanceKlass jdk/internal/foreign/abi/ABIDescriptor 0 0 55 10 100 12 1 1 1 9 100 12 1 1 1 9 12 1 1 9 12 1 9 12 1 9 12 1 1 9 12 1 9 12 1 1 9 12 1 9 12 1 9 12 1 9 12 1 1 1 1 1 1 1 1 1 1
ciInstanceKlass jdk/internal/foreign/abi/VMStorage 0 0 91 10 7 12 1 1 1 9 7 12 1 1 1 9 12 1 1 9 12 1 1 9 12 1 1 7 1 10 8 1 10 12 1 1 10 12 1 10 12 1 1 10 12 1 18 12 1 18 12 1 1 18 12 1 1 1 1 1 1 1 1 1 1 1 1 1 1 1 1 1 1 1 8 1 15 15 15 15 15 10 100 12 1 1 1 1 100 1 100 1 1
ciInstanceKlass jdk/internal/foreign/abi/UpcallLinker$CallRegs 0 0 66 10 7 12 1 1 1 9 7 12 1 1 1 9 12 1 18 12 1 1 18 12 1 1 18 12 1 1 1 1 1 1 1 1 1 1 1 1 1 1 1 1 1 1 100 1 1 1 8 1 15 15 15 10 100 12 1 1 1 1 1 100 1 100 1 1
ciInstanceKlass java/lang/StackWalker 1 1 271 9 7 12 1 1 1 7 1 10 7 12 1 1 1 10 12 1 1 10 7 12 1 1 1 10 12 1 1 10 12 1 11 7 12 1 1 1 10 12 1 1 10 12 1 1 10 12 1 1 100 1 8 1 10 12 1 10 12 1 10 12 1 10 7 12 1 1 9 12 1 1 9 12 1 1 9 12 1 1 9 12 1 1 10 12 1 1 9 12 1 1 9 12 1 1 9 12 1 1 10 7 12 1 1 1 11 12 1 1 100 1 8 1 10 10 7 12 1 1 9 12 1 1 10 12 1 1 10 100 12 1 1 1 10 100 12 1 1 1 18 12 1 1 100 1 8 1 10 8 1 10 12 1 1 10 100 12 1 1 1 10 12 1 1 9 100 12 1 1 11 100 12 1 1 1 10 12 1 1 1 1 1 1 1 1 1 1 1 1 1 1 1 1 1 1 1 1 1 1 1 1 1 1 1 1 1 1 1 1 1 1 1 1 1 1 1 1 1 1 1 1 1 1 1 1 1 1 1 1 1 1 1 1 1 1 1 1 1 1 1 1 1 1 7 1 1 16 15 10 12 16 1 15 10 100 12 1 1 1 1 1 1 1 1 1 100 1 100 1 1
staticfield java/lang/StackWalker DEFAULT_EMPTY_OPTION Ljava/util/EnumSet; java/util/RegularEnumSet
staticfield java/lang/StackWalker DEFAULT_WALKER Ljava/lang/StackWalker; java/lang/StackWalker
ciInstanceKlass java/lang/StackWalker$StackFrame 0 0 41 100 1 10 12 1 1 100 1 100 1 1 1 1 1 1 1 1 1 1 1 1 1 1 1 1 1 1 1 1 1 1 1 1 1 1 1 100 1 1 1
instanceKlass java/lang/LiveStackFrameInfo
ciInstanceKlass java/lang/StackFrameInfo 0 0 142 10 7 12 1 1 1 9 7 12 1 1 1 9 7 1 9 12 1 1 11 100 12 1 1 1 9 12 1 1 11 12 1 1 10 12 1 1 10 7 12 1 1 1 10 12 1 11 12 1 11 12 1 1 11 12 1 10 12 1 1 9 12 1 1 10 12 1 1 10 7 12 1 1 10 12 1 1 11 12 1 1 9 12 1 1 10 7 1 10 12 1 9 12 1 1 10 12 1 1 100 1 8 1 10 12 1 10 100 12 1 1 1 7 1 1 1 1 1 1 1 1 1 1 1 1 1 1 1 1 1 1 7 1 1 7 1 1 1 1 1 1
ciInstanceKlass java/lang/LiveStackFrameInfo 0 0 97 10 7 12 1 1 1 9 7 12 1 1 1 9 12 1 9 12 1 9 12 1 9 12 1 1 7 1 10 12 1 1 10 12 1 8 1 10 12 1 1 8 1 8 1 8 1 10 100 1 10 12 1 100 1 10 12 1 7 1 7 1 1 1 3 1 3 1 1 1 1 1 1 1 1 1 1 1 1 1 1 1 1 1 1 1 1 1 1 1 1 1 1 1 100 1 1
ciInstanceKlass java/lang/LiveStackFrame 0 0 135 100 1 10 100 12 1 1 1 11 7 12 1 1 1 11 12 1 10 7 12 1 1 1 100 1 8 1 10 12 1 1 10 7 12 1 1 1 9 100 12 1 1 1 10 7 12 1 1 1 10 7 12 1 1 1 11 12 1 10 12 1 7 1 7 1 1 1 1 1 1 1 1 1 1 1 1 1 1 1 1 1 1 1 1 1 1 1 1 1 1 1 1 100 1 1 1 1 1 1 1 100 1 8 1 1 12 10 1 1 1 8 1 1 1 8 1 1 1 8 1 1 1 8 1 1 8 1 1 1 8 1 1 8 1
ciInstanceKlass java/lang/StackStreamFactory$AbstractStackWalker 1 0 375 100 1 7 1 3 10 7 12 1 1 1 10 7 12 1 1 10 7 12 1 1 1 9 12 1 1 10 12 1 1 9 12 1 1 9 12 1 1 9 12 1 1 9 12 1 10 7 12 1 1 1 10 12 1 1 10 7 12 1 1 9 12 1 1 9 12 1 1 10 12 1 1 9 100 12 1 1 1 10 12 1 1 10 12 1 9 12 1 1 10 100 12 1 1 1 10 12 1 1 9 12 1 1 9 7 12 1 1 1 7 1 10 8 1 10 12 1 1 10 12 1 8 1 10 12 1 1 10 100 12 1 1 1 100 1 8 1 10 12 1 8 1 10 12 10 100 12 1 1 9 12 1 8 1 5 0 8 1 8 1 9 12 1 1 10 12 1 1 18 12 1 1 10 7 12 1 1 1 10 12 1 1 10 12 1 10 12 1 9 12 1 10 12 1 10 12 1 10 12 1 10 12 1 10 12 1 10 12 1 1 8 1 10 12 1 10 12 1 10 12 1 10 12 1 1 8 1 10 12 1 1 10 12 1 1 10 12 1 1 10 12 1 10 12 1 10 100 12 1 1 1 10 12 1 10 12 1 9 12 1 8 1 10 12 1 10 12 1 10 12 1 1 10 12 1 10 12 1 10 12 1 1 10 12 1 10 12 1 10 12 1 10 12 1 10 12 1 10 12 1 1 10 12 1 1 10 12 1 8 1 1 1 1 1 1 1 1 1 1 1 1 1 7 1 1 1 1 1 1 1 7 1 1 1 1 7 1 1 1 1 1 1 1 1 1 1 1 1 1 1 1 1 1 1 1 16 15 15 10 100 12 1 1 1 1 1 1 1 1 100 1 100 1 1
ciInstanceKlass jdk/internal/module/Modules 1 1 504 10 7 12 1 1 1 9 7 12 1 1 1 11 7 12 1 1 1 11 12 1 1 11 12 1 1 11 12 1 1 11 12 1 11 12 1 11 12 1 11 12 1 11 12 1 1 10 7 12 1 1 1 10 100 12 1 1 1 18 12 1 1 10 7 12 1 1 1 7 1 10 7 12 1 1 1 10 100 12 1 1 1 10 100 12 1 1 10 12 1 1 11 12 1 9 12 1 1 11 7 12 1 1 1 10 12 1 1 10 10 12 1 10 9 12 1 1 10 100 12 1 1 10 12 1 1 10 100 12 1 1 100 1 11 100 12 1 1 1 10 100 12 1 1 1 11 100 12 1 1 10 12 1 1 10 100 12 1 1 10 100 12 1 1 1 10 12 1 1 10 12 1 1 11 12 1 1 18 12 1 1 11 100 12 1 1 10 100 12 1 1 1 11 100 12 1 1 1 7 1 11 12 1 1 11 7 12 1 1 1 11 12 1 1 10 12 1 1 10 100 12 1 1 18 12 1 1 11 12 1 1 18 12 1 1 11 12 1 1 10 12 1 18 18 10 12 1 1 9 12 1 1 11 7 12 1 1 1 100 1 10 11 12 1 11 12 1 1 11 12 1 1 10 100 1 10 12 1 1 10 100 12 1 1 10 12 1 1 11 12 10 12 1 1 7 1 10 18 12 1 10 12 1 1 7 1 8 1 10 12 1 10 100 12 1 1 18 12 1 11 11 12 10 12 1 10 10 100 1 18 12 1 10 10 10 7 12 1 1 10 7 12 1 1 1 10 12 1 1 1 1 1 1 1 1 1 1 1 1 1 1 1 1 1 1 1 1 1 1 1 1 1 1 1 1 1 1 1 1 1 100 1 1 1 1 1 1 1 1 1 1 1 1 1 1 1 1 1 1 1 1 1 1 1 1 1 1 1 1 1 1 1 1 1 1 1 7 1 1 1 1 1 1 1 1 1 1 1 1 1 1 1 1 1 1 1 1 1 1 1 16 15 10 12 1 16 16 15 10 12 1 16 1 16 1 15 10 12 1 16 1 16 1 15 10 12 16 1 15 10 16 1 15 10 12 16 1 15 10 12 16 15 10 12 16 15 10 12 15 10 100 12 1 1 1 1 1 1 100 1 100 1 1
staticfield jdk/internal/module/Modules JLA Ljdk/internal/access/JavaLangAccess; java/lang/System$2
staticfield jdk/internal/module/Modules JLMA Ljdk/internal/access/JavaLangModuleAccess; java/lang/module/ModuleDescriptor$1
staticfield jdk/internal/module/Modules $assertionsDisabled Z 1
ciInstanceKlass java/util/ArrayList 1 1 509 10 7 12 1 1 1 7 1 9 7 12 1 1 1 9 12 1 100 1 7 1 10 8 1 10 12 1 1 10 12 1 10 12 1 1 10 12 1 9 12 1 11 7 12 1 1 1 9 12 1 1 11 12 1 1 7 10 7 12 1 1 1 9 12 1 10 12 1 10 12 1 1 10 7 12 1 1 1 10 7 12 1 1 1 10 12 1 1 10 12 1 1 10 12 1 1 10 12 1 10 12 1 1 100 1 7 1 10 12 1 10 10 7 12 1 1 1 10 7 12 1 1 10 12 1 100 1 10 10 12 10 12 1 1 10 12 1 1 10 12 1 10 12 10 12 1 1 7 1 10 12 1 1 10 12 1 1 10 12 1 100 1 10 11 12 1 1 11 7 12 1 1 1 11 12 1 10 12 1 10 12 1 10 12 1 1 100 1 10 12 1 1 10 10 12 1 1 10 12 1 8 1 8 1 8 1 8 1 10 12 1 1 10 12 1 1 11 12 1 7 1 10 100 12 1 1 10 12 1 10 12 1 1 10 100 12 1 1 10 12 1 10 100 12 1 1 1 11 100 12 1 1 1 10 12 1 100 1 8 1 10 7 1 10 12 1 7 1 10 12 1 10 12 1 1 7 1 10 12 1 10 12 1 1 11 100 12 1 1 7 1 10 12 1 10 12 1 1 11 100 12 1 1 10 12 1 1 10 12 1 1 10 12 1 1 10 12 1 1 11 100 12 1 1 10 12 1 1 7 1 7 1 7 1 1 1 1 5 0 1 3 1 1 1 1 1 1 1 1 1 1 1 1 1 1 1 1 1 1 1 1 1 1 1 1 1 1 1 1 1 1 1 1 1 1 1 1 1 1 1 1 1 1 1 1 1 1 1 1 1 1 1 1 1 1 1 1 1 1 1 1 1 1 1 1 1 1 1 1 1 1 1 1 1 1 1 1 1 1 1 1 1 1 1 1 1 1 1 1 1 1 1 1 1 1 1 1 1 1 1 1 1 1 1 1 100 1 1 1 1 7 1 1 1 1 1 1 1 1 1 1 1 1 1 1 1 1 1 1 1 1 1 1 1 1 1 1 1 1 1 100 1 1 1 1 1 1 1 1 1 1 1 1 1 1 1 1 1 1 100 1 100 1 1 1 1 1 1
staticfield java/util/ArrayList EMPTY_ELEMENTDATA [Ljava/lang/Object; 0 [Ljava/lang/Object;
staticfield java/util/ArrayList DEFAULTCAPACITY_EMPTY_ELEMENTDATA [Ljava/lang/Object; 0 [Ljava/lang/Object;
ciInstanceKlass java/util/RandomAccess 1 0 7 100 1 100 1 1 1
ciInstanceKlass java/lang/annotation/Annotation 1 0 17 100 1 100 1 1 1 1 1 1 1 1 1 1 1 1 1
ciMethod jdk/internal/misc/Unsafe putInt (Ljava/lang/Object;JI)V 512 0 256 0 -1
ciMethod jdk/internal/misc/Unsafe putInt (JI)V 604 0 19712 0 -1
ciMethod jdk/internal/misc/Unsafe getInt (Ljava/lang/Object;J)I 512 0 256 0 -1
ciMethod jdk/internal/misc/Unsafe getInt (J)I 768 0 11968 0 -1
ciInstanceKlass sun/java2d/marlin/MarlinConst 1 1 211 7 1 10 7 12 1 1 1 9 12 1 1 10 12 1 9 12 1 10 12 1 9 12 1 10 12 1 9 12 1 10 12 1 9 12 1 10 12 1 9 12 1 9 12 1 9 12 1 9 12 1 10 12 1 9 12 1 10 12 1 9 12 1 10 12 1 9 12 1 9 12 1 9 12 1 10 12 1 1 9 12 1 1 10 12 1 9 12 1 9 12 1 10 12 1 9 12 1 9 12 1 10 12 1 9 12 1 10 12 1 9 12 1 10 7 12 1 1 1 9 12 1 9 12 1 9 12 1 9 12 1 1 9 12 1 10 12 1 9 12 1 9 12 1 10 12 1 9 12 1 9 12 1 10 12 1 9 12 1 9 12 1 100 1 1 1 3 1 1 1 3 1 1 1 1 5 0 1 1 3 1 1 1 1 1 1 1 3 1 1 1 1 1 1 3 1 3 1 3 1 3 1 3 1 1 1 1 1 1 1
staticfield sun/java2d/marlin/MarlinConst ENABLE_LOGS Z 0
staticfield sun/java2d/marlin/MarlinConst USE_LOGGER Z 0
staticfield sun/java2d/marlin/MarlinConst LOG_CREATE_CONTEXT Z 0
staticfield sun/java2d/marlin/MarlinConst LOG_UNSAFE_MALLOC Z 0
staticfield sun/java2d/marlin/MarlinConst DO_STATS Z 0
staticfield sun/java2d/marlin/MarlinConst DO_CHECKS Z 0
staticfield sun/java2d/marlin/MarlinConst DO_LOG_WIDEN_ARRAY Z 0
staticfield sun/java2d/marlin/MarlinConst DO_LOG_OVERSIZE Z 0
staticfield sun/java2d/marlin/MarlinConst DO_TRACE Z 0
staticfield sun/java2d/marlin/MarlinConst USE_SIMPLIFIER Z 0
staticfield sun/java2d/marlin/MarlinConst USE_PATH_SIMPLIFIER Z 0
staticfield sun/java2d/marlin/MarlinConst DO_CLIP_SUBDIVIDER Z 1
staticfield sun/java2d/marlin/MarlinConst DO_LOG_BOUNDS Z 0
staticfield sun/java2d/marlin/MarlinConst DO_LOG_CLIP Z 0
staticfield sun/java2d/marlin/MarlinConst INITIAL_PIXEL_WIDTH I 4096
staticfield sun/java2d/marlin/MarlinConst INITIAL_PIXEL_HEIGHT I 2176
staticfield sun/java2d/marlin/MarlinConst INITIAL_AA_ARRAY I 4096
staticfield sun/java2d/marlin/MarlinConst INITIAL_EDGES_COUNT I 4096
staticfield sun/java2d/marlin/MarlinConst INITIAL_EDGES_CAPACITY I 98304
staticfield sun/java2d/marlin/MarlinConst SUBPIXEL_LG_POSITIONS_X I 8
staticfield sun/java2d/marlin/MarlinConst SUBPIXEL_LG_POSITIONS_Y I 3
staticfield sun/java2d/marlin/MarlinConst MIN_SUBPIXEL_LG_POSITIONS I 3
staticfield sun/java2d/marlin/MarlinConst SUBPIXEL_POSITIONS_X I 256
staticfield sun/java2d/marlin/MarlinConst SUBPIXEL_POSITIONS_Y I 8
staticfield sun/java2d/marlin/MarlinConst MIN_SUBPIXELS F 1090519040
staticfield sun/java2d/marlin/MarlinConst MAX_AA_ALPHA I 2048
staticfield sun/java2d/marlin/MarlinConst TILE_H_LG I 5
staticfield sun/java2d/marlin/MarlinConst TILE_H I 32
staticfield sun/java2d/marlin/MarlinConst TILE_W_LG I 5
staticfield sun/java2d/marlin/MarlinConst TILE_W I 32
staticfield sun/java2d/marlin/MarlinConst BLOCK_SIZE_LG I 5
staticfield sun/java2d/marlin/MarlinConst BLOCK_SIZE I 32
ciInstanceKlass sun/java2d/marlin/FloatMath 1 1 45 10 100 12 1 1 1 100 1 3 10 7 12 1 1 1 3 100 1 100 1 1 1 1 3 1 1 1 1 1 1 1 1 1 1 1 1 1 1 1 1 1 1 1 1
ciInstanceKlass sun/java2d/marlin/RendererContext 1 1 374 7 1 9 12 1 1 10 7 12 1 1 1 18 12 1 1 10 12 1 1 10 7 12 1 1 9 12 1 1 9 12 1 1 7 1 10 9 12 1 1 9 12 1 1 7 1 10 9 12 1 1 7 1 10 9 12 1 1 9 12 1 1 9 12 1 9 12 1 9 12 1 9 12 1 1 9 12 1 7 1 10 12 1 9 12 1 1 7 1 10 9 12 1 1 7 1 10 9 12 1 1 7 1 10 9 12 1 1 7 1 10 9 12 1 1 9 12 1 18 12 1 10 100 12 1 1 7 1 10 9 12 1 1 9 12 1 100 1 10 100 12 1 1 1 9 12 1 1 100 1 9 12 1 9 9 9 9 12 1 1 7 1 10 12 1 9 12 1 1 7 1 10 9 12 1 7 1 10 12 1 9 12 1 1 7 1 10 9 12 1 1 7 1 10 9 12 1 1 7 1 10 9 12 1 1 7 1 10 9 12 1 1 7 1 10 12 1 9 12 1 1 7 1 10 9 12 1 1 7 1 10 9 12 1 1 9 7 12 1 1 7 1 10 9 12 1 1 9 12 1 1 9 12 1 10 100 12 1 1 10 10 10 100 12 1 1 1 100 1 9 12 1 10 12 1 10 12 1 10 12 1 9 12 1 7 1 10 12 1 10 12 1 1 10 12 1 10 12 1 10 12 1 10 1 1 1 1 1 1 1 1 1 1 1 1 100 1 1 1 1 1 1 1 1 1 1 1 1 1 1 1 1 1 1 8 1 8 1 15 10 7 12 1 1 1 1 100 1 1 100 1 1 1 1 1 1 100 1 1 100 1 1 100 1 100 1 100 1 100 1 100 1 1
staticfield sun/java2d/marlin/RendererContext CTX_COUNT Ljava/util/concurrent/atomic/AtomicInteger; java/util/concurrent/atomic/AtomicInteger
ciInstanceKlass sun/java2d/marlin/ArrayCacheInt$Reference 1 1 145 7 1 10 7 12 1 1 1 9 7 12 1 1 1 10 7 12 1 1 1 9 12 1 1 9 12 1 1 9 12 1 1 9 100 12 1 1 1 9 100 12 1 1 1 10 12 1 1 10 100 12 1 1 1 9 12 1 9 12 1 18 12 1 1 10 100 12 1 1 1 9 12 1 9 12 1 10 12 1 1 10 12 10 100 12 1 1 1 10 12 1 1 9 12 1 18 12 1 10 12 1 1 1 1 1 1 1 1 1 1 1 1 1 1 1 100 1 1 1 1 1 1 1 1 1 8 1 8 1 15 10 100 12 1 1 1 1 1 1 100 1 100 1 1
ciInstanceKlass sun/java2d/marlin/MarlinCache 1 1 412 100 1 10 7 12 1 1 1 9 7 12 1 1 1 9 12 1 1 9 12 1 1 9 12 1 9 12 1 9 12 1 9 12 1 9 12 1 1 10 7 12 1 1 1 9 12 1 1 9 12 1 1 10 12 1 1 9 12 1 1 10 12 1 1 9 12 1 1 9 7 12 1 1 9 12 1 100 1 3 9 12 1 3 9 12 1 9 12 1 9 12 1 9 12 1 9 12 1 9 12 1 9 12 1 9 12 1 3 9 12 1 9 12 1 9 12 1 9 100 12 1 1 1 10 100 12 1 1 1 10 12 1 1 10 12 1 9 12 1 9 7 12 1 1 10 12 1 1 10 12 1 1 10 12 1 1 9 12 1 9 12 1 10 12 9 12 1 10 7 12 1 1 1 10 7 12 1 1 1 9 12 1 18 12 1 1 10 100 12 1 1 1 10 12 1 9 12 1 9 12 1 1 9 12 1 9 12 1 10 7 12 1 1 1 10 12 1 1 18 12 1 10 12 1 1 5 0 9 12 1 10 12 1 10 12 1 1 10 12 1 1 9 12 1 1 10 100 1 9 12 1 9 12 1 10 12 1 9 12 1 10 100 12 1 1 1 18 10 7 12 1 1 1 10 12 1 9 12 1 10 12 1 1 10 7 1 9 12 1 9 12 1 10 12 1 1 10 12 1 9 12 1 1 1 1 1 1 1 1 1 1 1 1 1 1 1 1 1 1 1 1 1 1 1 1 1 1 1 1 1 1 1 1 1 1 1 1 1 1 1 1 1 1 1 1 1 100 1 1 1 1 1 1 1 1 1 1 1 1 1 1 1 1 1 1 1 1 1 1 1 1 1 1 1 1 1 1 1 1 1 1 1 1 100 1 1 1 1 1 1 8 1 8 1 8 1 15 10 100 12 1 1 1 100 1 1 100 1 100 1 1
staticfield sun/java2d/marlin/MarlinCache FORCE_RLE Z 0
staticfield sun/java2d/marlin/MarlinCache FORCE_NO_RLE Z 0
staticfield sun/java2d/marlin/MarlinCache RLE_MIN_WIDTH I 64
staticfield sun/java2d/marlin/MarlinCache INITIAL_CHUNK_ARRAY J 32768
staticfield sun/java2d/marlin/MarlinCache ALPHA_MAP [B 4096
staticfield sun/java2d/marlin/MarlinCache ALPHA_MAP_UNSAFE Lsun/java2d/marlin/OffHeapArray; sun/java2d/marlin/OffHeapArray
ciInstanceKlass sun/java2d/marlin/OffHeapArray 1 1 144 10 7 12 1 1 1 9 7 12 1 1 1 10 7 12 1 1 1 9 12 1 1 9 12 1 9 12 1 1 9 7 12 1 1 1 10 100 12 1 1 1 18 12 1 1 10 100 12 1 1 1 10 7 12 1 1 1 18 12 1 1 10 7 12 1 1 1 10 12 1 1 18 10 12 1 1 18 10 12 1 1 10 12 1 1 9 12 1 9 12 1 1 1 1 1 1 1 1 1 1 1 1 1 1 1 1 1 1 1 1 1 8 1 16 15 10 12 8 1 8 1 15 10 100 12 1 1 15 10 7 12 1 1 1 1 100 1 1 100 1 100 1 1
staticfield sun/java2d/marlin/OffHeapArray UNSAFE Ljdk/internal/misc/Unsafe; jdk/internal/misc/Unsafe
staticfield sun/java2d/marlin/OffHeapArray SIZE_INT I 4
ciInstanceKlass sun/java2d/marlin/Renderer 1 1 900 7 1 100 1 9 7 12 1 1 1 10 7 12 1 1 1 9 12 1 9 12 1 9 12 1 6 0 9 12 1 1 9 12 1 1 9 7 12 1 1 1 9 100 12 1 1 1 10 100 12 1 1 1 9 12 1 9 12 1 9 12 1 9 12 1 10 12 1 1 9 12 1 6 0 6 0 6 0 6 0 9 12 1 9 12 1 9 12 1 9 12 1 9 12 1 9 12 1 6 0 9 12 1 9 12 1 9 12 1 9 12 1 10 7 12 1 1 1 9 12 1 1 10 12 1 1 9 12 1 10 12 1 9 12 1 9 12 1 9 12 1 9 12 1 9 12 1 9 12 1 9 12 1 1 9 7 12 1 1 9 12 1 1 10 100 12 1 1 1 9 12 1 10 12 1 10 12 1 9 12 1 1 5 0 9 12 1 6 0 5 0 10 7 12 1 1 1 9 12 1 1 9 12 1 10 7 12 1 1 1 100 1 3 3 100 1 6 0 6 0 9 12 1 9 12 1 9 12 1 1 9 9 12 1 1 9 9 12 1 10 12 1 1 9 12 1 10 12 1 1 9 12 1 1 9 12 1 9 7 12 1 1 9 12 1 9 12 1 9 12 1 9 12 1 10 12 1 1 9 12 1 1 9 12 1 9 12 1 9 12 1 9 7 1 9 12 1 9 12 1 9 12 1 9 12 1 9 12 1 9 12 1 9 12 1 9 12 1 9 12 1 9 12 1 9 12 1 9 12 1 18 12 1 1 10 100 12 1 1 1 9 12 1 9 12 1 10 12 1 1 9 12 1 9 12 1 9 12 1 9 12 1 9 12 1 9 12 1 1 10 100 1 9 12 1 10 12 1 1 10 12 1 1 10 12 1 10 12 1 9 12 1 9 12 1 9 12 1 10 12 1 10 7 12 1 1 1 9 12 1 9 12 1 6 0 10 12 1 10 12 1 10 12 1 9 12 1 9 12 1 9 12 1 9 12 1 10 12 1 1 10 12 1 1 10 12 1 10 12 1 100 1 8 1 10 12 9 12 1 9 12 1 9 12 1 9 12 1 9 12 1 9 12 1 9 12 1 9 12 1 9 12 1 9 12 1 9 12 1 9 12 1 9 12 1 9 12 1 9 12 1 9 12 1 1 9 12 1 10 12 1 1 9 12 1 9 12 1 9 12 1 10 12 1 9 12 1 10 12 1 10 9 12 1 9 12 1 100 1 9 12 1 9 12 1 9 12 1 9 12 1 9 12 1 9 12 1 9 12 1 9 12 1 9 12 1 9 12 1 9 12 1 10 12 1 1 10 12 1 1 9 12 1 10 7 12 1 1 18 12 1 18 10 12 1 1 9 12 1 9 12 1 9 12 1 9 12 1 18 18 9 12 1 10 12 1 9 12 1 10 12 1 10 12 1 1 9 12 1 10 12 1 1 10 12 1 1 10 7 12 1 1 1 10 12 1 10 12 1 9 12 1 9 12 1 9 12 1 9 12 1 9 12 1 9 12 1 9 12 1 10 12 1 1 9 12 1 10 12 1 9 12 1 10 12 1 9 12 1 100 1 1 1 3 1 1 1 5 0 1 3 1 3 1 3 1 3 1 1 1 1 1 1 1 1 1 1 1 1 1 1 1 1 1 1 1 1 1 1 1 1 1 1 1 1 1 1 1 1 1 1 1 1 1 1 1 1 1 1 1 1 1 1 1 1 1 1 1 1 1 1 1 1 1 1 1 1 1 1 1 1 1 1 1 1 1 1 1 1 1 1 1 1 1 1 1 1 1 1 1 1 1 1 1 1 1 1 1 1 1 1 1 1 1 1 1 1 1 1 1 1 1 1 1 1 1 1 1 1 1 1 1 1 1 1 1 1 1 1 1 1 1 1 1 1 1 1 1 1 1 1 1 1 1 1 1 1 1 1 1 100 100 1 1 1 1 1 1 1 1 1 1 1 1 1 1 1 1 1 1 1 1 8 1 8 1 8 1 8 1 8 1 15 10 100 12 1 1 1 100 1 1 100 1 100 1 100 1 1
staticfield sun/java2d/marlin/Renderer DISABLE_RENDER Z 0
staticfield sun/java2d/marlin/Renderer ENABLE_BLOCK_FLAGS Z 1
staticfield sun/java2d/marlin/Renderer ENABLE_BLOCK_FLAGS_HEURISTICS Z 1
staticfield sun/java2d/marlin/Renderer SUBPIXEL_SCALE_X D 4643211215818981376
staticfield sun/java2d/marlin/Renderer SUBPIXEL_SCALE_Y D 4620693217682128896
staticfield sun/java2d/marlin/Renderer SUBPIXEL_MASK_X I 255
staticfield sun/java2d/marlin/Renderer SUBPIXEL_MASK_Y I 7
staticfield sun/java2d/marlin/Renderer RDR_OFFSET_X D 4566650022153682944
staticfield sun/java2d/marlin/Renderer RDR_OFFSET_Y D 4589168020290535424
staticfield sun/java2d/marlin/Renderer SUBPIXEL_TILE I 256
staticfield sun/java2d/marlin/Renderer INITIAL_BUCKET_ARRAY I 17408
staticfield sun/java2d/marlin/Renderer INITIAL_CROSSING_COUNT I 1024
staticfield sun/java2d/marlin/Renderer OFF_ERROR J 4
staticfield sun/java2d/marlin/Renderer OFF_BUMP_X J 8
staticfield sun/java2d/marlin/Renderer OFF_BUMP_ERR J 12
staticfield sun/java2d/marlin/Renderer OFF_NEXT J 16
staticfield sun/java2d/marlin/Renderer OFF_YMAX J 20
staticfield sun/java2d/marlin/Renderer SIZEOF_EDGE_BYTES I 24
staticfield sun/java2d/marlin/Renderer CUB_DEC_ERR_SUBPIX D 4629700416936869888
staticfield sun/java2d/marlin/Renderer CUB_INC_ERR_SUBPIX D 4618891777938554880
staticfield sun/java2d/marlin/Renderer SCALE_DY D 4629700416936869888
staticfield sun/java2d/marlin/Renderer CUB_DEC_BND D 4643211215818981376
staticfield sun/java2d/marlin/Renderer CUB_INC_BND D 4632402576820666368
staticfield sun/java2d/marlin/Renderer QUAD_DEC_ERR_SUBPIX D 4625196817309499392
staticfield sun/java2d/marlin/Renderer QUAD_DEC_BND D 4638707616191610880
ciInstanceKlass sun/java2d/marlin/MergeSort 1 1 147 7 1 100 1 18 12 1 1 10 12 1 1 10 100 12 1 1 1 10 12 1 1 10 100 12 1 1 1 10 100 12 1 1 10 100 12 1 1 1 10 12 1 1 18 12 1 10 7 12 1 1 10 7 12 1 1 1 9 12 1 1 8 1 8 1 9 12 1 1 8 1 8 1 1 1 1 3 1 3 1 3 1 3 1 1 1 1 1 1 1 1 1 1 1 1 1 1 1 1 1 1 1 1 1 1 1 1 1 1 1 1 1 1 1 1 1 1 100 1 1 1 1 1 1 1 100 1 1 1 1 8 1 8 1 15 10 100 12 1 1 1 100 1 100 1 1
staticfield sun/java2d/marlin/MergeSort USE_DPQS Z 1
staticfield sun/java2d/marlin/MergeSort SORT_TYPE Ljava/lang/String; "DPQS_20191112"
ciInstanceKlass sun/java2d/marlin/DPQSSorterContext 1 1 44 100 1 7 1 10 7 12 1 1 1 9 12 1 1 9 12 1 9 12 1 9 12 1 1 1 1 3 1 1 1 3 1 1 1 1 1 1 1 1 1 1 1 1
ciInstanceKlass sun/java2d/marlin/ArrayCacheConst 1 1 156 10 100 12 1 1 1 9 7 12 1 1 1 100 1 8 1 10 12 1 9 12 1 1 100 1 10 9 12 1 1 100 1 3 9 12 1 1 5 0 5 0 10 7 12 1 1 1 9 12 1 18 12 1 1 10 100 12 1 1 3 9 12 1 100 1 8 1 10 3 5 0 9 12 1 100 1 8 1 8 1 18 12 1 10 100 12 1 1 1 18 12 1 18 18 12 1 1 1 3 1 3 1 1 1 1 1 1 1 1 1 1 1 1 1 1 1 1 1 1 1 1 1 1 1 1 1 100 1 100 1 1 8 1 8 1 8 1 8 1 8 1 15 10 100 12 1 1 1 1 1 100 1 100 1 1
staticfield sun/java2d/marlin/ArrayCacheConst MAX_ARRAY_SIZE I 16777216
staticfield sun/java2d/marlin/ArrayCacheConst THRESHOLD_ARRAY_SIZE I 16777216
staticfield sun/java2d/marlin/ArrayCacheConst THRESHOLD_HUGE_ARRAY_SIZE J 50331648
staticfield sun/java2d/marlin/ArrayCacheConst ARRAY_SIZES [I 8
staticfield sun/java2d/marlin/ArrayCacheConst $assertionsDisabled Z 1
ciMethodData jdk/internal/misc/Unsafe getInt (J)I 2 11584 orig 80 0 0 0 0 0 0 0 0 0 0 0 0 0 0 0 0 0 0 0 0 0 0 0 0 0 0 0 0 0 0 0 0 0 0 0 0 0 0 0 0 0 0 0 0 0 0 0 0 0 0 0 0 0 0 0 0 0 0 0 0 0 0 0 0 0 0 0 0 0 0 0 0 0 0 0 0 0 0 0 0 data 21 0x3000b 0x0 0x0 0x0 0x0 0x0 0x0 0x2 0x1 0x0 0x0 0x0 0x0 0x0 0x0 0x0 0x9 0x3 0x0 0x0 0x0 oops 0 methods 0
ciMethod sun/java2d/marlin/FloatMath max (II)I 514 0 6147 0 -1
ciMethod sun/java2d/marlin/FloatMath min (II)I 580 0 8713 0 -1
ciMethod sun/java2d/marlin/ArrayCacheInt$Reference getArray (I)[I 0 0 1 0 -1
ciMethod sun/java2d/marlin/ArrayCacheInt$Reference widenArray ([III)[I 0 0 1 0 -1
ciMethod sun/java2d/marlin/ArrayCacheInt$Reference putArray ([I)[I 0 0 1 0 -1
ciMethod sun/java2d/marlin/ArrayCacheInt$Reference putArray ([III)[I 0 0 1 0 -1
ciMethod sun/java2d/marlin/MarlinCache clearAARow (I)V 0 0 1 0 -1
ciMethod sun/java2d/marlin/Renderer _endRendering (II)V 136 122234 72 0 -1
ciMethod sun/java2d/marlin/Renderer copyAARow ([IIIIZ)V 514 0 1457 0 -1
ciMethod sun/java2d/marlin/MergeSort mergeSortNoCopy ([I[I[I[IIIZLsun/java2d/marlin/DPQSSorterContext;Z)V 0 0 1 0 -1
ciMethodData jdk/internal/misc/Unsafe putInt (JI)V 2 19410 orig 80 0 0 0 0 0 0 0 0 0 0 0 0 0 0 0 0 0 0 0 0 0 0 0 0 0 0 0 0 0 0 0 0 0 0 0 0 0 0 0 0 0 0 0 0 0 0 0 0 0 0 0 0 0 0 0 0 0 0 0 0 0 0 0 0 0 0 0 0 0 0 0 0 0 0 0 0 0 0 0 0 data 22 0x4000b 0x32 0x0 0x0 0x0 0x0 0x0 0x2 0x1 0x1 0x0 0x0 0x0 0x0 0x0 0x0 0x9 0x4 0x0 0x0 0x0 0x0 oops 0 methods 0
ciMethod sun/java2d/marlin/ArrayCacheConst getNewSize (II)I 0 0 1 0 -1
ciMethodData sun/java2d/marlin/FloatMath min (II)I 2 8423 orig 80 0 0 0 0 0 0 0 0 0 0 0 0 0 0 0 0 0 0 0 0 0 0 0 0 0 0 0 0 0 0 0 0 0 0 0 0 0 0 0 0 0 0 0 0 0 0 0 0 0 0 0 0 0 0 0 0 0 0 0 0 0 0 0 0 0 0 0 0 0 0 0 0 0 0 0 0 0 0 0 0 data 12 0x20007 0xd06 0x38 0x13e1 0x60003 0x13e1 0x18 0x0 0x9 0x2 0x0 0x0 oops 0 methods 0
ciMethodData sun/java2d/marlin/FloatMath max (II)I 2 5890 orig 80 0 0 0 0 0 0 0 0 0 0 0 0 0 0 0 0 0 0 0 0 0 0 0 0 0 0 0 0 0 0 0 0 0 0 0 0 0 0 0 0 0 0 0 0 0 0 0 0 0 0 0 0 0 0 0 0 0 0 0 0 0 0 0 0 0 0 0 0 0 0 0 0 0 0 0 0 0 0 0 0 data 12 0x20007 0x542 0x38 0x11c0 0x60003 0x11c0 0x18 0x0 0x9 0x2 0x0 0x0 oops 0 methods 0
ciMethodData sun/java2d/marlin/Renderer copyAARow ([IIIIZ)V 2 1200 orig 80 0 0 0 0 0 0 0 0 0 0 0 0 0 0 0 0 0 0 0 0 0 0 0 0 0 0 0 0 0 0 0 0 0 0 0 0 0 0 0 0 0 0 0 0 0 0 0 0 0 0 0 0 0 0 0 0 0 0 0 0 0 0 0 0 0 0 0 0 0 0 0 0 0 0 0 0 0 0 0 0 data 57 0x20007 0xba 0xc8 0x3f6 0x80007 0x3f6 0x58 0x0 0x160005 0x0 0x0 0x0 0x0 0x0 0x0 0x260005 0x3f6 0x0 0x0 0x0 0x0 0x0 0x290003 0x3f6 0xa8 0x2f0007 0xba 0x58 0x0 0x3d0005 0x0 0x0 0x0 0x0 0x0 0x0 0x490005 0xba 0x0 0x0 0x0 0x0 0x0 0x0 0x0 0x0 0x0 0x0 0x0 0x9 0x6 0x0 0x0 0x0 0x0 0x0 0x0 oops 0 methods 0
ciMethodData sun/java2d/marlin/Renderer _endRendering (II)V 1 4 orig 80 0 0 0 0 0 0 0 0 0 0 0 0 0 0 0 0 0 0 0 0 0 0 0 0 0 0 0 0 0 0 0 0 0 0 0 0 0 0 0 0 0 0 0 0 0 0 0 0 0 0 0 0 0 0 0 0 0 0 0 0 0 0 0 0 0 0 0 0 0 0 0 0 0 0 0 0 0 0 0 0 data 872 0x30007 0x4 0x20 0x0 0x160007 0x4 0x38 0x0 0x1a0003 0x0 0x18 0xe40007 0x0 0x58 0x4 0xeb0007 0x0 0x38 0x4 0xef0003 0x4 0x18 0x1130007 0x3 0x16b8 0x1c7 0x1230007 0x1a1 0x5e0 0x26 0x1290007 0x26 0x58 0x0 0x1380005 0x0 0x0 0x0 0x0 0x0 0x0 0x13f0007 0x3 0xb0 0x23 0x1530007 0x23 0x90 0x70 0x1650005 0x70 0x0 0x0 0x0 0x0 0x0 0x16a0007 0x56 0x20 0x1a 0x17a0003 0x70 0xffffffffffffff88 0x18c0007 0x1 0x4b8 0x25 0x1920007 0x25 0xb0 0x0 0x1a10005 0x0 0x0 0x0 0x0 0x0 0x0 0x1a80007 0x0 0x58 0x0 0x1b70005 0x0 0x0 0x0 0x0 0x0 0x0 0x1c50007 0x25 0x188 0x0 0x1cb0007 0x0 0x58 0x0 0x1da0005 0x0 0x0 0x0 0x0 0x0 0x0 0x1e80005 0x0 0x0 0x0 0x0 0x0 0x0 0x1fc0005 0x0 0x0 0x0 0x0 0x0 0x0 0x2030007 0x0 0x58 0x0 0x2120005 0x0 0x0 0x0 0x0 0x0 0x0 0x21e0002 0x0 0x2210005 0x0 0x0 0x0 0x0 0x0 0x0 0x23c0007 0x25 0x70 0x5a 0x24e0005 0x5a 0x0 0x0 0x0 0x0 0x0 0x2560003 0x5a 0xffffffffffffffa8 0x25d0007 0x25 0x1b0 0x0 0x2660005 0x0 0x0 0x0 0x0 0x0 0x0 0x26d0007 0x0 0x58 0x0 0x27c0005 0x0 0x0 0x0 0x0 0x0 0x0 0x2860005 0x0 0x0 0x0 0x0 0x0 0x0 0x2950005 0x0 0x0 0x0 0x0 0x0 0x0 0x29c0007 0x0 0x58 0x0 0x2ab0005 0x0 0x0 0x0 0x0 0x0 0x0 0x2b50005 0x0 0x0 0x0 0x0 0x0 0x0 0x2c60007 0x25 0x40 0x0 0x2cd0007 0x0 0x20 0x0 0x2d60007 0x0 0xed8 0x1c7 0x2dd0007 0x1c7 0x60 0x0 0x2e40007 0x0 0x510 0x0 0x2ec0007 0x0 0x4f0 0x0 0x2f20007 0x1c7 0x90 0x0 0x3010005 0x0 0x0 0x0 0x0 0x0 0x0 0x3100005 0x0 0x0 0x0 0x0 0x0 0x0 0x3170007 0x1c7 0x38 0x0 0x31b0003 0x0 0x18 0x32c0007 0x1c7 0xa20 0x5e2 0x3420005 0x5e2 0x0 0x0 0x0 0x0 0x0 0x3540005 0x5e2 0x0 0x0 0x0 0x0 0x0 0x3610005 0x5e2 0x0 0x0 0x0 0x0 0x0 0x36b0005 0x5e2 0x0 0x0 0x0 0x0 0x0 0x3800005 0x5e2 0x0 0x0 0x0 0x0 0x0 0x38f0005 0x5e2 0x0 0x0 0x0 0x0 0x0 0x3950007 0x5e2 0x58 0x0 0x3a40005 0x0 0x0 0x0 0x0 0x0 0x0 0x3ab0007 0x5b7 0x228 0x2b 0x3b10007 0x2b 0x58 0x0 0x3c00005 0x0 0x0 0x0 0x0 0x0 0x0 0x3c50007 0x2b 0x140 0x0 0x3cc0007 0x0 0x120 0x0 0x3d20007 0x0 0x58 0x0 0x3e10005 0x0 0x0 0x0 0x0 0x0 0x0 0x3fd0007 0x0 0x38 0x0 0x4060003 0x0 0x18 0x4130007 0x0 0xffffffffffffffc8 0x0 0x4200007 0x0 0x38 0x0 0x43e0003 0x0 0xffffffffffffffe0 0x44f0003 0x0 0x88 0x4710007 0x11 0x58 0x32 0x47b0007 0x1a 0x38 0x18 0x4960003 0x18 0xffffffffffffffc0 0x4ab0003 0x2b 0x18 0x4bb0003 0x5e2 0xfffffffffffffc10 0x4c10007 0x0 0x100 0x0 0x4d00005 0x0 0x0 0x0 0x0 0x0 0x0 0x4e60005 0x0 0x0 0x0 0x0 0x0 0x0 0x4f50005 0x0 0x0 0x0 0x0 0x0 0x0 0x5040005 0x0 0x0 0x0 0x0 0x0 0x0 0x50c0007 0x0 0x38 0x0 0x5100003 0x0 0x18 0x5190007 0x0 0x78 0x0 0x51e0007 0x0 0x40 0x0 0x5260007 0x0 0x38 0x0 0x52a0003 0x0 0x18 0x5330007 0x0 0xb0 0x0 0x5380007 0x0 0x90 0x0 0x5470007 0x0 0x38 0x0 0x54c0003 0x0 0x18 0x5510005 0x0 0x0 0x0 0x0 0x0 0x0 0x55f0007 0x0 0x3a8 0x0 0x5750005 0x0 0x0 0x0 0x0 0x0 0x0 0x5870005 0x0 0x0 0x0 0x0 0x0 0x0 0x5940005 0x0 0x0 0x0 0x0 0x0 0x0 0x59e0005 0x0 0x0 0x0 0x0 0x0 0x0 0x5b30005 0x0 0x0 0x0 0x0 0x0 0x0 0x5c20005 0x0 0x0 0x0 0x0 0x0 0x0 0x5c80007 0x0 0x58 0x0 0x5d70005 0x0 0x0 0x0 0x0 0x0 0x0 0x5dc0007 0x0 0x70 0x0 0x5e10007 0x0 0x38 0x0 0x5eb0003 0x0 0x188 0x5fc0003 0x0 0x170 0x6030007 0x0 0x70 0x0 0x6080007 0x0 0x38 0x0 0x6190003 0x0 0x118 0x6230003 0x0 0x100 0x62a0007 0x0 0xe8 0x0 0x6300007 0x0 0x58 0x0 0x63f0005 0x0 0x0 0x0 0x0 0x0 0x0 0x6610007 0x0 0x58 0x0 0x66b0007 0x0 0x38 0x0 0x6860003 0x0 0xffffffffffffffc0 0x69b0003 0x0 0x18 0x6b20003 0x0 0xfffffffffffffc70 0x6c70002 0x0 0x6dd0007 0x143 0x20 0x84 0x6f30007 0x143 0x20 0x84 0x70d0007 0x1c7 0x180 0x0 0x71b0007 0x0 0x310 0x0 0x7390007 0x0 0x128 0x0 0x73f0007 0x0 0x38 0x0 0x7440003 0x0 0x18 0x74e0007 0x0 0x38 0x0 0x7550003 0x0 0x18 0x7640007 0x0 0x98 0x0 0x7870007 0x0 0x58 0x0 0x7a90007 0x0 0x58 0x0 0x7b50003 0x0 0x38 0x8010007 0x0 0x20 0x0 0x8240003 0x0 0xfffffffffffffeb8 0x8360007 0x2dd 0x58 0x305 0x83d0007 0x1ef 0x140 0x116 0x8440003 0x116 0x120 0x84a0007 0x16c 0x38 0x171 0x84f0003 0x171 0x18 0x8590007 0x132 0x38 0x1ab 0x8600003 0x1ab 0x18 0x86f0007 0x0 0x98 0x2dd 0x8920007 0x1e5 0x58 0xf8 0x8b40007 0x0 0x58 0xf8 0x8c00003 0xf8 0x38 0x90c0007 0x10 0x20 0x1d5 0x9290007 0x41b 0x38 0x1c7 0x92c0003 0x1c7 0x30 0x9490003 0x41b 0xfffffffffffffe68 0x9530007 0x18f 0x1c8 0x38 0x9600002 0x38 0x96c0002 0x38 0x9780007 0x0 0x150 0x38 0x9880005 0x38 0x0 0x0 0x0 0x0 0x0 0x98d0007 0x0 0x130 0x38 0x99b0007 0x0 0x58 0x38 0x9aa0007 0x0 0x38 0x38 0x9ae0003 0x38 0x18 0x9b70007 0x38 0xb8 0x0 0x9c20002 0x0 0x9d60005 0x0 0x0 0x0 0x0 0x0 0x0 0x9d90003 0x0 0x50 0x9e00005 0x0 0x0 0x0 0x0 0x0 0x0 0x9f10003 0x1c7 0xffffffffffffe960 0xa010002 0x3 0xa0d0002 0x3 0xa190007 0x1 0x70 0x2 0xa290005 0x2 0x0 0x0 0x0 0x0 0x0 0xa2c0003 0x2 0x70 0xa330007 0x1 0x58 0x0 0xa3a0005 0x0 0x0 0x0 0x0 0x0 0x0 0xa4c0007 0x3 0x20 0x0 0x0 0x0 0x0 0x0 0x0 0x0 0x0 0x0 0x0 0x0 0x0 0x0 0x0 0x0 0x0 0x0 0x0 0x0 0x0 0x0 0x0 0x0 0x0 0x0 0x0 0x0 0x0 0x0 0x0 0x0 0x0 0x0 0x0 0x0 0x0 0x0 0x0 0x0 0x0 0x0 0x0 0x0 0x0 0x0 0x0 0x0 0x0 0x0 0x0 0x0 0x0 0x0 0x0 0x0 0x0 0x0 0x0 0x0 0x0 0x0 0x0 0x0 0x0 0x0 0x0 0x0 0x0 0x0 0x0 0x0 0x0 0x0 0x0 0x0 0x0 0x0 0x0 0x0 0x0 0x0 0x0 0x0 0x0 0x0 0x0 0x9 0x3 0x0 0x0 0x0 oops 0 methods 0
ciMethodData sun/java2d/marlin/ArrayCacheInt$Reference widenArray ([III)[I 1 0 orig 80 0 0 0 0 0 0 0 0 0 0 0 0 48 1 0 0 0 0 0 0 0 0 0 0 0 0 0 0 0 0 0 0 0 0 0 0 0 0 0 0 0 0 0 0 0 0 0 0 0 0 0 0 0 0 0 0 0 0 0 0 0 0 0 0 0 0 0 0 0 0 0 0 0 0 0 0 0 0 0 0 data 52 0x70007 0x0 0x40 0x0 0xd0007 0x0 0x20 0x0 0x150007 0x0 0x20 0x0 0x2b0002 0x0 0x2e0005 0x0 0x0 0x0 0x0 0x0 0x0 0x390002 0x0 0x400005 0x0 0x0 0x0 0x0 0x0 0x0 0x470007 0x0 0x50 0x0 0x51000a 0x0 0x1 0x0 0x560002 0x0 0x0 0x0 0x0 0x0 0x0 0x0 0x9 0x4 0x0 0x0 0x0 0x0 oops 0 methods 0
ciMethodData sun/java2d/marlin/ArrayCacheInt$Reference putArray ([I)[I 1 0 orig 80 0 0 0 0 0 0 0 0 0 0 0 0 48 1 0 0 0 0 0 0 0 0 0 0 0 0 0 0 0 0 0 0 0 0 0 0 0 0 0 0 0 0 0 0 0 0 0 0 0 0 0 0 0 0 0 0 0 0 0 0 0 0 0 0 0 0 0 0 0 0 0 0 0 0 0 0 0 0 0 0 data 17 0x50005 0x0 0x0 0x0 0x0 0x0 0x0 0x0 0x0 0x0 0x0 0x0 0x0 0x9 0x2 0x0 0x0 oops 0 methods 0
ciMethodData sun/java2d/marlin/ArrayCacheInt$Reference putArray ([III)[I 1 0 orig 80 0 0 0 0 0 0 0 0 0 0 0 0 48 1 0 0 0 0 0 0 0 0 0 0 0 0 0 0 0 0 0 0 0 0 0 0 0 0 0 0 0 0 0 0 0 0 0 0 0 0 0 0 0 0 0 0 0 0 0 0 0 0 0 0 0 0 0 0 0 0 0 0 0 0 0 0 0 0 0 0 data 34 0x50007 0x0 0xb0 0x0 0xd0007 0x0 0x90 0x0 0x160005 0x0 0x0 0x0 0x0 0x0 0x0 0x1a0005 0x0 0x0 0x0 0x0 0x0 0x0 0x0 0x0 0x0 0x0 0x0 0x0 0x9 0x4 0x0 0x0 0x0 0x0 oops 0 methods 0
ciMethodData sun/java2d/marlin/ArrayCacheConst getNewSize (II)I 1 0 orig 80 0 0 0 0 0 0 0 0 0 0 0 0 48 1 0 0 0 0 0 0 0 0 0 0 0 0 0 0 0 0 0 0 0 0 0 0 0 0 0 0 0 0 0 0 0 0 0 0 0 0 0 0 0 0 0 0 0 0 0 0 0 0 0 0 0 0 0 0 0 0 0 0 0 0 0 0 0 0 0 0 data 39 0x10007 0x0 0x30 0x0 0xa0002 0x0 0x110007 0x0 0x50 0x0 0x150007 0x0 0x30 0x0 0x1c0002 0x0 0x260007 0x0 0x38 0x0 0x2f0003 0x0 0x18 0x380007 0x0 0x20 0x0 0x460007 0x0 0x20 0x0 0x0 0x0 0x0 0x0 0x9 0x2 0x0 0x0 oops 0 methods 0
ciMethodData sun/java2d/marlin/ArrayCacheInt$Reference getArray (I)[I 1 0 orig 80 0 0 0 0 0 0 0 0 0 0 0 0 48 1 0 0 0 0 0 0 0 0 0 0 0 0 0 0 0 0 0 0 0 0 0 0 0 0 0 0 0 0 0 0 0 0 0 0 0 0 0 0 0 0 0 0 0 0 0 0 0 0 0 0 0 0 0 0 0 0 0 0 0 0 0 0 0 0 0 0 data 44 0x40007 0x0 0x90 0x0 0xc0005 0x0 0x0 0x0 0x0 0x0 0x0 0xf0005 0x0 0x0 0x0 0x0 0x0 0x0 0x160007 0x0 0x20 0x0 0x2c0007 0x0 0x50 0x0 0x30000a 0x0 0x1 0x0 0x350002 0x0 0x390002 0x0 0x0 0x0 0x0 0x0 0x0 0x0 0x9 0x2 0x0 0x0 oops 0 methods 0
ciMethodData sun/java2d/marlin/MergeSort mergeSortNoCopy ([I[I[I[IIIZLsun/java2d/marlin/DPQSSorterContext;Z)V 1 0 orig 80 0 0 0 0 0 0 0 0 0 0 0 0 48 1 0 0 0 0 0 0 0 0 0 0 0 0 0 0 0 0 0 0 0 0 0 0 0 0 0 0 0 0 0 0 0 0 0 0 0 0 0 0 0 0 0 0 0 0 0 0 0 0 0 0 0 0 0 0 0 0 0 0 0 0 0 0 0 0 0 0 data 88 0x40007 0x0 0x80 0x0 0xb0007 0x0 0x60 0x0 0x120007 0x0 0x40 0x0 0x190007 0x0 0x50 0x0 0x22000a 0x0 0x1 0x0 0x270002 0x0 0x2d0007 0x0 0x78 0x0 0x320007 0x0 0x48 0x0 0x3e0002 0x0 0x410003 0x0 0x28 0x4d0002 0x0 0x530007 0x0 0x48 0x0 0x600002 0x0 0x630003 0x0 0x28 0x700002 0x0 0x810007 0x0 0xb0 0x0 0x880007 0x0 0x60 0x0 0x8f0007 0x0 0x58 0x0 0x9a0007 0x0 0x38 0x0 0xb00003 0x0 0x18 0xc90003 0x0 0xffffffffffffff68 0x0 0x0 0x0 0x0 0x0 0x0 0x0 0x9 0x9 0x0 0x0 0x0 0x0 0x0 0x0 0x0 0x0 0x0 oops 0 methods 0
ciMethodData sun/java2d/marlin/MarlinCache clearAARow (I)V 1 0 orig 80 0 0 0 0 0 0 0 0 0 0 0 0 48 1 0 0 0 0 0 0 0 0 0 0 0 0 0 0 0 0 0 0 0 0 0 0 0 0 0 0 0 0 0 0 0 0 0 0 0 0 0 0 0 0 0 0 0 0 0 0 0 0 0 0 0 0 0 0 0 0 0 0 0 0 0 0 0 0 0 0 data 8 0x0 0x0 0x0 0x0 0x9 0x2 0x0 0x0 oops 0 methods 0
compile sun/java2d/marlin/Renderer _endRendering (II)V 2093 3
